,tweet_id,sentiment,content,processed_corpus
4,1956968416,neutral,"@dannycastillo We want to trade with someone who has Houston tickets, but no one will.","['dannycastillo', 'want', 'trade', 'someone', 'Houston', 'ticket', 'one']"
10,1956969456,neutral,cant fall asleep,"['cant', 'fall', 'asleep']"
22,1956972116,neutral,No Topic Maps talks at the Balisage Markup Conference 2009   Program online at http://tr.im/mL6Z (via @bobdc) #topicmaps,"['Topic', 'Maps', 'talk', 'Balisage', 'Markup', 'Conference', '2009', 'Program', 'online', 'http', '//tr.im/mL6Z', 'via', 'bobdc', 'topicmaps']"
31,1956975441,neutral,@cynthia_123 i cant sleep,"['cynthia_123', 'cant', 'sleep']"
32,1956975860,neutral,I missed the bl***y bus!!!!!!!!,"['missed', 'bl', 'bus']"
33,1956975876,neutral,feels strong contractions but wants to go out.  http://plurk.com/p/wxidk,"['feel', 'strong', 'contraction', 'want', 'go', 'http', '//plurk.com/p/wxidk']"
34,1956975927,neutral,SoCal!  stoked. or maybe not.. tomorrow,"['SoCal', 'stoked', 'maybe', '..', 'tomorrow']"
35,1956976187,neutral,Screw you @davidbrussee! I only have 3 weeks...,"['Screw', 'davidbrussee', 'week', '...']"
38,1956976557,neutral,has work this afternoon,"['work', 'afternoon']"
39,1956976681,neutral,@GABBYiSACTiVE Aw you would not unfollow me would you? Then I would cry,"['GABBYiSACTiVE', 'Aw', 'would', 'unfollow', 'would', 'would', 'cry']"
48,1956979437,neutral,"@jakeboyd, oh noooo!  if i blow a tire you're reaaaally going to have to send up some batman smoke.","['jakeboyd', 'oh', 'noooo', 'blow', 'tire', ""'re"", 'reaaaally', 'going', 'send', 'batman', 'smoke']"
49,1956979756,neutral,wnna take a bath!!!!,"['wnna', 'take', 'bath']"
50,1956979894,neutral,Chocolate milk is so much better through a straw. I lack said straw,"['Chocolate', 'milk', 'much', 'better', 'straw', 'lack', 'said', 'straw']"
53,1956980788,neutral,"@Mennard time diff and i've just been wrapped up in day to day stuff so i havent been tweeting. talk soon,must sleep...up in 6hrs","['Mennard', 'time', 'diff', ""'ve"", 'wrapped', 'day', 'day', 'stuff', 'havent', 'tweeting', 'talk', 'soon', 'must', 'sleep', '...', '6hrs']"
54,1956980883,neutral,@benballer  no way! damn that sucks B!  are you ok?,"['benballer', 'way', 'damn', 'suck', 'B', 'ok']"
57,1956981850,neutral,@ramtops the recession. her hotel are restructuring how the accounts are done. adds a bit more pressure in the short term but we'll cope,"['ramtops', 'recession', 'hotel', 'restructuring', 'account', 'done', 'add', 'bit', 'pressure', 'short', 'term', ""'ll"", 'cope']"
58,1956982075,neutral,@lostluna But I got dibs on Sulu...,"['lostluna', 'got', 'dibs', 'Sulu', '...']"
65,1956983467,neutral,At home alone with not much to do,"['home', 'alone', 'much']"
70,1956983931,neutral,I cant give @jertronic any bday nudges.,"['cant', 'give', 'jertronic', 'bday', 'nudge']"
72,1956984205,neutral,Brothers Bloom won't be opening this weekend in El Paso.  I'll just buy Brick and enjoy that until I can watch Brothers Bloom.,"['Brothers', 'Bloom', 'wo', ""n't"", 'opening', 'weekend', 'El', 'Paso', ""'ll"", 'buy', 'Brick', 'enjoy', 'watch', 'Brothers', 'Bloom']"
73,1956984559,neutral,says I miss plurking.  http://plurk.com/p/wxion,"['say', 'miss', 'plurking', 'http', '//plurk.com/p/wxion']"
75,1956984894,neutral,I miss Voobys!,"['miss', 'Voobys']"
76,1956985129,neutral,@Dancing_Monk Neither are ELP!!,"['Dancing_Monk', 'Neither', 'ELP']"
81,1956985973,neutral,there was a mix up with my dentist appt this afternoon. so they rescheduled me for tomorrow @ 9am.,"['mix', 'dentist', 'appt', 'afternoon', 'rescheduled', 'tomorrow', '9am']"
90,1956988145,neutral,@lepetitagneau what's going on sweetheart?,"['lepetitagneau', ""'s"", 'going', 'sweetheart']"
91,1956988218,neutral,"How can it be so freaking difficult to get a system-wide spellchecker? Shit, I'd settle for an office suite one. Stupid unhelpful Windows","['freaking', 'difficult', 'get', 'system-wide', 'spellchecker', 'Shit', ""'d"", 'settle', 'office', 'suite', 'one', 'Stupid', 'unhelpful', 'Windows']"
93,1956988477,neutral,@willxxmobb work at 6am. Gotta go to bed soon,"['willxxmobb', 'work', '6am', 'Got', 'ta', 'go', 'bed', 'soon']"
98,1956989561,neutral,PrinceCharming,['PrinceCharming']
102,1956990413,neutral,Oh is that time for real?,"['Oh', 'time', 'real']"
111,1956992349,neutral,@justamedicine  That was stone cold   Crazy....  ?,"['justamedicine', 'stone', 'cold', 'Crazy', '....']"
113,1956993080,neutral,shift time  bbye biochem waaaaahhhhhh!! http://plurk.com/p/wxizo,"['shift', 'time', 'bbye', 'biochem', 'waaaaahhhhhh', 'http', '//plurk.com/p/wxizo']"
114,1956993206,neutral,@melbournegirl I'm sure some1 will cum out and play. I'm workin through til midnight.,"['melbournegirl', ""'m"", 'sure', 'some1', 'cum', 'play', ""'m"", 'workin', 'til', 'midnight']"
115,1956994067,neutral,@thecreativeone I second that. I wish it rained more where I am,"['thecreativeone', 'second', 'wish', 'rained']"
117,1956995505,neutral,damn it were is Eric or anyone else when you need your hair to be played with,"['damn', 'Eric', 'anyone', 'else', 'need', 'hair', 'played']"
118,1956995679,neutral,I'm feel deflated. Ugh. No more dog.,"[""'m"", 'feel', 'deflated', 'Ugh', 'dog']"
120,1956995852,neutral,Well it almost was a good day... Guess I just retry tomorrow,"['Well', 'almost', 'good', 'day', '...', 'Guess', 'retry', 'tomorrow']"
128,1956997143,neutral,@megturney well I ran out of beer so I left. Not sure about the ETA. Waiting waiting waiting. Bleh  Gonna be a long nite methinks.,"['megturney', 'well', 'ran', 'beer', 'left', 'sure', 'ETA', 'Waiting', 'waiting', 'waiting', 'Bleh', 'Gon', 'na', 'long', 'nite', 'methinks']"
130,1956997619,neutral,"claire @breakfastnt love the show, got into the office @ 5am and no radio","['claire', 'breakfastnt', 'love', 'show', 'got', 'office', '5am', 'radio']"
133,1956998538,neutral,What? I focused on Tom so much I didn't see my beloved Barack! Oh no! I must vote for both! Poor president only has 626 votes.,"['focused', 'Tom', 'much', ""n't"", 'see', 'beloved', 'Barack', 'Oh', 'must', 'vote', 'Poor', 'president', '626', 'vote']"
134,1956998698,neutral,@jwillock EpiCentre Wheelock Place - tourists only..,"['jwillock', 'EpiCentre', 'Wheelock', 'Place', 'tourist', '..']"
137,1957000077,neutral,miss 16'th,"['miss', ""16'th""]"
138,1957000152,neutral,"@TheHarvardian I know. But like I said, I have no idea how long it takes for them to investigate this stuff.","['TheHarvardian', 'know', 'like', 'said', 'idea', 'long', 'take', 'investigate', 'stuff']"
140,1957000314,neutral,@LaFloozita http://twitpic.com/4phze - Awe! I miss my baby,"['LaFloozita', 'http', '//twitpic.com/4phze', 'Awe', 'miss', 'baby']"
142,1957000372,neutral,what is it with chocolates? i just can never say no,"['chocolate', 'never', 'say']"
144,1957001049,neutral,@ether_radio i'm too awake now  ill have a nap this afternoon,"['ether_radio', ""'m"", 'awake', 'ill', 'nap', 'afternoon']"
146,1957001496,neutral,still needs another 6 hours of sleep,"['still', 'need', 'another', 'hour', 'sleep']"
149,1957001967,neutral,"Morning tweeple,way to early again","['Morning', 'tweeple', 'way', 'early']"
156,1957003715,neutral,"where are all ma bestfriends at ? , MIA or wat ?","['bestfriends', 'MIA', 'wat']"
169,1957006074,neutral,fun in the sun hmmm hell no it's cold,"['fun', 'sun', 'hmmm', 'hell', ""'s"", 'cold']"
175,1957006725,neutral,@juneyee i don't think so.  I WANT DETAILS.,"['juneyee', ""n't"", 'think', 'WANT', 'DETAILS']"
176,1957006830,neutral,@jackgraycnn Hi...!!! Who is Mary Poppins???,"['jackgraycnn', 'Hi', '...', 'Mary', 'Poppins']"
178,1957007167,neutral,my last tweet didn't send  bad phone,"['last', 'tweet', ""n't"", 'send', 'bad', 'phone']"
181,1957007394,neutral,@taxidermi  I was watching Parental Control,"['taxidermi', 'watching', 'Parental', 'Control']"
205,1957013149,neutral,@rlcpbiatch happy birthdayyy! hope you have an awesome day. didn't see you at next last night!,"['rlcpbiatch', 'happy', 'birthdayyy', 'hope', 'awesome', 'day', ""n't"", 'see', 'next', 'last', 'night']"
207,1957013488,neutral,@aiderushton ill be over in an oir,"['aiderushton', 'ill', 'oir']"
208,1957013697,neutral,@only1kcj guess its a no go girlie. I'm still at the gym and work at 6:30am,"['only1kcj', 'guess', 'go', 'girlie', ""'m"", 'still', 'gym', 'work', '6:30am']"
217,1957014517,neutral,@juiceegapeach A hungry fool. Ill probably never see that Krispy Kreme again. Had to enjoy it. They closing down,"['juiceegapeach', 'hungry', 'fool', 'Ill', 'probably', 'never', 'see', 'Krispy', 'Kreme', 'enjoy', 'closing']"
218,1957014653,neutral,@yelgiuQnayR airport? and you didnt show up tonight homo!,"['yelgiuQnayR', 'airport', 'didnt', 'show', 'tonight', 'homo']"
220,1957015287,neutral,@MrRathbone what about me,['MrRathbone']
221,1957015475,neutral,"Looking for desktop twitter app that will actually let you access URLs, any suggestions? I liked Twittle but no linking","['Looking', 'desktop', 'twitter', 'app', 'actually', 'let', 'access', 'URLs', 'suggestion', 'liked', 'Twittle', 'linking']"
224,1957016169,neutral,out with @lizzziemonster &amp; @jamiejamess i am soooo hungry,"['lizzziemonster', 'amp', 'jamiejamess', 'soooo', 'hungry']"
231,1957017333,neutral,back from school. Ms Suhana's last day as our FT  OCU was okay. I'm playing ALTNOY over and over again.,"['back', 'school', 'Ms', 'Suhana', ""'s"", 'last', 'day', 'FT', 'OCU', 'okay', ""'m"", 'playing', 'ALTNOY']"
232,1957017486,neutral,@ poll : was trying to get it to work in a powerpoint to no avail.,"['poll', 'trying', 'get', 'work', 'powerpoint', 'avail']"
235,1957017610,neutral,"@livestrongnj yeah, it's terrible  cockatoos are the hardest to live with, so emotional. good thing he found you, though!!","['livestrongnj', 'yeah', ""'s"", 'terrible', 'cockatoo', 'hardest', 'live', 'emotional', 'good', 'thing', 'found', 'though']"
240,1957019121,neutral,"@Nymo would have been better, IMO, if it let you play through all 3 songs provided. I just start to &quot;get it&quot; and it blacks out.","['Nymo', 'would', 'better', 'IMO', 'let', 'play', 'song', 'provided', 'start', 'quot', 'get', 'quot', 'black']"
241,1957019458,neutral,#3wordsaftersex it never started...,"['3wordsaftersex', 'never', 'started', '...']"
248,1957020593,neutral,"With friends like VaikO,Nedumaran, LTTE didn't need enemies. Wrong advice at wrong time led to numerous deaths &amp; a lost cause as well","['friend', 'like', 'VaikO', 'Nedumaran', 'LTTE', ""n't"", 'need', 'enemy', 'Wrong', 'advice', 'wrong', 'time', 'led', 'numerous', 'death', 'amp', 'lost', 'cause', 'well']"
251,1957020861,neutral,"I looove guitars, and playing them. I think they sound magnificent. If only i was better... If only","['looove', 'guitar', 'playing', 'think', 'sound', 'magnificent', 'better', '...']"
253,1957021224,neutral,@mysticnz no im not  cries LOL,"['mysticnz', 'im', 'cry', 'LOL']"
257,1957021631,neutral,Come on Knight... It's been well over 4 hours,"['Come', 'Knight', '...', ""'s"", 'well', 'hour']"
264,1957023842,neutral,twittascope is NOT rocking my socks - go away already!!,"['twittascope', 'rocking', 'sock', 'go', 'away', 'already']"
265,1957023917,neutral,Driving Back home because I forgot the piece of cake for @v_era,"['Driving', 'Back', 'home', 'forgot', 'piece', 'cake', 'v_era']"
271,1957027687,neutral,@koifusionpdx i was so close to the tacos...one spot too late,"['koifusionpdx', 'close', 'taco', '...', 'one', 'spot', 'late']"
279,1957029899,neutral,@jennyvokals girl a blunt is soooooooo in my thoughts right now. I had an absolutly GREAT day with a few stressors...come home,"['jennyvokals', 'girl', 'blunt', 'soooooooo', 'thought', 'right', 'absolutly', 'GREAT', 'day', 'stressor', '...', 'come', 'home']"
282,1957030596,neutral,@passingcarss i wont have time to buy  and i need a new binder pa,"['passingcarss', 'wont', 'time', 'buy', 'need', 'new', 'binder', 'pa']"
284,1957030793,neutral,25-man Ulduar is hard...,"['25-man', 'Ulduar', 'hard', '...']"
287,1957032014,neutral,night night twitter world. [still cant believe the thomas thing  tomorrow's gunna be FUN/SAD],"['night', 'night', 'twitter', 'world', 'still', 'cant', 'believe', 'thomas', 'thing', 'tomorrow', ""'s"", 'gunna', 'FUN/SAD']"
288,1957032051,neutral,@princess_oats this is happening to me too,"['princess_oats', 'happening']"
290,1957032127,neutral,"@oxygen8705 bored now because i was talking to someone but now they're busy with something else  just kinda a bummer, idk","['oxygen8705', 'bored', 'talking', 'someone', ""'re"", 'busy', 'something', 'else', 'kinda', 'bummer', 'idk']"
295,1957033219,neutral,ugh.. my dad just told me to read an article about Kavya Shivashankar the spellin bee girl..and be more like her.,"['ugh', '..', 'dad', 'told', 'read', 'article', 'Kavya', 'Shivashankar', 'spellin', 'bee', 'girl', '..', 'like']"
298,1957033815,neutral,@ThaBillCollecta  YEA     I GOTTA BE UP AT 7:30,"['ThaBillCollecta', 'YEA', 'GOT', 'TA', '7:30']"
303,1957034434,neutral,"Not one sale done today at work. Explored balconies in the big theater w coworkers. A fun day, but void of chili fries and tips","['one', 'sale', 'done', 'today', 'work', 'Explored', 'balcony', 'big', 'theater', 'w', 'coworkers', 'fun', 'day', 'void', 'chili', 'fry', 'tip']"
305,1957034940,neutral,@sillybabyjulie me too,['sillybabyjulie']
306,1957034983,neutral,@digenis that story reminds of living in Portugal,"['digenis', 'story', 'reminds', 'living', 'Portugal']"
307,1957035419,neutral,"@jhicks  youre diabetic?   so is my dad.  &amp; i might be too, not sure.  are you still allowed to eat sugar throughout the day?","['jhicks', 'youre', 'diabetic', 'dad', 'amp', 'might', 'sure', 'still', 'allowed', 'eat', 'sugar', 'throughout', 'day']"
310,1957036183,neutral,@SuperFiasco  I'll make him nachos tomorrow. Better than if he would have made them himself.,"['SuperFiasco', ""'ll"", 'make', 'nacho', 'tomorrow', 'Better', 'would', 'made']"
311,1957037405,neutral,@MyDailyRoutine yeahhh. &amp;dont judge my pillow,"['MyDailyRoutine', 'yeahhh', 'amp', 'dont', 'judge', 'pillow']"
322,1957039841,neutral,"@Giggles_xo  wicked , what time you leaving? how come you cant stay the night","['Giggles_xo', 'wicked', 'time', 'leaving', 'come', 'cant', 'stay', 'night']"
330,1957041648,neutral,@the_babsi there's a manual process... but it's taking 4ever on my outlook database... pffff. crappy msft product,"['the_babsi', ""'s"", 'manual', 'process', '...', ""'s"", 'taking', '4ever', 'outlook', 'database', '...', 'pffff', 'crappy', 'msft', 'product']"
341,1957042799,neutral,OH NEVERMIND I THINK THIS THING IS UNSALVAGEABLE,"['OH', 'NEVERMIND', 'THINK', 'THING', 'UNSALVAGEABLE']"
342,1957042862,neutral,"lyin in bed, up faaaaar too early","['lyin', 'bed', 'faaaaar', 'early']"
348,1957044783,neutral,When will Medhurst play again?,"['Medhurst', 'play']"
352,1957045641,neutral,@duncm I'm a bit Ben's Thai-ed out,"['duncm', ""'m"", 'bit', 'Ben', ""'s"", 'Thai-ed']"
355,1957046053,neutral,@dmoneymania  I'm sorry. Excited for tomorrow night? Karaoke!! Getting anything special for bday?,"['dmoneymania', ""'m"", 'sorry', 'Excited', 'tomorrow', 'night', 'Karaoke', 'Getting', 'anything', 'special', 'bday']"
358,1957046815,neutral,in 7-11  w/o you,"['7-11', 'w/o']"
359,1957047408,neutral,"@becjee Yeah, plus it's just a little too far to walk to Pinocchio's for sushi","['becjee', 'Yeah', 'plus', ""'s"", 'little', 'far', 'walk', 'Pinocchio', ""'s"", 'sushi']"
373,1957052167,neutral,@brettyrocks thats what i was thinking but the only time it's gonna be on is 1 am!,"['brettyrocks', 'thats', 'thinking', 'time', ""'s"", 'gon', 'na']"
374,1957052211,neutral,"Peeps still here. Fun times. Gotta sleep tho. Work in the A.M. Some cool, hot chicks here. But none as cool as ____________. Missing her","['Peeps', 'still', 'Fun', 'time', 'Got', 'ta', 'sleep', 'tho', 'Work', 'A.M', 'cool', 'hot', 'chick', 'none', 'cool', '____________', 'Missing']"
378,1957053247,neutral,Counting the hours of lost sunshine until the Weekend,"['Counting', 'hour', 'lost', 'sunshine', 'Weekend']"
383,1957055396,neutral,good morning work this morning gutted lol nevermind,"['good', 'morning', 'work', 'morning', 'gutted', 'lol', 'nevermind']"
387,1957056041,neutral,@Deedubau hahaha I don't know anyone or anything about it except they have powers lol... I live in my own bubble,"['Deedubau', 'hahaha', ""n't"", 'know', 'anyone', 'anything', 'except', 'power', 'lol', '...', 'live', 'bubble']"
391,1957057586,neutral,"love is like a war,,easy to begin, hard to end..fiuuhh...","['love', 'like', 'war', ',easy', 'begin', 'hard', 'end', '..', 'fiuuhh', '...']"
398,1957059671,neutral,Ready To Go @ School,"['Ready', 'Go', 'School']"
400,1957060283,neutral,@Richard_Gable It's good isn't it! Our holiday chalet is out of sight but look v similar to those ones. Going home again today,"['Richard_Gable', ""'s"", 'good', ""n't"", 'holiday', 'chalet', 'sight', 'look', 'v', 'similar', 'one', 'Going', 'home', 'today']"
420,1957065963,neutral,@nayRyelgiuQ airport? and you didnt show up tonight homo!,"['nayRyelgiuQ', 'airport', 'didnt', 'show', 'tonight', 'homo']"
423,1957067386,neutral,@avalonabsinthe what?! Come as you are!!! But erock just left  bah D:,"['avalonabsinthe', 'Come', 'erock', 'left', 'bah']"
427,1957068585,neutral,for the gays i only made 200 tonight,"['gay', 'made', '200', 'tonight']"
431,1957070484,neutral,"@dravenreborn I bet its cool down in SR, huh? It's not here. I haven't stopped sweating since noon when dad and I were packing","['dravenreborn', 'bet', 'cool', 'SR', 'huh', ""'s"", ""n't"", 'stopped', 'sweating', 'since', 'noon', 'dad', 'packing']"
434,1957070871,neutral,decided 2 trans frm relaxed 2 natural hair but i wish my whole head looked like my roots.  Age of the instant gratification....,"['decided', 'trans', 'frm', 'relaxed', 'natural', 'hair', 'wish', 'whole', 'head', 'looked', 'like', 'root', 'Age', 'instant', 'gratification', '....']"
436,1957071583,neutral,needs to have an increase on her salary  http://plurk.com/p/wxluu,"['need', 'increase', 'salary', 'http', '//plurk.com/p/wxluu']"
449,1957074267,neutral,the week just wasnt the same without an adam lambert performance!!!,"['week', 'wasnt', 'without', 'adam', 'lambert', 'performance']"
450,1957074812,neutral,@rockingjude The link doesn't work,"['rockingjude', 'link', ""n't"", 'work']"
452,1957075035,neutral,"GOSSIP GIRL, WHEN ARE YOU COMING BACK  ! chaceeeeeee..","['GOSSIP', 'GIRL', 'COMING', 'BACK', 'chaceeeeeee', '..']"
453,1957075180,neutral,Smh @ hiphop nursery rhymes,"['Smh', 'hiphop', 'nursery', 'rhyme']"
464,1957077528,neutral,"@taylor_d No, it's not...","['taylor_d', ""'s"", '...']"
467,1957077934,neutral,@crunchmonkey78 well i just got home and its not on till tmw at 530p but with comcast its on right now  but i didnt miss it,"['crunchmonkey78', 'well', 'got', 'home', 'till', 'tmw', '530p', 'comcast', 'right', 'didnt', 'miss']"
479,1957080521,neutral,@mousebudden I'ma need you to follow me real quick cause I can't DM you,"['mousebudden', ""I'ma"", 'need', 'follow', 'real', 'quick', 'cause', 'ca', ""n't"", 'DM']"
489,1957082939,neutral,In the Hongkong International Airport. Has to wait for 3-4 hours for our next flight to Cebu.,"['Hongkong', 'International', 'Airport', 'wait', '3-4', 'hour', 'next', 'flight', 'Cebu']"
490,1957083056,neutral,Can't sleep and nothings on tv!!,"['Ca', ""n't"", 'sleep', 'nothing', 'tv']"
492,1957083230,neutral,@KallieT oh ... you've been superseeded?  not good enough,"['KallieT', 'oh', '...', ""'ve"", 'superseeded', 'good', 'enough']"
500,1957084552,neutral,@dorkydeanna IIII know!!! and mean,"['dorkydeanna', 'IIII', 'know', 'mean']"
503,1957084935,neutral,@BusyGod PGPM student from where? I myself was a PGPM student about 4 years back. I wish I could stay one,"['BusyGod', 'PGPM', 'student', 'PGPM', 'student', 'year', 'back', 'wish', 'could', 'stay', 'one']"
507,1957085406,neutral,back to work.. with no distractions..,"['back', 'work', '..', 'distraction', '..']"
509,1957086150,neutral,awwww  i never noticed this http://bit.ly/RConp,"['awwww', 'never', 'noticed', 'http', '//bit.ly/RConp']"
510,1957086168,neutral,"@heavyharts that sucks  well state starts tomorrow so im headin 2 bed, nitey nite","['heavyharts', 'suck', 'well', 'state', 'start', 'tomorrow', 'im', 'headin', 'bed', 'nitey', 'nite']"
512,1957086920,neutral,@mygoldmask did you guys keep a set list? I forgot to ask for one  xx,"['mygoldmask', 'guy', 'keep', 'set', 'list', 'forgot', 'ask', 'one', 'xx']"
513,1957087043,neutral,"First impression of Silverlight: sadly, based on what I saw today, it's quite problematic","['First', 'impression', 'Silverlight', 'sadly', 'based', 'saw', 'today', ""'s"", 'quite', 'problematic']"
517,1957088016,neutral,"the time you go to bed,  i have to get up to go to work","['time', 'go', 'bed', 'get', 'go', 'work']"
520,1957088340,neutral,"@miss_cheryl Lucky, now I want to teleport","['miss_cheryl', 'Lucky', 'want', 'teleport']"
534,1957091075,neutral,FC is finally up again. it's about time. i hate that this keeps happening,"['FC', 'finally', ""'s"", 'time', 'hate', 'keep', 'happening']"
535,1957091147,neutral,seriously bored without anyone to talk to... but not tired enough for sleep,"['seriously', 'bored', 'without', 'anyone', 'talk', '...', 'tired', 'enough', 'sleep']"
537,1957091357,neutral,@keytar still!! give your computer a break omg,"['keytar', 'still', 'give', 'computer', 'break', 'omg']"
539,1957091954,neutral,where u at?,['u']
545,1957093148,neutral,@Forever_Yours13 I'm not at home with my cats right now!,"['Forever_Yours13', ""'m"", 'home', 'cat', 'right']"
548,1957093807,neutral,Leno's last show was tonight.  I like him better than Conan.,"['Leno', ""'s"", 'last', 'show', 'tonight', 'like', 'better', 'Conan']"
550,1957093924,neutral,@monpio i don't have any of that,"['monpio', ""n't""]"
555,1957095604,neutral,@eCheers Random has an a,"['eCheers', 'Random']"
558,1957096447,neutral,@ddlovato july... too long,"['ddlovato', 'july', '...', 'long']"
561,1957097629,neutral,Wearing glasses gives me a headache.,"['Wearing', 'glass', 'give', 'headache']"
570,1957099757,neutral,"@shanajaca But @feltbeats is on page 6 at Ms Twitterworld, only 26 votes","['shanajaca', 'feltbeats', 'page', 'Ms', 'Twitterworld', '26', 'vote']"
573,1957100351,neutral,sleep....good night tweeties!!! down to OC tomorrow. I hope and pray that Rachyl gets better SOON!!!,"['sleep', '....', 'good', 'night', 'tweeties', 'OC', 'tomorrow', 'hope', 'pray', 'Rachyl', 'get', 'better', 'SOON']"
577,1957101169,neutral,@iceweasel im eating sliders at barjohnnys! (theyre pork tho not beef  still on the search...),"['iceweasel', 'im', 'eating', 'slider', 'barjohnnys', 'theyre', 'pork', 'tho', 'beef', 'still', 'search', '...']"
585,1957103043,neutral,"friday here at last, not much fun when your skint though","['friday', 'last', 'much', 'fun', 'skint', 'though']"
591,1957104581,neutral,I don't think I will be able to get out of bed tomorrow morning  we will seeeee!,"[""n't"", 'think', 'able', 'get', 'bed', 'tomorrow', 'morning', 'seeeee']"
594,1957104858,neutral,the times they are a changing,"['time', 'changing']"
597,1957105525,neutral,@slickiris video is not available to us foreigners,"['slickiris', 'video', 'available', 'u', 'foreigner']"
602,1957106752,neutral,waiting to get picked up!,"['waiting', 'get', 'picked']"
613,1957110716,neutral,"@Giggles_xo   dang it, so its not certain ? ? ? are you okay?","['Giggles_xo', 'dang', 'certain', 'okay']"
614,1957111029,neutral,wishes Dave Gilmour and Roger Waters would re-unite for a Pink Floyd concert,"['wish', 'Dave', 'Gilmour', 'Roger', 'Waters', 'would', 're-unite', 'Pink', 'Floyd', 'concert']"
616,1957111113,neutral,In 1 horse town + 2 blown out car speakers =,"['horse', 'town', 'blown', 'car', 'speaker']"
617,1957111130,neutral,Someone make me a cofffeeeeeee......,"['Someone', 'make', 'cofffeeeeeee', '......']"
621,1957111950,neutral,My nose is stuffy,"['nose', 'stuffy']"
622,1957112500,neutral,last night in newport,"['last', 'night', 'newport']"
626,1957112925,neutral,Aright Twitter Fam... guess ima be outties.. gonna try n sleep off some of this horrible pain,"['Aright', 'Twitter', 'Fam', '...', 'guess', 'ima', 'outties', '..', 'gon', 'na', 'try', 'n', 'sleep', 'horrible', 'pain']"
627,1957113207,neutral,Baby was not herself after recieving vaccines,"['Baby', 'recieving', 'vaccine']"
639,1957115198,neutral,watching The Biggest Loser on Hallmark. Never fails to make me cry  nyeh.,"['watching', 'Biggest', 'Loser', 'Hallmark', 'Never', 'fails', 'make', 'cry', 'nyeh']"
640,1957115476,neutral,@zaharh that sucks!  how old are you actually?,"['zaharh', 'suck', 'old', 'actually']"
642,1957115742,neutral,Still confuse...,"['Still', 'confuse', '...']"
648,1957116826,neutral,scratch that; sleep on a stage bound.,"['scratch', 'sleep', 'stage', 'bound']"
650,1957117307,neutral,@officialTila I cnt get it!! its goin to ur old messages?!?  &gt;&gt;&gt;&gt; HELP?&lt;&lt;&lt;&lt;,"['officialTila', 'cnt', 'get', 'goin', 'ur', 'old', 'message', 'gt', 'gt', 'gt', 'gt', 'HELP', 'lt', 'lt', 'lt', 'lt']"
652,1957117786,neutral,@laurelexmachina Swimming is a no go for me,"['laurelexmachina', 'Swimming', 'go']"
655,1957118207,neutral,"@duciaestherine ohh ic ic haha, iyaa my summer is filled with ONE Course that lasts for the whole summer","['duciaestherine', 'ohh', 'ic', 'ic', 'haha', 'iyaa', 'summer', 'filled', 'ONE', 'Course', 'last', 'whole', 'summer']"
659,1957119180,neutral,@Joshuah_Pearson,['Joshuah_Pearson']
661,1957119815,neutral,@ccburns Unfortunately not,"['ccburns', 'Unfortunately']"
664,1957120767,neutral,@emlevins,['emlevins']
674,1957122428,neutral,ups ketauan cabut nih gimana dong,"['ups', 'ketauan', 'cabut', 'nih', 'gimana', 'dong']"
681,1957123693,neutral,Off to bed!! Still exhausted from Vegas,"['bed', 'Still', 'exhausted', 'Vegas']"
685,1957124088,neutral,Took a 4 hour nap after work today and won't be able to sleep all night    This is a bummer,"['Took', 'hour', 'nap', 'work', 'today', 'wo', ""n't"", 'able', 'sleep', 'night', 'bummer']"
687,1957125420,neutral,Loving lil ken and absolutely dreading saying goodbye in less than a week,"['Loving', 'lil', 'ken', 'absolutely', 'dreading', 'saying', 'goodbye', 'less', 'week']"
691,1957125863,neutral,HII!! Thatsï¿½meE!! I woke up and I am goinG to SchooL... Why me??,"['HII', 'Thatsï¿½meE', 'woke', 'goinG', 'SchooL', '...']"
695,1957126889,neutral,asks for karma points please.  http://plurk.com/p/wxnt9,"['asks', 'karma', 'point', 'please', 'http', '//plurk.com/p/wxnt9']"
704,1957129667,neutral,L.A. said &quot;wipe the slate clean&quot; before the jelly!,"['L.A.', 'said', 'quot', 'wipe', 'slate', 'clean', 'quot', 'jelly']"
706,1957130295,neutral,@seanpercival Unless that invite comes with a beta key I'm not going to be much help...,"['seanpercival', 'Unless', 'invite', 'come', 'beta', 'key', ""'m"", 'going', 'much', 'help', '...']"
707,1957130303,neutral,@Johnny_Exp not where i live.,"['Johnny_Exp', 'live']"
719,1957132732,neutral,@sha_da_asshole ï¿½ cant im not @ my sister house no ï¿½-net tonite,"['sha_da_asshole', 'ï¿½', 'cant', 'im', 'sister', 'house', 'ï¿½-net', 'tonite']"
720,1957133079,neutral,"Damn, hi Facebook ? what's wrong with you ? can't add photos","['Damn', 'hi', 'Facebook', ""'s"", 'wrong', 'ca', ""n't"", 'add', 'photo']"
722,1957133461,neutral,4 more followers.. follow me and I'll love you!! *pouts* Please?,"['follower', '..', 'follow', ""'ll"", 'love', 'pout', 'Please']"
724,1957133900,neutral,"@textdrivebys i dont even have a WII! b likes xbox, so that's what we have  do you use it?","['textdrivebys', 'dont', 'even', 'WII', 'b', 'like', 'xbox', ""'s"", 'use']"
726,1957134074,neutral,@thunder_express i didnt get to see it tonight,"['thunder_express', 'didnt', 'get', 'see', 'tonight']"
733,1957135415,neutral,2nd to last episode of jay leno  itll never be the same!  nite twitter,"['2nd', 'last', 'episode', 'jay', 'leno', 'itll', 'never', 'nite', 'twitter']"
736,1957136490,neutral,Fakin' kisha...just my luck!,"['Fakin', 'kisha', '...', 'luck']"
741,1957137139,neutral,so tense..so emotional...so not me..,"['tense', '..', 'emotional', '...', '..']"
744,1957137805,neutral,playing the game of watching straight people hook up but can't leave because of another reason,"['playing', 'game', 'watching', 'straight', 'people', 'hook', 'ca', ""n't"", 'leave', 'another', 'reason']"
745,1957138437,neutral,@daveg38 yeah work today  never mind only one day then sun sun sun....,"['daveg38', 'yeah', 'work', 'today', 'never', 'mind', 'one', 'day', 'sun', 'sun', 'sun', '....']"
748,1957139613,neutral,@heresmyhello92 I don't think it was either. But I can't remember it.,"['heresmyhello92', ""n't"", 'think', 'either', 'ca', ""n't"", 'remember']"
749,1957139668,neutral,anyone got JBs live chat vid? i was @ school  I saw joe hug and tackle nick lol,"['anyone', 'got', 'JBs', 'live', 'chat', 'vid', 'school', 'saw', 'joe', 'hug', 'tackle', 'nick', 'lol']"
759,1957141723,neutral,@soonseeofpred becuz you braggin,"['soonseeofpred', 'becuz', 'braggin']"
762,1957142103,neutral,@lawikyn ze Franz has not friended me  i think they think i'm a creepy stalker or sommat. Hmph.,"['lawikyn', 'ze', 'Franz', 'friended', 'think', 'think', ""'m"", 'creepy', 'stalker', 'sommat', 'Hmph']"
765,1957143180,neutral,And then you find out today they had there first kiss! },"['find', 'today', 'first', 'kiss']"
771,1957144247,neutral,"dont know why so tired today  bye, time for beddy","['dont', 'know', 'tired', 'today', 'bye', 'time', 'beddy']"
778,1957145627,neutral,"@syafique ooh maggi goreng. yums. i cant eat, sore throat cmin","['syafique', 'ooh', 'maggi', 'goreng', 'yums', 'cant', 'eat', 'sore', 'throat', 'cmin']"
780,1957145833,neutral,@curligirl morning hon. what you having for breakfast? I cant decide,"['curligirl', 'morning', 'hon', 'breakfast', 'cant', 'decide']"
782,1957146159,neutral,did I mention my BF bubbled the WSOP employees event after 12 hrs with AA  Working doubles  now for the next 6 weeks,"['mention', 'BF', 'bubbled', 'WSOP', 'employee', 'event', 'hr', 'AA', 'Working', 'double', 'next', 'week']"
787,1957147025,neutral,@DellOutletUK But now it's gone,"['DellOutletUK', ""'s"", 'gone']"
798,1957148490,neutral,ups ketauan cabut sama @gemamalove @chikachilo nih,"['ups', 'ketauan', 'cabut', 'sama', 'gemamalove', 'chikachilo', 'nih']"
801,1957149016,neutral,"It's 4pm Friday, he left at 6am Thursday.... surely he should be there now","[""'s"", '4pm', 'Friday', 'left', '6am', 'Thursday', '....', 'surely']"
805,1957149571,neutral,@talentdmrripley  maybe a good night's sleep for everyone?,"['talentdmrripley', 'maybe', 'good', 'night', ""'s"", 'sleep', 'everyone']"
808,1957150173,neutral,"@_erica Yea, its tough to keep it going. Sometimes I'm not sure its worth it.","['_erica', 'Yea', 'tough', 'keep', 'going', 'Sometimes', ""'m"", 'sure', 'worth']"
815,1957151356,neutral,Work at 5:45am =,"['Work', '5:45am']"
816,1957151415,neutral,@anthothemantho Hell yes. I'm too late.,"['anthothemantho', 'Hell', 'yes', ""'m"", 'late']"
834,1957154717,neutral,"@ddlovato Since obviously living in Alaska, only a few radio stations we get here.","['ddlovato', 'Since', 'obviously', 'living', 'Alaska', 'radio', 'station', 'get']"
836,1957155160,neutral,"Oh noes.  hey, what's my tatoo say?","['Oh', 'no', 'hey', ""'s"", 'tatoo', 'say']"
837,1957155266,neutral,@astynes I don't have a VCR...,"['astynes', ""n't"", 'VCR', '...']"
845,1957157790,neutral,@MsAKAtainment I know right  but hopefully something comes up though,"['MsAKAtainment', 'know', 'right', 'hopefully', 'something', 'come', 'though']"
848,1957158560,neutral,@claudiuvoicu supposed to be back Sun (via private jet btw#!:o) but mite hav to stay bymyself (thnk god) for another week  &amp; want Bruno!,"['claudiuvoicu', 'supposed', 'back', 'Sun', 'via', 'private', 'jet', 'btw', 'mite', 'hav', 'stay', 'bymyself', 'thnk', 'god', 'another', 'week', 'amp', 'want', 'Bruno']"
852,1957159745,neutral,Huge headache...goodnight!!,"['Huge', 'headache', '...', 'goodnight']"
856,1957160547,neutral,"I justwatched like, 5 straight episodes of escaped on ID Discovery channel. A guy imprisoned 6 women, killed 2 and cooked them","['justwatched', 'like', 'straight', 'episode', 'escaped', 'ID', 'Discovery', 'channel', 'guy', 'imprisoned', 'woman', 'killed', 'cooked']"
859,1957160829,neutral,its only 0.2! Just give me my 3 points!,"['0.2', 'give', 'point']"
866,1957162630,neutral,@ryanhalloran why not?,['ryanhalloran']
869,1957162928,neutral,to Chicago... but why isn't my ride calling me back?,"['Chicago', '...', ""n't"", 'ride', 'calling', 'back']"
870,1957163020,neutral,"K, goodnight! Gotta do Chuck E Cheese tomorrow following kindergarten shots and physical... Bla","['K', 'goodnight', 'Got', 'ta', 'Chuck', 'E', 'Cheese', 'tomorrow', 'following', 'kindergarten', 'shot', 'physical', '...', 'Bla']"
873,1957163634,neutral,I've got to catch the bus to work,"[""'ve"", 'got', 'catch', 'bus', 'work']"
878,1957165453,neutral,@pegbanditkitty absolutely nothin,"['pegbanditkitty', 'absolutely', 'nothin']"
880,1957165874,neutral,@ecctv If it makes you feel better I lost 10 overnight cause I posted a picture of a baby,"['ecctv', 'make', 'feel', 'better', 'lost', '10', 'overnight', 'cause', 'posted', 'picture', 'baby']"
887,1957167375,neutral,@scumm_boy I'm sorry  I'm thinking about you and hope the week gets better!,"['scumm_boy', ""'m"", 'sorry', ""'m"", 'thinking', 'hope', 'week', 'get', 'better']"
892,1957168222,neutral,mannnn..... @alllyy_ got an iphone!!! im jealous....  http://bit.ly/NgnaR,"['mannnn', '.....', 'alllyy_', 'got', 'iphone', 'im', 'jealous', '....', 'http', '//bit.ly/NgnaR']"
894,1957168874,neutral,"@regent_lord Aww, you should've YouTubed it.","['regent_lord', 'Aww', ""'ve"", 'YouTubed']"
898,1957169154,neutral,Will miss nostalgia ... everyone please kick tushar,"['miss', 'nostalgia', '...', 'everyone', 'please', 'kick', 'tushar']"
904,1957170358,neutral,says good (or should i say bad?) afternoon!  http://plurk.com/p/wxpdj,"['say', 'good', 'say', 'bad', 'afternoon', 'http', '//plurk.com/p/wxpdj']"
905,1957170449,neutral,says I've got number 10~  getting low~~ http://plurk.com/p/wxpdr,"['say', ""'ve"", 'got', 'number', '10~', 'getting', 'low~~', 'http', '//plurk.com/p/wxpdr']"
911,1957172893,neutral,@summer_eyes I wish I knew!  The curse of Tumblr.,"['summer_eyes', 'wish', 'knew', 'curse', 'Tumblr']"
914,1957173834,neutral,Business exam tomorrow,"['Business', 'exam', 'tomorrow']"
922,1957175259,neutral,back from grimsby  it sucks bein back but was amazin wknd anyway!!,"['back', 'grimsby', 'suck', 'bein', 'back', 'amazin', 'wknd', 'anyway']"
924,1957175518,neutral,"@allysonalfonso haha, its under 18 :@ so ive got no one to go with  curse none of my friends liking TAI lol","['allysonalfonso', 'haha', '18', 'ive', 'got', 'one', 'go', 'curse', 'none', 'friend', 'liking', 'TAI', 'lol']"
931,1957176603,neutral,@angelazodiak Aww maybe i traumatized her.,"['angelazodiak', 'Aww', 'maybe', 'traumatized']"
936,1957179054,neutral,Ugh. Too much happened today. I really need a hug,"['Ugh', 'much', 'happened', 'today', 'really', 'need', 'hug']"
939,1957179532,neutral,@n3rin3 Ur pic is gone,"['n3rin3', 'Ur', 'pic', 'gone']"
941,1957180254,neutral,how do you twitter?,['twitter']
944,1957181400,neutral,@JWess awww  ok lol hopefully by than im still here and not back over in the states,"['JWess', 'awww', 'ok', 'lol', 'hopefully', 'im', 'still', 'back', 'state']"
947,1957181945,neutral,@djcoombs not at my workplace.   but a short-sleeved shirt is absolutely necessary today!,"['djcoombs', 'workplace', 'short-sleeved', 'shirt', 'absolutely', 'necessary', 'today']"
958,1957183431,neutral,does anyone know how to convert 6 est to Aus time? ROFL xD fucking radio disney,"['anyone', 'know', 'convert', 'est', 'Aus', 'time', 'ROFL', 'xD', 'fucking', 'radio', 'disney']"
960,1957184403,neutral,@sakshijuneja ok that's subtly saying i'm no longer a fave  temme 1 thing - did the firangs steal your vocab? ur eating words and how!,"['sakshijuneja', 'ok', ""'s"", 'subtly', 'saying', ""'m"", 'longer', 'fave', 'temme', 'thing', 'firangs', 'steal', 'vocab', 'ur', 'eating', 'word']"
977,1957189838,neutral,FYI no internets until THURSTAG!!!! after saturday  i have a feeling i will become 800x more productive during those days.,"['FYI', 'internet', 'THURSTAG', 'saturday', 'feeling', 'become', '800x', 'productive', 'day']"
998,1957192967,neutral,I signed up for an account on a political website so I could post a comment but it isn't working.,"['signed', 'account', 'political', 'website', 'could', 'post', 'comment', ""n't"", 'working']"
999,1957193010,neutral,How Come I Can Never Sleep Past?? Not Good,"['Come', 'Never', 'Sleep', 'Past', 'Good']"
1001,1957193805,neutral,@typicalrouse I would but its like 1800 or 1000+ miles  gas prices are crazy im doing alpine next summer most def,"['typicalrouse', 'would', 'like', '1800', '1000+', 'mile', 'gas', 'price', 'crazy', 'im', 'alpine', 'next', 'summer', 'def']"
1006,1957194726,neutral,has an exam at 10am - I slept about 3 hours last night,"['exam', '10am', 'slept', 'hour', 'last', 'night']"
1009,1957195159,neutral,Wish I lived in or atleast relatively close to Ohio!   Haven't seen @SmallTown_Troy or @Derk_McLoven in almost a year.,"['Wish', 'lived', 'atleast', 'relatively', 'close', 'Ohio', ""n't"", 'seen', 'SmallTown_Troy', 'Derk_McLoven', 'almost', 'year']"
1012,1957195514,neutral,@3Gguy and within a short time of the last clue all of them,"['3Gguy', 'within', 'short', 'time', 'last', 'clue']"
1013,1957195703,neutral,my phone still doesnt tweet,"['phone', 'still', 'doesnt', 'tweet']"
1014,1957195915,neutral,"@blindcripple Good idea Brain, you can't not be on Twitter...","['blindcripple', 'Good', 'idea', 'Brain', 'ca', ""n't"", 'Twitter', '...']"
1017,1957196074,neutral,@mrskutcher just checked library website and girl with dragon tattoo is checked out,"['mrskutcher', 'checked', 'library', 'website', 'girl', 'dragon', 'tattoo', 'checked']"
1026,1957198430,neutral,I'm at work,"[""'m"", 'work']"
1028,1957198598,neutral,"@portugaltheman @liftingfaces Where'd the songs go on the site, I want &quot;Do You&quot; on this computer too","['portugaltheman', 'liftingfaces', ""'d"", 'song', 'go', 'site', 'want', 'quot', 'quot', 'computer']"
1035,1957199558,neutral,@CheetahmamiBia oooo ok   why  havent you accepted my friends request,"['CheetahmamiBia', 'oooo', 'ok', 'havent', 'accepted', 'friend', 'request']"
1037,1957200791,neutral,just got home after killing a possum,"['got', 'home', 'killing', 'possum']"
1042,1957202674,neutral,... that's all,"['...', ""'s""]"
1045,1957203255,neutral,@anshprat yahoo maps! lots more to desire #yahoo,"['anshprat', 'yahoo', 'map', 'lot', 'desire', 'yahoo']"
1056,1957205912,neutral,"facebook quizzes are one cure of boredom haha, my teeth/mouth hurts","['facebook', 'quiz', 'one', 'cure', 'boredom', 'haha', 'teeth/mouth', 'hurt']"
1061,1957206343,neutral,@debbylovespr I've got one too  though i think mine was attributed to the seizure inducing color/light show in the movie The Soloist.,"['debbylovespr', ""'ve"", 'got', 'one', 'though', 'think', 'mine', 'attributed', 'seizure', 'inducing', 'color/light', 'show', 'movie', 'Soloist']"
1065,1957206844,neutral,goodnight everyone.,"['goodnight', 'everyone']"
1068,1957207392,neutral,@IsaGoksu  http://yfrog.com/11z2ip  nothing there,"['IsaGoksu', 'http', '//yfrog.com/11z2ip', 'nothing']"
1086,1957212416,neutral,"really, realy want a netbook. mrr. Techno-lust sucks","['really', 'realy', 'want', 'netbook', 'mrr', 'Techno-lust', 'suck']"
1090,1957213816,neutral,@RichardGiles mine pools... just in someone elses pocket,"['RichardGiles', 'mine', 'pool', '...', 'someone', 'elses', 'pocket']"
1095,1957215551,neutral,@ndrew10 I know!!!! He didn't ask me,"['ndrew10', 'know', ""n't"", 'ask']"
1097,1957215947,neutral,@MrsSOsbourne Ozzy isn't following you yet,"['MrsSOsbourne', 'Ozzy', ""n't"", 'following', 'yet']"
1105,1957218546,neutral,I hate TweetDeck when it reaches access limits,"['hate', 'TweetDeck', 'reach', 'access', 'limit']"
1108,1957218667,neutral,@ANAIZZ you might want to get some rest...i promise you wont retain the knowledge sleepy,"['ANAIZZ', 'might', 'want', 'get', 'rest', '...', 'promise', 'wont', 'retain', 'knowledge', 'sleepy']"
1137,1957226828,neutral,"@Wolfie85 @christelmcr Ah  sameway Yet,@mikeyway has 2006 votes ((.We need more vote :'D","['Wolfie85', 'christelmcr', 'Ah', 'sameway', 'Yet', 'mikeyway', '2006', 'vote', '.We', 'need', 'vote', ""'D""]"
1138,1957227060,neutral,I want a Monte Cristo sandwich sooo... BAd!!!,"['want', 'Monte', 'Cristo', 'sandwich', 'sooo', '...', 'BAd']"
1140,1957227155,neutral,Just finished watching &quot;Marley and Me&quot;,"['finished', 'watching', 'quot', 'Marley', 'quot']"
1144,1957227794,neutral,@GeoffComma no fair,"['GeoffComma', 'fair']"
1148,1957228264,neutral,"Nina was on my lap, but just decided to jump off","['Nina', 'lap', 'decided', 'jump']"
1149,1957228324,neutral,"the swine flu is in robina, gold coast","['swine', 'flu', 'robina', 'gold', 'coast']"
1157,1957230282,neutral,Def wants to cuddle it out maybe play but has no one to do it with the bc is far away,"['Def', 'want', 'cuddle', 'maybe', 'play', 'one', 'bc', 'far', 'away']"
1165,1957231837,neutral,Gotta go back out there.,"['Got', 'ta', 'go', 'back']"
1166,1957231863,neutral,I don't remember what i text to twitter to get a list of commands  halp,"[""n't"", 'remember', 'text', 'twitter', 'get', 'list', 'command', 'halp']"
1170,1957233475,neutral,@gettothefalcon i miss that too,"['gettothefalcon', 'miss']"
1174,1957234958,neutral,I cant watch anythgin till tonight,"['cant', 'watch', 'anythgin', 'till', 'tonight']"
1177,1957236286,neutral,"@workhomexpert Nope, re-reading it all over again.     No offense meant","['workhomexpert', 'Nope', 're-reading', 'offense', 'meant']"
1180,1957236960,neutral,Jay Leno has one more show left as the host of The Tonight Show,"['Jay', 'Leno', 'one', 'show', 'left', 'host', 'Tonight', 'Show']"
1184,1957237641,neutral,@TLuke08  sometimes going and doing other stuff cures that,"['TLuke08', 'sometimes', 'going', 'stuff', 'cure']"
1188,1957238377,neutral,..i graduate today,"['..', 'graduate', 'today']"
1191,1957238908,neutral,@504chucky whats with u hating on becky soo much? ur bio says ur nice....guess not,"['504chucky', 'whats', 'u', 'hating', 'becky', 'soo', 'much', 'ur', 'bio', 'say', 'ur', 'nice', '....', 'guess']"
1202,1957241391,neutral,@Salamandroid its not just you - its properly dragged this week,"['Salamandroid', 'properly', 'dragged', 'week']"
1204,1957241801,neutral,looks can be deceiving,"['look', 'deceiving']"
1211,1957243299,neutral,Week-end is over and now it's time to get back to work,"['Week-end', ""'s"", 'time', 'get', 'back', 'work']"
1214,1957243682,neutral,"Summer is about to end.  For some, it's just about to start. Hahah.","['Summer', 'end', ""'s"", 'start', 'Hahah']"
1218,1957244537,neutral,"@toddh3284 T, im sooooo bored right now","['toddh3284', 'im', 'sooooo', 'bored', 'right']"
1220,1957245151,neutral,@CHARITY_GANT popularity contest and they think twitter will help.... and it's become trendy,"['CHARITY_GANT', 'popularity', 'contest', 'think', 'twitter', 'help', '....', ""'s"", 'become', 'trendy']"
1221,1957245396,neutral,madd bored,"['madd', 'bored']"
1223,1957245632,neutral,My wife can't get on the guest list for tomorrows show because it doesn't exist. LAME. I guess no wife at the show.,"['wife', 'ca', ""n't"", 'get', 'guest', 'list', 'tomorrow', 'show', ""n't"", 'exist', 'LAME', 'guess', 'wife', 'show']"
1231,1957247634,neutral,@jesssicababesss @IvanaE @RachelLock22 DECEMBER... thats like a year away...,"['jesssicababesss', 'IvanaE', 'RachelLock22', 'DECEMBER', '...', 'thats', 'like', 'year', 'away', '...']"
1238,1957249020,neutral,Ugh cant sleep on  this bus.  still have like 5 hours,"['Ugh', 'cant', 'sleep', 'bus', 'still', 'like', 'hour']"
1241,1957249526,neutral,Alcohol does not promote weight loss.,"['Alcohol', 'promote', 'weight', 'loss']"
1246,1957251533,neutral,is up too early,['early']
1248,1957251799,neutral,3am i still cant sleep,"['3am', 'still', 'cant', 'sleep']"
1258,1957256096,neutral,Going to a wake of a dear friend Marlito Sy tonight in Novaliches,"['Going', 'wake', 'dear', 'friend', 'Marlito', 'Sy', 'tonight', 'Novaliches']"
1280,1957263518,neutral,i sooooooooo dont want to go to work today to nice outside.,"['sooooooooo', 'dont', 'want', 'go', 'work', 'today', 'nice', 'outside']"
1292,1957265895,neutral,need a camera blower.. my camera censor is dirteeh..,"['need', 'camera', 'blower', '..', 'camera', 'censor', 'dirteeh', '..']"
1304,1957268224,neutral,S'acaba la setmana del rap vintage  amb la millor: MC Hammer - U can't touch this http://open.spotify.com/track/1B75hgRqe7A4fwee3g3Wmu,"[""S'acaba"", 'la', 'setmana', 'del', 'rap', 'vintage', 'amb', 'la', 'millor', 'MC', 'Hammer', 'U', 'ca', ""n't"", 'touch', 'http', '//open.spotify.com/track/1B75hgRqe7A4fwee3g3Wmu']"
1307,1957269286,neutral,... Money money money...      http://twitpic.com/664uz,"['...', 'Money', 'money', 'money', '...', 'http', '//twitpic.com/664uz']"
1317,1957272674,neutral,walked home in the rain.,"['walked', 'home', 'rain']"
1318,1957272756,neutral,@mvermut translation = complicated sh-t that someone is going to have to teach me,"['mvermut', 'translation', 'complicated', 'sh-t', 'someone', 'going', 'teach']"
1323,1957274963,neutral,"bored, nothing to do","['bored', 'nothing']"
1337,1957278941,neutral,@PorkChopJones Sorry   move back?,"['PorkChopJones', 'Sorry', 'move', 'back']"
1350,1957282768,neutral,@_anniemay OMG No fair,"['_anniemay', 'OMG', 'fair']"
1353,1957284094,neutral,"@RockedByPickler no I won't honey I got mad yrs to go , why am I crazy?","['RockedByPickler', 'wo', ""n't"", 'honey', 'got', 'mad', 'yr', 'go', 'crazy']"
1363,1957286264,neutral,Got back and putting in the laundry. We got in there last  o well as long as its clean. #DSAA09,"['Got', 'back', 'putting', 'laundry', 'got', 'last', 'well', 'long', 'clean', 'DSAA09']"
1365,1957287189,neutral,Brake time!! Nothing for lunch. Tonite.,"['Brake', 'time', 'Nothing', 'lunch', 'Tonite']"
1370,1957287721,neutral,rented bikes + unknown trail with random bumps + big hills + kids = one beat up little girl. Not a good day on the B family vacation.,"['rented', 'bike', 'unknown', 'trail', 'random', 'bump', 'big', 'hill', 'kid', 'one', 'beat', 'little', 'girl', 'good', 'day', 'B', 'family', 'vacation']"
1371,1957288483,neutral,"I feel like ive done the London marathon, I ach all over","['feel', 'like', 'ive', 'done', 'London', 'marathon', 'ach']"
1383,1957291084,neutral,@DantiChos baby help me with math,"['DantiChos', 'baby', 'help', 'math']"
1401,1957295425,neutral,Epicfail and Joseph in class... Very long liao,"['Epicfail', 'Joseph', 'class', '...', 'long', 'liao']"
1407,1957297725,neutral,the physical. It's coo now i know. Just lettin off some steam.,"['physical', ""'s"", 'coo', 'know', 'lettin', 'steam']"
1410,1957298429,neutral,"@vivzy wanted to change my handset covers, pen drives and a headphone in some place..guess its not happening...","['vivzy', 'wanted', 'change', 'handset', 'cover', 'pen', 'drive', 'headphone', 'place', '..', 'guess', 'happening', '...']"
1417,1957300222,neutral,@HomeSwapperteam what is the point of your twit on bgt i must be one of the only people you havent found a swap for depite the promises,"['HomeSwapperteam', 'point', 'twit', 'bgt', 'must', 'one', 'people', 'havent', 'found', 'swap', 'depite', 'promise']"
1419,1957300745,neutral,hampa hatiku,"['hampa', 'hatiku']"
1421,1957301151,neutral,I don't ship out until October,"[""n't"", 'ship', 'October']"
1422,1957301234,neutral,I would of won that contest if I weren't to have chickened out,"['would', 'contest', ""n't"", 'chickened']"
1428,1957302206,neutral,Poltergeist! In my house,"['Poltergeist', 'house']"
1434,1957303396,neutral,@Joseph_KHC wooow. lucky XD my break is gonna end. my classes starts @ june 4,"['Joseph_KHC', 'wooow', 'lucky', 'XD', 'break', 'gon', 'na', 'end', 'class', 'start', 'june']"
1445,1957306485,neutral,FML still awake  melatonin not working!,"['FML', 'still', 'awake', 'melatonin', 'working']"
1448,1957308122,neutral,"Augh, fever's gone up again. If I end up missing the WeHo clubbing tomorrow night, I am going to be pissed. Stupid boytoy gave me plague.","['Augh', 'fever', ""'s"", 'gone', 'end', 'missing', 'WeHo', 'clubbing', 'tomorrow', 'night', 'going', 'pissed', 'Stupid', 'boytoy', 'gave', 'plague']"
1459,1957311874,neutral,@BrentLauren that doesn't sound like fun,"['BrentLauren', ""n't"", 'sound', 'like', 'fun']"
1464,1957312973,neutral,Come to bed,"['Come', 'bed']"
1472,1957315651,neutral,lonely ..,"['lonely', '..']"
1473,1957316186,neutral,I was rooting for Betty.,"['rooting', 'Betty']"
1476,1957316549,neutral,crash in Qmbol,"['crash', 'Qmbol']"
1477,1957316581,neutral,I'm such a chicken,"[""'m"", 'chicken']"
1480,1957317304,neutral,@Burgandy1 Girl I know!,"['Burgandy1', 'Girl', 'know']"
1485,1957318219,neutral,@metafisix i thought you were gonna be at the show,"['metafisix', 'thought', 'gon', 'na', 'show']"
1489,1957318888,neutral,"Bucky, my ferret officially has insulinoma  Now on daily prednisone. Had interview with p-doc today, have to go back monday for testing.","['Bucky', 'ferret', 'officially', 'insulinoma', 'daily', 'prednisone', 'interview', 'p-doc', 'today', 'go', 'back', 'monday', 'testing']"
1496,1957320299,neutral,Goodnight world! I have t o be up at 5am,"['Goodnight', 'world', '5am']"
1497,1957320720,neutral,@Fasn8nUrMind ima goodgirl I'm not down with takin advantage,"['Fasn8nUrMind', 'ima', 'goodgirl', ""'m"", 'takin', 'advantage']"
1500,1957321147,neutral,gahh!! i'm so tired right now.,"['gahh', ""'m"", 'tired', 'right']"
1503,1957322281,neutral,@whitespider1066 &quot;toys&quot;??? Advanced load carrying system. Low-cost 1-man outdoor shelter. I didn't get the Wolverine glove,"['whitespider1066', 'quot', 'toy', 'quot', 'Advanced', 'load', 'carrying', 'system', 'Low-cost', '1-man', 'outdoor', 'shelter', ""n't"", 'get', 'Wolverine', 'glove']"
1506,1957322504,neutral,"???ï¿½ï¿½  ???CE d grade?mock?????, ???????","['ï¿½ï¿½', 'CE', 'grade', 'mock']"
1507,1957323090,neutral,need a lots of moneeeeeeeeeeeeeeeey,"['need', 'lot', 'moneeeeeeeeeeeeeeeey']"
1510,1957323890,neutral,i have nothing to do,['nothing']
1514,1957325229,neutral,@AdamKruth serious! Perhaps Sat will work out better,"['AdamKruth', 'serious', 'Perhaps', 'Sat', 'work', 'better']"
1516,1957325431,neutral,i got no followers i only have like 2  someone follow Me please?,"['got', 'follower', 'like', 'someone', 'follow', 'please']"
1525,1957329024,neutral,Dude. everyone could. it wasn't ment to be bad..,"['Dude', 'everyone', 'could', ""n't"", 'ment', 'bad', '..']"
1527,1957329181,neutral,@TerrenceJ106 I'm with you...been up till 5-6 for the last few nights...,"['TerrenceJ106', ""'m"", '...', 'till', '5-6', 'last', 'night', '...']"
1532,1957331468,neutral,im saaaaaaaaaaaaaad  i need someone to talk to.,"['im', 'saaaaaaaaaaaaaad', 'need', 'someone', 'talk']"
1538,1957333169,neutral,Hangover,['Hangover']
1546,1957335437,neutral,Hi anyone there?!!!!!!!!!!!!!!,"['Hi', 'anyone']"
1548,1957336017,neutral,Last night in Australia,"['Last', 'night', 'Australia']"
1553,1957337655,neutral,"The time in Germany went by too fast, only 2 days left   Hopefully I will move here soon.","['time', 'Germany', 'went', 'fast', 'day', 'left', 'Hopefully', 'move', 'soon']"
1554,1957337961,neutral,@Cause4Conceit  wish u could rub my head too,"['Cause4Conceit', 'wish', 'u', 'could', 'rub', 'head']"
1555,1957338393,neutral,"@philcampbell blue skies? where, it's still grey and hazy out of my window","['philcampbell', 'blue', 'sky', ""'s"", 'still', 'grey', 'hazy', 'window']"
1561,1957340043,neutral,@risamarie: no i'm not going.,"['risamarie', ""'m"", 'going']"
1563,1957340216,neutral,Varsity Fanclub will never be the same!!,"['Varsity', 'Fanclub', 'never']"
1570,1957342084,neutral,@arania nope i cant figure out how to get the updates on my blackberry. . . i need to go running too,"['arania', 'nope', 'cant', 'figure', 'get', 'update', 'blackberry', 'need', 'go', 'running']"
1573,1957343086,neutral,Is up so early and proppa shattered and knackered,"['early', 'proppa', 'shattered', 'knackered']"
1575,1957343439,neutral,Shame I've gotto go to work,"['Shame', ""'ve"", 'gotto', 'go', 'work']"
1582,1957345942,neutral,@ayawan I actually meant to type &quot;end of September&quot; but I was in the middle of a conversation with someone and I cant multitask,"['ayawan', 'actually', 'meant', 'type', 'quot', 'end', 'September', 'quot', 'middle', 'conversation', 'someone', 'cant', 'multitask']"
1590,1957347056,neutral,iï¿½m ill.. bueeee..,"['iï¿½m', 'ill', '..', 'bueeee', '..']"
1593,1957347353,neutral,@BARACKOKITTY ur right! i dont have a reason to be up early but im sure my niece will be in my room in a few hrs botherin me,"['BARACKOKITTY', 'ur', 'right', 'dont', 'reason', 'early', 'im', 'sure', 'niece', 'room', 'hr', 'botherin']"
1596,1957348100,neutral,to spend the weekend...to not spend the weekend.....that is hte question that is on my mind...,"['spend', 'weekend', '...', 'spend', 'weekend', '.....', 'hte', 'question', 'mind', '...']"
1605,1957350646,neutral,My door looks naked   It makes my room feel bigger though.,"['door', 'look', 'naked', 'make', 'room', 'feel', 'bigger', 'though']"
1613,1957352020,neutral,@lumivalkoinen nice you look awesome in photos .. whereas I look like a drunken soccer fan in all of mine,"['lumivalkoinen', 'nice', 'look', 'awesome', 'photo', '..', 'whereas', 'look', 'like', 'drunken', 'soccer', 'fan', 'mine']"
1641,1957361291,neutral,almost 100 cases of swine in australia. hope may still decides to come visits me,"['almost', '100', 'case', 'swine', 'australia', 'hope', 'may', 'still', 'decides', 'come', 'visit']"
1652,1957363569,neutral,@EnglishRoses Equations and graphs,"['EnglishRoses', 'Equations', 'graph']"
1657,1957364477,neutral,Addicted to Glee... watching the video over and over again....I should be out,"['Addicted', 'Glee', '...', 'watching', 'video', '....']"
1659,1957364677,neutral,"I had a horrible dream  it had to do with a scary face, now im awake for the rest of the night. God dammit :\","['horrible', 'dream', 'scary', 'face', 'im', 'awake', 'rest', 'night', 'God', 'dammit']"
1668,1957366118,neutral,@brandillio that would be most ideal. However...now I dont see myself leaving before 3  Gonna have to take a rain check,"['brandillio', 'would', 'ideal', 'However', '...', 'dont', 'see', 'leaving', 'Gon', 'na', 'take', 'rain', 'check']"
1679,1957369758,neutral,"??????? ????????? ?? Google Chrome - ?? ???????, ?? ??? ???????? ??? ?? Firefox","['Google', 'Chrome', 'Firefox']"
1680,1957369983,neutral,"@yarivs Storysize is 2 (and it's posted as a short story, not one liner), but doesn't show up in any news friends can see. Only in wall","['yarivs', 'Storysize', ""'s"", 'posted', 'short', 'story', 'one', 'liner', ""n't"", 'show', 'news', 'friend', 'see', 'wall']"
1683,1957371013,neutral,@bannersrus hemp cloth is marvelous but unfortunately no,"['bannersrus', 'hemp', 'cloth', 'marvelous', 'unfortunately']"
1688,1957372371,neutral,@bronwen @jjprojects you might have missed my latest experiment - I know blogs have too many words these days  http://tinyurl.com/ne6twc,"['bronwen', 'jjprojects', 'might', 'missed', 'latest', 'experiment', 'know', 'blog', 'many', 'word', 'day', 'http', '//tinyurl.com/ne6twc']"
1701,1957376526,neutral,"You need to remember the data the customer has entered on previous pages when they use the back button. So, so many don't do this","['need', 'remember', 'data', 'customer', 'entered', 'previous', 'page', 'use', 'back', 'button', 'many', ""n't""]"
1705,1957377238,neutral,NOT excited for 32 people reservation in the morning  damn LOVIN halo3 right now for sure too,"['excited', '32', 'people', 'reservation', 'morning', 'damn', 'LOVIN', 'halo3', 'right', 'sure']"
1708,1957377693,neutral,Is there a way to block followers?  I have no idea who you are. .  Sorry..,"['way', 'block', 'follower', 'idea', 'Sorry', '..']"
1715,1957379061,neutral,"i really don't want to go to the eisteddfod concert tonight, it would be ok if i didnt have to wear the dumb band uniform","['really', ""n't"", 'want', 'go', 'eisteddfod', 'concert', 'tonight', 'would', 'ok', 'didnt', 'wear', 'dumb', 'band', 'uniform']"
1721,1957381579,neutral,"i now have 3 new videos on my ipod, i delted a few so i could replace them","['new', 'video', 'ipod', 'delted', 'could', 'replace']"
1728,1957383403,neutral,trying to finish moving stuff for tonight don't feel good!!!!!,"['trying', 'finish', 'moving', 'stuff', 'tonight', ""n't"", 'feel', 'good']"
1730,1957383698,neutral,Mudweight hauled in for last time by @dandypig  http://yfrog.com/0zr2jqj,"['Mudweight', 'hauled', 'last', 'time', 'dandypig', 'http', '//yfrog.com/0zr2jqj']"
1738,1957386977,neutral,1 month ahaha. AND i dunno if I can go tomorrow LMAO cause i went today   Freakin filipino parents AHA,"['month', 'ahaha', 'dunno', 'go', 'tomorrow', 'LMAO', 'cause', 'went', 'today', 'Freakin', 'filipino', 'parent', 'AHA']"
1752,1957389266,neutral,"forecast in sf for friday, may 29: 66 degrees.","['forecast', 'sf', 'friday', 'may', '29', '66', 'degree']"
1757,1957389932,neutral,@emcrxtna 1 month ahaha. AND i dunno if I can go tomorrow LMAO cause i went today  Freakin filipino parents AHA,"['emcrxtna', 'month', 'ahaha', 'dunno', 'go', 'tomorrow', 'LMAO', 'cause', 'went', 'today', 'Freakin', 'filipino', 'parent', 'AHA']"
1759,1957391156,neutral,excited for YSJ Summer Ball - I wish we had one too,"['excited', 'YSJ', 'Summer', 'Ball', 'wish', 'one']"
1761,1957391983,neutral,"@melkoo Hi Mel, if you feel unhappy just take a bit of fries but don't overdo.  If can help it don't","['melkoo', 'Hi', 'Mel', 'feel', 'unhappy', 'take', 'bit', 'fry', ""n't"", 'overdo', 'help', ""n't""]"
1764,1957392514,neutral,@Bkk_Saluja but i think the choco diet is worse  cuz every time ur hungry ur only allowed to eat a tiiiny piece of chocolate D:,"['Bkk_Saluja', 'think', 'choco', 'diet', 'worse', 'cuz', 'every', 'time', 'ur', 'hungry', 'ur', 'allowed', 'eat', 'tiiiny', 'piece', 'chocolate']"
1765,1957392537,neutral,"it's about rain here, or it's just plain cloudy. i don't know which...","[""'s"", 'rain', ""'s"", 'plain', 'cloudy', ""n't"", 'know', '...']"
1766,1957392621,neutral,@keytar make up your mind,"['keytar', 'make', 'mind']"
1783,1957396745,neutral,@Maxsterism naisee. is it bad that i can see lens flares all arond me while listening to it? XD cant really catch what they're saying tho,"['Maxsterism', 'naisee', 'bad', 'see', 'lens', 'flare', 'arond', 'listening', 'XD', 'cant', 'really', 'catch', ""'re"", 'saying', 'tho']"
1784,1957397142,neutral,@Cookie_Monstr  u may try Prism http://prism.mozilla.com/,"['Cookie_Monstr', 'u', 'may', 'try', 'Prism', 'http', '//prism.mozilla.com/']"
1786,1957397325,neutral,http://www.speedtest.net/result/483892161.png i get good download speed only when no one else is using the connection,"['http', '//www.speedtest.net/result/483892161.png', 'get', 'good', 'download', 'speed', 'one', 'else', 'using', 'connection']"
1789,1957397883,neutral,food...food...FOOD!,"['food', '...', 'food', '...', 'FOOD']"
1790,1957398563,neutral,@laubow_  me too!,['laubow_']
1794,1957398720,neutral,Hitting the docks soon.,"['Hitting', 'dock', 'soon']"
1799,1957400184,neutral,Too much sand in the SD 790 from pismo this weekend. ANOTHER canon powershot broken. 2nd one in a year  What to buy this time...,"['much', 'sand', 'SD', '790', 'pismo', 'weekend', 'ANOTHER', 'canon', 'powershot', 'broken', '2nd', 'one', 'year', 'buy', 'time', '...']"
1811,1957403707,neutral,@itsJorx what do you mean jorx?,"['itsJorx', 'mean', 'jorx']"
1814,1957403773,neutral,@madpierrot maybe it'll listen to you  dude it's like three in the morning. what time is it over there?,"['madpierrot', 'maybe', ""'ll"", 'listen', 'dude', ""'s"", 'like', 'three', 'morning', 'time']"
1818,1957404303,neutral,I used to have a remote for my tv.,"['used', 'remote', 'tv']"
1820,1957404492,neutral,@leslieyuko mine too,"['leslieyuko', 'mine']"
1821,1957405143,neutral,So tired.,['tired']
1830,1957408311,neutral,thinks Coast Capital sent her work number to telemarketers,"['think', 'Coast', 'Capital', 'sent', 'work', 'number', 'telemarketers']"
1833,1957408740,neutral,@poohbaby91 hey you WHORE!! that's kinda mean dont yu think?!,"['poohbaby91', 'hey', 'WHORE', ""'s"", 'kinda', 'mean', 'dont', 'yu', 'think']"
1836,1957409511,neutral,http://bit.ly/LaZEL  Wow Christian Lacroix bankrupt.. sad,"['http', '//bit.ly/LaZEL', 'Wow', 'Christian', 'Lacroix', 'bankrupt', '..', 'sad']"
1837,1957409566,neutral,Brownie sundaes at Five and Dumpster. Blood Bros on iTunes. Palm Reader was closed  Fun at the 371 anyway.,"['Brownie', 'sundae', 'Five', 'Dumpster', 'Blood', 'Bros', 'iTunes', 'Palm', 'Reader', 'closed', 'Fun', '371', 'anyway']"
1840,1957410705,neutral,i have much to learn,"['much', 'learn']"
1844,1957411581,neutral,@taylorswift13 so my friends are coming to see you on NYC...but im on stupid vaca in the stupid cayman islands so i cnt go  iloveyou&lt;3,"['taylorswift13', 'friend', 'coming', 'see', 'NYC', '...', 'im', 'stupid', 'vaca', 'stupid', 'cayman', 'island', 'cnt', 'go', 'iloveyou', 'lt']"
1845,1957411728,neutral,@Yaelzraw fell asleep with techno songs on shuffle. Loud.  Its been on for hours. Im too lazy to go turn it off. He has like 800,"['Yaelzraw', 'fell', 'asleep', 'techno', 'song', 'shuffle', 'Loud', 'hour', 'Im', 'lazy', 'go', 'turn', 'like', '800']"
1849,1957412230,neutral,@J2thaESSICA also just spoke to my &lt;3...              ï¿½tearï¿½,"['J2thaESSICA', 'also', 'spoke', 'lt', '...', 'ï¿½tearï¿½']"
1860,1957414055,neutral,Sitting waiting for an exam to start,"['Sitting', 'waiting', 'exam', 'start']"
1861,1957414375,neutral,am hungry agaaaaaaiiiin maaaam,"['hungry', 'agaaaaaaiiiin', 'maaaam']"
1872,1957417035,neutral,"Morning folks! Light tweeting today ('Hurrah!' from the crowd!) 'cos I've a busy Friday. Me inside, sunshine out.","['Morning', 'folk', 'Light', 'tweeting', 'today', ""'Hurrah"", 'crowd', ""'cos"", ""'ve"", 'busy', 'Friday', 'inside', 'sunshine']"
1874,1957417853,neutral,Oh dear. Travellers moved onto land very near my house. They always leave a bloody mess and council take a year b 4 they clean it up,"['Oh', 'dear', 'Travellers', 'moved', 'onto', 'land', 'near', 'house', 'always', 'leave', 'bloody', 'mess', 'council', 'take', 'year', 'b', 'clean']"
1875,1957419654,neutral,"I can't have any pets in the appartment I really want, so no rat yet.","['ca', ""n't"", 'pet', 'appartment', 'really', 'want', 'rat', 'yet']"
1876,1957420156,neutral,going to work soon,"['going', 'work', 'soon']"
1879,1957421152,neutral,So hot today.  Why must it be a weekday,"['hot', 'today', 'must', 'weekday']"
1880,1957421436,neutral,IT DIDN'T WORK,"[""N'T"", 'WORK']"
1881,1957421539,neutral,"I'm going to see Le Mis tonight. - myonlysanction: ugh, so jealous. aw  im a sucker for musicals, but i... http://tumblr.com/xtl1wb089","[""'m"", 'going', 'see', 'Le', 'Mis', 'tonight', 'myonlysanction', 'ugh', 'jealous', 'aw', 'im', 'sucker', 'musical', '...', 'http', '//tumblr.com/xtl1wb089']"
1888,1957424035,neutral,"Gotta sleep, and then off to work","['Got', 'ta', 'sleep', 'work']"
1890,1957424353,neutral,listens to MSI and bakes banana bread. How weird is she? Remarkably not so much anymore.,"['listens', 'MSI', 'bakes', 'banana', 'bread', 'weird', 'Remarkably', 'much', 'anymore']"
1906,1957427532,neutral,@whatthelillyyo we just missd each otha again! I was at disney all day YESTERday!,"['whatthelillyyo', 'missd', 'otha', 'disney', 'day', 'YESTERday']"
1907,1957427946,neutral,i wanna go vivid light walk,"['wan', 'na', 'go', 'vivid', 'light', 'walk']"
1911,1957429077,neutral,is it weird that i really want a harry potter bed spread and pillows???? i wish i could find one that wasn't gryffindor,"['weird', 'really', 'want', 'harry', 'potter', 'bed', 'spread', 'pillow', 'wish', 'could', 'find', 'one', ""n't"", 'gryffindor']"
1915,1957429364,neutral,@CHEVerlyHillz im hella pushin for it...how was tha graduation..sorry i couldnt smash thru...,"['CHEVerlyHillz', 'im', 'hella', 'pushin', '...', 'tha', 'graduation', '..', 'sorry', 'couldnt', 'smash', 'thru', '...']"
1917,1957429845,neutral,what am i doing? what can i do?,[]
1918,1957429876,neutral,wishes that she has a private jet so that she can go see her BFF @ times like this.. ok ok..ot really thinking of carbon footprint here.,"['wish', 'private', 'jet', 'go', 'see', 'BFF', 'time', 'like', '..', 'ok', 'ok', '..', 'ot', 'really', 'thinking', 'carbon', 'footprint']"
1919,1957429927,neutral,"That seized bolt, ya it's still stuck! The bushing is actually seized to the bolt, very very lame   Perhaps some heat will work?","['seized', 'bolt', 'ya', ""'s"", 'still', 'stuck', 'bushing', 'actually', 'seized', 'bolt', 'lame', 'Perhaps', 'heat', 'work']"
1934,1957433660,neutral,@ammaryasir link  I need go on my laptop then sigh.,"['ammaryasir', 'link', 'need', 'go', 'laptop', 'sigh']"
1941,1957434995,neutral,@tsarnick This year,"['tsarnick', 'year']"
1947,1957436063,neutral,"You know... time was, you could look at a Web page's source code and figure out how it worked. Now it takes a lot more effort.","['know', '...', 'time', 'could', 'look', 'Web', 'page', ""'s"", 'source', 'code', 'figure', 'worked', 'take', 'lot', 'effort']"
1949,1957437702,neutral,"is laying in bed, wishing i could meet Kellan Lutz.... haha im a nerd...dream on","['laying', 'bed', 'wishing', 'could', 'meet', 'Kellan', 'Lutz', '....', 'haha', 'im', 'nerd', '...', 'dream']"
1959,1957441745,neutral,"@mikdev  i leave the 27th, back the 5th or 6th.","['mikdev', 'leave', '27th', 'back', '5th', '6th']"
1963,1957442918,neutral,you forgot your fans too!  haha,"['forgot', 'fan', 'haha']"
1976,1957445511,neutral,O and i have to wear a damn jacket today cos i didnt notice a mark on my shirt...,"['wear', 'damn', 'jacket', 'today', 'co', 'didnt', 'notice', 'mark', 'shirt', '...']"
1979,1957445955,neutral,@amazondotjon Can you ask Ryan why he stopped following me on Twitter,"['amazondotjon', 'ask', 'Ryan', 'stopped', 'following', 'Twitter']"
1982,1957446534,neutral,should be going to bed but cannot sleep right now.,"['going', 'bed', 'sleep', 'right']"
1996,1957449087,neutral,is desperate to go to the venice beinnale,"['desperate', 'go', 'venice', 'beinnale']"
1997,1957449193,neutral,Sleep. Work tomorrow.,"['Sleep', 'Work', 'tomorrow']"
1999,1957450153,neutral,got GREATscores. i'm off a while for exam yeaps.,"['got', 'GREATscores', ""'m"", 'exam', 'yeaps']"
2025,1957456771,neutral,@blucu so u aren't going to be in Chicago,"['blucu', 'u', ""n't"", 'going', 'Chicago']"
2028,1957457583,neutral,I think I've finally reached the point in my life where I need a nasal hair trimmer,"['think', ""'ve"", 'finally', 'reached', 'point', 'life', 'need', 'nasal', 'hair', 'trimmer']"
2035,1957458543,neutral,"@antwanduncan ew, tongue kiss","['antwanduncan', 'ew', 'tongue', 'kiss']"
2036,1957458704,neutral,Walls of Jericho please come to WORCESTER asap! Candace pleeaassee! Why did Flee the Seen call it quits? whyyy?,"['Walls', 'Jericho', 'please', 'come', 'WORCESTER', 'asap', 'Candace', 'pleeaassee', 'Flee', 'Seen', 'call', 'quits', 'whyyy']"
2038,1957458958,neutral,@smallchou I'm still working.,"['smallchou', ""'m"", 'still', 'working']"
2055,1957461549,neutral,sometimes spam leaks in to the message board.,"['sometimes', 'spam', 'leak', 'message', 'board']"
2056,1957461580,neutral,"@stalyn Yeh I suppose, but its not the same you know? To me Henry isn't really a gunner any more","['stalyn', 'Yeh', 'suppose', 'know', 'Henry', ""n't"", 'really', 'gunner']"
2072,1957465021,neutral,need to pass the exams,"['need', 'pas', 'exam']"
2076,1957465266,neutral,Every element in the DOM with children is a single parent,"['Every', 'element', 'DOM', 'child', 'single', 'parent']"
2079,1957466063,neutral,@zaam It's is in the July issue of OXM... so I don't have anything to link you to right now,"['zaam', ""'s"", 'July', 'issue', 'OXM', '...', ""n't"", 'anything', 'link', 'right']"
2080,1957466267,neutral,I give in to easily,"['give', 'easily']"
2090,1957468844,neutral,I need a present for my mom.  Could anybody help me ?!,"['need', 'present', 'mom', 'Could', 'anybody', 'help']"
2094,1957469840,neutral,Guess what happened to my butt yesterday? Yes - Annas finger came for a visit... and I said nothing about it.,"['Guess', 'happened', 'butt', 'yesterday', 'Yes', 'Annas', 'finger', 'came', 'visit', '...', 'said', 'nothing']"
2102,1957471796,neutral,"@milosundae akhrnya The Hills nggi..90210-nya macet2..HIMYM cm ada season4,pdhl gw nyari season3nya","['milosundae', 'akhrnya', 'Hills', 'nggi', '..', '90210-nya', 'macet2', '..', 'HIMYM', 'cm', 'ada', 'season4', 'pdhl', 'gw', 'nyari', 'season3nya']"
2109,1957473076,neutral,Surgery when I wake up,"['Surgery', 'wake']"
2118,1957474620,neutral,@lorrainelock they are having a closing down sale !    does not look good.,"['lorrainelock', 'closing', 'sale', 'look', 'good']"
2136,1957477835,neutral,"go to my father's house or not?!that is the question...domestic food and people around me vs my bed,my tv and my world...dont know","['go', 'father', ""'s"", 'house', 'question', '...', 'domestic', 'food', 'people', 'around', 'v', 'bed', 'tv', 'world', '...', 'dont', 'know']"
2138,1957478985,neutral,"@kegrocks I did one last night  it will be available in dvd, blue ray, and digital download via the iTunes store by the end of the week","['kegrocks', 'one', 'last', 'night', 'available', 'dvd', 'blue', 'ray', 'digital', 'download', 'via', 'iTunes', 'store', 'end', 'week']"
2139,1957479011,neutral,"@mrspaulkjonas No, havent heard anything about the show   It hasnt been on on saturday nights, but there are the occasional sunday reruns.","['mrspaulkjonas', 'havent', 'heard', 'anything', 'show', 'hasnt', 'saturday', 'night', 'occasional', 'sunday', 'rerun']"
2146,1957480358,neutral,@grum have you seen who's knocked you off top spot on wefollow for #perth?,"['grum', 'seen', ""'s"", 'knocked', 'top', 'spot', 'wefollow', 'perth']"
2148,1957480573,neutral,@dreamsthedream @dreamsthedream @dreamsthedream I came back to Germany yesterday. My five days in the UK were over.,"['dreamsthedream', 'dreamsthedream', 'dreamsthedream', 'came', 'back', 'Germany', 'yesterday', 'five', 'day', 'UK']"
2150,1957481237,neutral,3) I really want to see &quot;Up&quot;,"['really', 'want', 'see', 'quot', 'quot']"
2157,1957482960,neutral,"Because twitter is about being an attention whore: meet new haircut, same as the old one: http://u.nu/8748 She refused to cut a fringe","['twitter', 'attention', 'whore', 'meet', 'new', 'haircut', 'old', 'one', 'http', '//u.nu/8748', 'refused', 'cut', 'fringe']"
2160,1957483056,neutral,I guess I'm just not smoking tonight,"['guess', ""'m"", 'smoking', 'tonight']"
2163,1957483606,neutral,Oh cr*p ... Placebo tix and Tori Amos both go on sale at 9am. Anticipating hot cake distribution of both.,"['Oh', 'cr', 'p', '...', 'Placebo', 'tix', 'Tori', 'Amos', 'go', 'sale', '9am', 'Anticipating', 'hot', 'cake', 'distribution']"
2169,1957484585,neutral,3/4 through project car 1.,"['3/4', 'project', 'car']"
2170,1957484797,neutral,playing bejewled on facebook.. damn it i want a higherscore!,"['playing', 'bejewled', 'facebook', '..', 'damn', 'want', 'higherscore']"
2171,1957485047,neutral,starting to wonder if I'm going to get this job... came across as though i'd find work elsewhere if needs must... not intentionally,"['starting', 'wonder', ""'m"", 'going', 'get', 'job', '...', 'came', 'across', 'though', ""'d"", 'find', 'work', 'elsewhere', 'need', 'must', '...', 'intentionally']"
2178,1957485864,neutral,Lovely morning to cycle to work but met with a 29 degree office,"['Lovely', 'morning', 'cycle', 'work', 'met', '29', 'degree', 'office']"
2182,1957487022,neutral,"going to work, it's 3:30am","['going', 'work', ""'s"", '3:30am']"
2198,1957491739,neutral,On the train now. I forgot by charger  that means no whoshere for me today till I get home haha!  but I'd still tweet u guys! xxx,"['train', 'forgot', 'charger', 'mean', 'whoshere', 'today', 'till', 'get', 'home', 'haha', ""'d"", 'still', 'tweet', 'u', 'guy', 'xxx']"
2206,1957493949,neutral,nothing,['nothing']
2212,1957495917,neutral,@krissysalisbury don't ask  Hoping that today will be an improvment on the rest of the week. Looking forward to the weekend weather!,"['krissysalisbury', ""n't"", 'ask', 'Hoping', 'today', 'improvment', 'rest', 'week', 'Looking', 'forward', 'weekend', 'weather']"
2215,1957496061,neutral,10 days to recover from ligament damage (from now) will give me about 3 days to train for the 5k,"['10', 'day', 'recover', 'ligament', 'damage', 'give', 'day', 'train', '5k']"
2217,1957496270,neutral,@NellaGrl 64 degrees would be a dream. it's 75 in Boise still.,"['NellaGrl', '64', 'degree', 'would', 'dream', ""'s"", '75', 'Boise', 'still']"
2225,1957498830,neutral,feel like am at one of those gyms where the machines work you rather than you them,"['feel', 'like', 'one', 'gym', 'machine', 'work', 'rather']"
2237,1957501496,neutral,wishes wag na sana ma reject thesis proposal ko nadedepress na ko eh (goodluck) (annoyed)  http://plurk.com/p/wy27u,"['wish', 'wag', 'na', 'sana', 'reject', 'thesis', 'proposal', 'ko', 'nadedepress', 'na', 'ko', 'eh', 'goodluck', 'annoyed', 'http', '//plurk.com/p/wy27u']"
2238,1957501587,neutral,"@DamoDarko yep, i wish they were all playing dubiln","['DamoDarko', 'yep', 'wish', 'playing', 'dubiln']"
2246,1957502640,neutral,lunch at 5.30pm!,"['lunch', '5.30pm']"
2247,1957502951,neutral,assignments!,['assignment']
2253,1957503973,neutral,prepare yourself,['prepare']
2258,1957504759,neutral,@Silbersurfer TOLD YOU!,"['Silbersurfer', 'TOLD']"
2260,1957505158,neutral,@pyroezra but you should move here! I have school.,"['pyroezra', 'move', 'school']"
2267,1957506990,neutral,Eating pringles at nearly 1 AM really reminds me  of touring with the Jonas Brothers (don't ask).......I miss that so much....,"['Eating', 'pringles', 'nearly', 'really', 'reminds', 'touring', 'Jonas', 'Brothers', ""n't"", 'ask', '.......', 'miss', 'much', '....']"
2269,1957507539,neutral,"@Emsy Your pic didn't show up for me  Boo!!!! All the other pics on that site show up, but not yours","['Emsy', 'pic', ""n't"", 'show', 'Boo', 'pic', 'site', 'show']"
2278,1957509668,neutral,@lady_jane   hope yours will go away quicker than mine (10 weeks now and counting),"['lady_jane', 'hope', 'go', 'away', 'quicker', 'mine', '10', 'week', 'counting']"
2285,1957510645,neutral,Just finished watching terminator. Other than the music nothing is great,"['finished', 'watching', 'terminator', 'music', 'nothing', 'great']"
2294,1957512735,neutral,"So, I am working on the news as well while I am doing all of this &amp; Rob is all over the place!  No wonder that boy never gets left alone!","['working', 'news', 'well', 'amp', 'Rob', 'place', 'wonder', 'boy', 'never', 'get', 'left', 'alone']"
2298,1957514298,neutral,"@tsarnick Yeah, that was my thumb last night. Sorry","['tsarnick', 'Yeah', 'thumb', 'last', 'night', 'Sorry']"
2306,1957515772,neutral,@grantarnow WHY DIDNT I SEE YOU?,"['grantarnow', 'DIDNT', 'SEE']"
2311,1957516725,neutral,backache,['backache']
2322,1957519394,neutral,@pyroezra idk if i could.  it would cost me soo much there.,"['pyroezra', 'idk', 'could', 'would', 'cost', 'soo', 'much']"
2338,1957521888,neutral,@beakpie yes. Yes you will.,"['beakpie', 'yes', 'Yes']"
2349,1957524173,neutral,"Ghhh! Went an hour earlier to bed thinking ill get an area hr of sleep, woke up an hr earlier. Today is gonna be a looooong one again.","['Ghhh', 'Went', 'hour', 'earlier', 'bed', 'thinking', 'ill', 'get', 'area', 'hr', 'sleep', 'woke', 'hr', 'earlier', 'Today', 'gon', 'na', 'looooong', 'one']"
2351,1957524727,neutral,@AdamAxon That bloody free kick after 1 min 07 seconds was sooooooo close to going in.......if only,"['AdamAxon', 'bloody', 'free', 'kick', 'min', '07', 'second', 'sooooooo', 'close', 'going', '.......']"
2352,1957525224,neutral,contemplating when to hand in my lovely car,"['contemplating', 'hand', 'lovely', 'car']"
2354,1957525374,neutral,Live TV coming to the XBox 360.  But only if you live in the UK.  http://tinyurl.com/kq47ah,"['Live', 'TV', 'coming', 'XBox', '360', 'live', 'UK', 'http', '//tinyurl.com/kq47ah']"
2356,1957525964,neutral,"you people are missing the point here, instead of @god loosing followers he's GAINING! over 50 new ppl in 6 hours","['people', 'missing', 'point', 'instead', 'god', 'loosing', 'follower', ""'s"", 'GAINING', '50', 'new', 'ppl', 'hour']"
2357,1957526477,neutral,@munzee the 14-24 is definitely going... sold the 70-200 and 200F2 is  too HEAVY  Think I'll get away with the 50/85? #Twedding,"['munzee', '14-24', 'definitely', 'going', '...', 'sold', '70-200', '200F2', 'HEAVY', 'Think', ""'ll"", 'get', 'away', '50/85', 'Twedding']"
2363,1957528306,neutral,@Samm_xo Today yeah,"['Samm_xo', 'Today', 'yeah']"
2364,1957528469,neutral,@justin_roe oh well.  I've never seen him do anything before so I'm not gonna say anything.,"['justin_roe', 'oh', 'well', ""'ve"", 'never', 'seen', 'anything', ""'m"", 'gon', 'na', 'say', 'anything']"
2368,1957529306,neutral,@markboulton @robertmills Looks like I'm on tea duty all day.,"['markboulton', 'robertmills', 'Looks', 'like', ""'m"", 'tea', 'duty', 'day']"
2373,1957530258,neutral,#3wordsaftersex my turn yet?,"['3wordsaftersex', 'turn', 'yet']"
2375,1957530571,neutral,WANTS TO GO TO SLEEP WITH THE SOUND OF THE RAIN,"['WANTS', 'GO', 'SLEEP', 'SOUND', 'RAIN']"
2379,1957531218,neutral,@ac07 LOL. Academy-ish. Haha. I really really miss O.B.,"['ac07', 'LOL', 'Academy-ish', 'Haha', 'really', 'really', 'miss', 'O.B']"
2388,1957533383,neutral,down in my series with denver on 2k9 3-1,"['series', 'denver', '2k9', '3-1']"
2402,1957534931,neutral,@RaNTeLLDaT I KNO I SHOULDA CAME,"['RaNTeLLDaT', 'KNO', 'SHOULDA', 'CAME']"
2407,1957535907,neutral,I wish I had company,"['wish', 'company']"
2410,1957537632,neutral,has woken up feeling a little special...i dont thing drink the bar dry is on the cards. when i finally sober up its home time i think,"['woken', 'feeling', 'little', 'special', '...', 'dont', 'thing', 'drink', 'bar', 'dry', 'card', 'finally', 'sober', 'home', 'time', 'think']"
2412,1957537967,neutral,"@BuddyThePuggy Poor Buddy, being teased by mini puggy  I think what you need is a #PUGHUG","['BuddyThePuggy', 'Poor', 'Buddy', 'teased', 'mini', 'puggy', 'think', 'need', 'PUGHUG']"
2416,1957538772,neutral,@breakfastnt wasn't much of a debate,"['breakfastnt', ""n't"", 'much', 'debate']"
2419,1957539103,neutral,Only four full days left in Aussie-land. I don't want to go home.,"['four', 'full', 'day', 'left', 'Aussie-land', ""n't"", 'want', 'go', 'home']"
2420,1957539161,neutral,They're gone.,"[""'re"", 'gone']"
2431,1957542303,neutral,on way to work,"['way', 'work']"
5,1956968477,worry,Re-pinging @ghostridah14: why didn't you go to prom? BC my bf didn't like my friends,"['Re-pinging', 'ghostridah14', ""n't"", 'go', 'prom', 'BC', 'bf', ""n't"", 'like', 'friend']"
7,1956968636,worry,Hmmm. http://www.djhero.com/ is down,"['Hmmm', 'http', '//www.djhero.com/']"
11,1956969531,worry,Choked on her retainers,"['Choked', 'retainer']"
18,1956971473,worry,@PerezHilton lady gaga tweeted about not being impressed by her video leaking just so you know,"['PerezHilton', 'lady', 'gaga', 'tweeted', 'impressed', 'video', 'leaking', 'know']"
20,1956971981,worry,@raaaaaaek oh too bad! I hope it gets better. I've been having sleep issues lately too,"['raaaaaaek', 'oh', 'bad', 'hope', 'get', 'better', ""'ve"", 'sleep', 'issue', 'lately']"
23,1956972270,worry,I ate Something I don't know what it is... Why do I keep Telling things about food,"['ate', 'Something', ""n't"", 'know', '...', 'keep', 'Telling', 'thing', 'food']"
25,1956972444,worry,On my way home n having 2 deal w underage girls drinking gin on da bus while talking bout keggers......damn i feel old,"['way', 'home', 'n', 'deal', 'w', 'underage', 'girl', 'drinking', 'gin', 'da', 'bus', 'talking', 'bout', 'keggers', '......', 'damn', 'feel', 'old']"
27,1956972884,worry,Damm servers still down  i need to hit 80 before all the koxpers pass me,"['Damm', 'server', 'still', 'need', 'hit', '80', 'koxpers', 'pas']"
29,1956973690,worry,I HATE CANCER. I HATE IT I HATE IT I HATE IT.,"['HATE', 'CANCER', 'HATE', 'HATE', 'HATE']"
37,1956976371,worry,I need skott right now,"['need', 'skott', 'right']"
42,1956977618,worry,just picked up her Blackberry from the middle of the street! Both she and it are crushed!,"['picked', 'Blackberry', 'middle', 'street', 'crushed']"
43,1956977624,worry,Why do I have the feeling I should be packing and hitting for SFO around this time of the year? I think I'm missing something...,"['feeling', 'packing', 'hitting', 'SFO', 'around', 'time', 'year', 'think', ""'m"", 'missing', 'something', '...']"
45,1956978410,worry,"Bed!!!!!... its time,..... hope i go to school tomorrow, all though i don't feel very well right now","['Bed', '...', 'time', '.....', 'hope', 'go', 'school', 'tomorrow', 'though', ""n't"", 'feel', 'well', 'right']"
46,1956978668,worry,"@onscrn Ahh.  ... Well, I was hoping that I could learn some stuff on the way. ... Why not you and I work on separate things but also","['onscrn', 'Ahh', '...', 'Well', 'hoping', 'could', 'learn', 'stuff', 'way', '...', 'work', 'separate', 'thing', 'also']"
51,1956979900,worry,why am i so tired?,['tired']
55,1956980972,worry,sucks not being able to take days off of work or have the money to take the trip  so sad,"['suck', 'able', 'take', 'day', 'work', 'money', 'take', 'trip', 'sad']"
60,1956982449,worry,@itsgabbith at once haha.  poor aby still gets sore!,"['itsgabbith', 'haha', 'poor', 'aby', 'still', 'get', 'sore']"
66,1956983509,worry,@DavidCookLove ia so much! i haven't really been happy with any of cooks choices for singles.,"['DavidCookLove', 'ia', 'much', ""n't"", 'really', 'happy', 'cook', 'choice', 'single']"
68,1956983851,worry,So i think my son might have the flu cause I def. just cleaned up a stanky puke mess  Poor pumkpin,"['think', 'son', 'might', 'flu', 'cause', 'def', 'cleaned', 'stanky', 'puke', 'mess', 'Poor', 'pumkpin']"
71,1956984185,worry,...and all woman who transfer their first impressions (sexual/maternal) onto a less 'threatening' man -- are themselves as weak as 'Him',"['...', 'woman', 'transfer', 'first', 'impression', 'sexual/maternal', 'onto', 'less', ""'threatening"", 'man', '--', 'weak', ""'Him""]"
74,1956984864,worry,"Bitten to blood by my cat, on my way for a rabies bacterin. Seems 7 shots for 2 months. Never wash my cats at home again, they hate water","['Bitten', 'blood', 'cat', 'way', 'rabies', 'bacterin', 'Seems', 'shot', 'month', 'Never', 'wash', 'cat', 'home', 'hate', 'water']"
78,1956985612,worry,is sad that shin ae got married...and it wasn't to alex,"['sad', 'shin', 'ae', 'got', 'married', '...', ""n't"", 'alex']"
79,1956985758,worry,"@shondarhimes Sure you will tweet about this when you're back, but news is abuzz about TR Knight's leaving &quot;confirmed&quot; today.  Muy triste.","['shondarhimes', 'Sure', 'tweet', ""'re"", 'back', 'news', 'abuzz', 'TR', 'Knight', ""'s"", 'leaving', 'quot', 'confirmed', 'quot', 'today', 'Muy', 'triste']"
83,1956986359,worry,"goooood mooorning people... sun is out.. definitly spring now, we had our first spring hail storm, my car has dimples now..","['goooood', 'mooorning', 'people', '...', 'sun', '..', 'definitly', 'spring', 'first', 'spring', 'hail', 'storm', 'car', 'dimple', '..']"
85,1956987381,worry,fresh prince and sleepy sleeps my nightly routine  gotta go to Dmv early tmrw,"['fresh', 'prince', 'sleepy', 'sleep', 'nightly', 'routine', 'got', 'ta', 'go', 'Dmv', 'early', 'tmrw']"
87,1956987828,worry,@emmarler i am jealous of your mom talking to @taylorswift13. i want to see you all our twittering is making me miss you,"['emmarler', 'jealous', 'mom', 'talking', 'taylorswift13', 'want', 'see', 'twittering', 'making', 'miss']"
88,1956987904,worry,I can't sleep...I keep thinking about the puppy I played with today,"['ca', ""n't"", 'sleep', '...', 'keep', 'thinking', 'puppy', 'played', 'today']"
89,1956987950,worry,.. I'm suppposed to be sleep. But i got some much to do. &amp; i got that one part of the song stuck in my head &quot;your a jerk (iknow)&quot;  blaahh,"['..', ""'m"", 'suppposed', 'sleep', 'got', 'much', 'amp', 'got', 'one', 'part', 'song', 'stuck', 'head', 'quot', 'jerk', 'iknow', 'quot', 'blaahh']"
92,1956988223,worry,"Last one month due to summer, strawberry is not availble in the Chennai markets!","['Last', 'one', 'month', 'due', 'summer', 'strawberry', 'availble', 'Chennai', 'market']"
100,1956989914,worry,First ever dropped call on my mobile. On a call to @Telstra no less! ( being charged for data even though I have a data pack  ),"['First', 'ever', 'dropped', 'call', 'mobile', 'call', 'Telstra', 'less', 'charged', 'data', 'even', 'though', 'data', 'pack']"
104,1956990729,worry,Oh no one minute too late! Oh well,"['Oh', 'one', 'minute', 'late', 'Oh', 'well']"
108,1956991723,worry,ahh! big scary bug flying around my room!!!!!,"['ahh', 'big', 'scary', 'bug', 'flying', 'around', 'room']"
110,1956992144,worry,is up with a nasty cough i cant be sick i have a huge weekend ahead of me,"['nasty', 'cough', 'cant', 'sick', 'huge', 'weekend', 'ahead']"
123,1956996470,worry,"@poinktoinkdoink He died.  Wait, what about Magic Jack? I just read it.","['poinktoinkdoink', 'died', 'Wait', 'Magic', 'Jack', 'read']"
129,1956997352,worry,$#@! My nose stud fell out and I can't find it  Looks like I'll have to head into Amsterdam today and get a new one,"['nose', 'stud', 'fell', 'ca', ""n't"", 'find', 'Looks', 'like', ""'ll"", 'head', 'Amsterdam', 'today', 'get', 'new', 'one']"
139,1957000290,worry,"I cant sleep, but im too sore to move","['cant', 'sleep', 'im', 'sore', 'move']"
143,1957000788,worry,Achieving a new appreciation on how a xml build script can really be painful and cumbersome,"['Achieving', 'new', 'appreciation', 'xml', 'build', 'script', 'really', 'painful', 'cumbersome']"
145,1957001370,worry,@omfgiselle i cant do anything,"['omfgiselle', 'cant', 'anything']"
152,1957002923,worry,My head hurts so bad I could scream!,"['head', 'hurt', 'bad', 'could', 'scream']"
153,1957003048,worry,i just go up and IM SO TIRED and my airmatras is broken somewhere and now im in even more pain,"['go', 'IM', 'TIRED', 'airmatras', 'broken', 'somewhere', 'im', 'even', 'pain']"
154,1957003356,worry,New work wellness challenge not going well.  I committed to not check email between 10 pm and 6 am.  Failed on first day.  Twice,"['New', 'work', 'wellness', 'challenge', 'going', 'well', 'committed', 'check', 'email', '10', 'pm', 'Failed', 'first', 'day', 'Twice']"
155,1957003440,worry,New blog post: [Blog] auto insuran...: I just found that my auto insurance policy had been expired. ( I am too careless  ...) .. Meanw ...,"['New', 'blog', 'post', 'Blog', 'auto', 'insuran', '...', 'found', 'auto', 'insurance', 'policy', 'expired', 'careless', '...', '..', 'Meanw', '...']"
157,1957004184,worry,oh men!!!!!!......I really can't see my face........c'mon guys!!!,"['oh', 'men', '......', 'really', 'ca', ""n't"", 'see', 'face', '........', ""c'mon"", 'guy']"
158,1957004519,worry,"I'm showing my age. Renewed my tags last week, went down $20. Got my insurance renewal email today, went down $100. I don't wanna be old","[""'m"", 'showing', 'age', 'Renewed', 'tag', 'last', 'week', 'went', '20', 'Got', 'insurance', 'renewal', 'email', 'today', 'went', '100', ""n't"", 'wan', 'na', 'old']"
159,1957004606,worry,my sole supporter is not my sole supporter,"['sole', 'supporter', 'sole', 'supporter']"
161,1957005165,worry,@Emilyyy16 urgh stop it guys,"['Emilyyy16', 'urgh', 'stop', 'guy']"
167,1957005817,worry,Up reading tabloids about other people's lives...thinking what I'm gonna do with mine when my baby leaves?,"['reading', 'tabloid', 'people', ""'s"", 'life', '...', 'thinking', ""'m"", 'gon', 'na', 'mine', 'baby', 'leaf']"
170,1957006098,worry,I got a giant splinter stuck up underneath my finger nail today at Muppets...it hurt.  But I got to go to First Aid for the first time!,"['got', 'giant', 'splinter', 'stuck', 'underneath', 'finger', 'nail', 'today', 'Muppets', '...', 'hurt', 'got', 'go', 'First', 'Aid', 'first', 'time']"
172,1957006307,worry,is feeling sad... for some reason..  http://plurk.com/p/wxji3,"['feeling', 'sad', '...', 'reason', '..', 'http', '//plurk.com/p/wxji3']"
177,1957006947,worry,"@jaychuck Its so addicting, but its kind of a curse to do them at night time. Everytime i do one, i feel like making music afterwards","['jaychuck', 'addicting', 'kind', 'curse', 'night', 'time', 'Everytime', 'one', 'feel', 'like', 'making', 'music', 'afterwards']"
184,1957007981,worry,@jertronic it wont let me,"['jertronic', 'wont', 'let']"
187,1957008287,worry,Spent last night in A&amp;E (ER). Wife tangled wheels with Daughter &amp; hit the deck. Dislocation &amp; fracture resulted.,"['Spent', 'last', 'night', 'amp', 'E', 'ER', 'Wife', 'tangled', 'wheel', 'Daughter', 'amp', 'hit', 'deck', 'Dislocation', 'amp', 'fracture', 'resulted']"
188,1957008292,worry,@TheLastDoctor 9 days  I'm about ready to visit Torchwood and see if they've heard anything,"['TheLastDoctor', 'day', ""'m"", 'ready', 'visit', 'Torchwood', 'see', ""'ve"", 'heard', 'anything']"
195,1957009454,worry,"Ate Mandy, please forgive me. I really am sorry. I don't wanna lose my Bff","['Ate', 'Mandy', 'please', 'forgive', 'really', 'sorry', ""n't"", 'wan', 'na', 'lose', 'Bff']"
197,1957010072,worry,why are plane tickets so expensive,"['plane', 'ticket', 'expensive']"
199,1957010415,worry,Needs a job BADLY!!!,"['Needs', 'job', 'BADLY']"
201,1957011738,worry,Went to Di Bella coffee roasters today and asked for a job...   The person I needed to speak to is on holiday...  #fb,"['Went', 'Di', 'Bella', 'coffee', 'roaster', 'today', 'asked', 'job', '...', 'person', 'needed', 'speak', 'holiday', '...', 'fb']"
222,1957015719,worry,people in my house do not know how to close doors,"['people', 'house', 'know', 'close', 'door']"
225,1957016339,worry,@munchkinhugs I don't like the possibility of the left side of my brain hurting because of the thing called a VP shunt and possible death,"['munchkinhugs', ""n't"", 'like', 'possibility', 'left', 'side', 'brain', 'hurting', 'thing', 'called', 'VP', 'shunt', 'possible', 'death']"
227,1957016818,worry,wants to make a music profile but i don't have money i don't know how to write music i don't know how to play an instrument and no studio,"['want', 'make', 'music', 'profile', ""n't"", 'money', ""n't"", 'know', 'write', 'music', ""n't"", 'know', 'play', 'instrument', 'studio']"
229,1957017177,worry,"It's 1:15 AM, and I hear a helicopter flying over my house. That's kind of weird. In other news, my headache is back. BOOOOO.","[""'s"", '1:15', 'hear', 'helicopter', 'flying', 'house', ""'s"", 'kind', 'weird', 'news', 'headache', 'back', 'BOOOOO']"
230,1957017320,worry,@__sugar oh no  i am always here ;) &lt;3,"['__sugar', 'oh', 'always', 'lt']"
237,1957018162,worry,i think the vog is making me sicker than i think. feeling slightly achy,"['think', 'vog', 'making', 'sicker', 'think', 'feeling', 'slightly', 'achy']"
239,1957019034,worry,i am doing homework it sux big time maths is the worst!!!!!!,"['homework', 'sux', 'big', 'time', 'math', 'worst']"
243,1957019715,worry,"I downloaded the new twitterfon update thinking they were fixing the typing problem for new tweets, but no, they didn't","['downloaded', 'new', 'twitterfon', 'update', 'thinking', 'fixing', 'typing', 'problem', 'new', 'tweet', ""n't""]"
247,1957020390,worry,i'm sooooooooooooo confused,"[""'m"", 'sooooooooooooo', 'confused']"
249,1957020624,worry,"Work day 7 of 7,","['Work', 'day']"
252,1957021039,worry,"@SuperJerry No refunds but they do retrieve accounts, takes like a week. Just hoping the thief doesn't use hacks or then it's permaban","['SuperJerry', 'refund', 'retrieve', 'account', 'take', 'like', 'week', 'hoping', 'thief', ""n't"", 'use', 'hack', ""'s"", 'permaban']"
258,1957022610,worry,not super keen on the drive home through the rain.. additional concentration required that i don't really wanna deal with,"['super', 'keen', 'drive', 'home', 'rain', '..', 'additional', 'concentration', 'required', ""n't"", 'really', 'wan', 'na', 'deal']"
261,1957023133,worry,"no transport for church  wont be making it, im crushed. Oh well, more time for assignments I suppose. My throat really hurts ...","['transport', 'church', 'wont', 'making', 'im', 'crushed', 'Oh', 'well', 'time', 'assignment', 'suppose', 'throat', 'really', 'hurt', '...']"
266,1957024334,worry,@seemouserun so I tried jumping without the trampoline and its like thud* thud*  shouldn't have eaten that cookie.  http://myloc.me/1XIz,"['seemouserun', 'tried', 'jumping', 'without', 'trampoline', 'like', 'thud', 'thud', ""n't"", 'eaten', 'cookie', 'http', '//myloc.me/1XIz']"
274,1957028775,worry,I have forgot the live with the Jonas Brothers on Facebook,"['forgot', 'live', 'Jonas', 'Brothers', 'Facebook']"
278,1957029641,worry,"I have to admit, I'm a bit bummed out that I wasn't with my friends walking today....","['admit', ""'m"", 'bit', 'bummed', ""n't"", 'friend', 'walking', 'today', '....']"
280,1957030196,worry,my twitter has been hacked again,"['twitter', 'hacked']"
285,1957031520,worry,"@jmoriarty I don't even want to know WHY you know about VHEMT, but don't go - we'd miss you","['jmoriarty', ""n't"", 'even', 'want', 'know', 'know', 'VHEMT', ""n't"", 'go', ""'d"", 'miss']"
292,1957032539,worry,"OMG-ness it's 11:18 pm and I need to beup early to set up my garage sale it starts a 8am, wish I said 9am. I'm beat.","['OMG-ness', ""'s"", '11:18', 'pm', 'need', 'beup', 'early', 'set', 'garage', 'sale', 'start', '8am', 'wish', 'said', '9am', ""'m"", 'beat']"
294,1957033103,worry,"Okay, so twitter suddenly changed, how do I respond to messages now","['Okay', 'twitter', 'suddenly', 'changed', 'respond', 'message']"
296,1957033558,worry,Decided that no matter how good my hair looks curly it doesn't justify the burn I get from the curler! My hands covered  I suck at it!,"['Decided', 'matter', 'good', 'hair', 'look', 'curly', ""n't"", 'justify', 'burn', 'get', 'curler', 'hand', 'covered', 'suck']"
300,1957033901,worry,sprained my ankle  like really badly and tore some stuffs. it hurts! and its my birthday weekend,"['sprained', 'ankle', 'like', 'really', 'badly', 'tore', 'stuff', 'hurt', 'birthday', 'weekend']"
317,1957038477,worry,Hope I get a job cuz we need an apartment. I'm drunk &amp; miss my lil punkin  TEHE!!!,"['Hope', 'get', 'job', 'cuz', 'need', 'apartment', ""'m"", 'drunk', 'amp', 'miss', 'lil', 'punkin', 'TEHE']"
318,1957038763,worry,just got home! not wanting to read the last chaper of breaking dawn cause i dont want it to beover,"['got', 'home', 'wanting', 'read', 'last', 'chaper', 'breaking', 'dawn', 'cause', 'dont', 'want', 'beover']"
319,1957038970,worry,I need to be held...  Gnite.,"['need', 'held', '...', 'Gnite']"
320,1957039203,worry,"Hanging out with sam, billy, and veronica. not going to school tomorrow to take sam to body shops. Dang car accidents","['Hanging', 'sam', 'billy', 'veronica', 'going', 'school', 'tomorrow', 'take', 'sam', 'body', 'shop', 'Dang', 'car', 'accident']"
325,1957039947,worry,@blood_rain i wanna see her hair  hows everyone?,"['blood_rain', 'wan', 'na', 'see', 'hair', 'hows', 'everyone']"
329,1957041569,worry,Aww...  Pray for the arroyo family everyone!,"['Aww', '...', 'Pray', 'arroyo', 'family', 'everyone']"
334,1957041856,worry,@wuzzyangel You never answered your DM I sent you....   I need your info...,"['wuzzyangel', 'never', 'answered', 'DM', 'sent', '....', 'need', 'info', '...']"
335,1957042008,worry,Am trying to get through the pilot of the first season of friday night lights. Oh gosh  Pass the tissue...,"['trying', 'get', 'pilot', 'first', 'season', 'friday', 'night', 'light', 'Oh', 'gosh', 'Pass', 'tissue', '...']"
337,1957042474,worry,I have cystic lacrimal infectection?? my eye and face are swollen and it hurts!!,"['cystic', 'lacrimal', 'infectection', 'eye', 'face', 'swollen', 'hurt']"
338,1957042509,worry,@jose3030 I didn't think anyone caught that,"['jose3030', ""n't"", 'think', 'anyone', 'caught']"
346,1957044680,worry,looks like i'll never go to the zoo,"['look', 'like', ""'ll"", 'never', 'go', 'zoo']"
347,1957044694,worry,@djvinceadams Ohh poor girl  I'll email her... I am relying on you being here in October Mr!!,"['djvinceadams', 'Ohh', 'poor', 'girl', ""'ll"", 'email', '...', 'relying', 'October', 'Mr']"
349,1957044789,worry,@Moss1982 bad times?,"['Moss1982', 'bad', 'time']"
354,1957045940,worry,@SharonHayes Thank you for the rec but that doesn't work,"['SharonHayes', 'Thank', 'rec', ""n't"", 'work']"
356,1957046090,worry,My puppy Gizmo h8s me..  haha. He still growls @ me.  I always look back @ my long pruple scar on my fingie,"['puppy', 'Gizmo', 'h8s', '..', 'haha', 'still', 'growl', 'always', 'look', 'back', 'long', 'pruple', 'scar', 'fingie']"
357,1957046631,worry,I don't know how ima work out tomorrow wit my body dis sore  ugh,"[""n't"", 'know', 'ima', 'work', 'tomorrow', 'wit', 'body', 'dis', 'sore', 'ugh']"
360,1957047569,worry,I'm feeling this pressure in my head that always kicks in just before a nasty headache. I'm not looking forward to this.,"[""'m"", 'feeling', 'pressure', 'head', 'always', 'kick', 'nasty', 'headache', ""'m"", 'looking', 'forward']"
362,1957047787,worry,I'm suppose to turn in a sentence outline for my research paper within the hour online but my neck hurts.,"[""'m"", 'suppose', 'turn', 'sentence', 'outline', 'research', 'paper', 'within', 'hour', 'online', 'neck', 'hurt']"
363,1957047828,worry,"Lady across the way had a miscarriage, say a prayer","['Lady', 'across', 'way', 'miscarriage', 'say', 'prayer']"
366,1957048870,worry,I feel so deflated. No more doggy.,"['feel', 'deflated', 'doggy']"
369,1957050684,worry,is feeling bad  just got bad news about my Mum,"['feeling', 'bad', 'got', 'bad', 'news', 'Mum']"
375,1957052409,worry,don't feel like working  I think I tweet this too often!,"[""n't"", 'feel', 'like', 'working', 'think', 'tweet', 'often']"
377,1957053170,worry,vineri...nimic special sau probabil un alt weekend pierdut...,"['vineri', '...', 'nimic', 'special', 'sau', 'probabil', 'un', 'alt', 'weekend', 'pierdut', '...']"
382,1957055178,worry,"got to final table, but....went out third.  Don't think I'll be getting my free seat","['got', 'final', 'table', '....', 'went', 'third', ""n't"", 'think', ""'ll"", 'getting', 'free', 'seat']"
388,1957056896,worry,The humpalow um ya I think so... Cell is dying,"['humpalow', 'um', 'ya', 'think', '...', 'Cell', 'dying']"
389,1957057026,worry,Last day at work...Sick to the bone,"['Last', 'day', 'work', '...', 'Sick', 'bone']"
390,1957057469,worry,i feel like I'm on house arrest.,"['feel', 'like', ""'m"", 'house', 'arrest']"
393,1957058219,worry,@cosmiclagoon Did you know that there is a shortage of shells for crabs to use on the beach due to beach combers? It is very sad,"['cosmiclagoon', 'know', 'shortage', 'shell', 'crab', 'use', 'beach', 'due', 'beach', 'comber', 'sad']"
401,1957060439,worry,It's a sad economy. Just heard of another friend losing their job.  so sad. But just a reminder that...,"[""'s"", 'sad', 'economy', 'heard', 'another', 'friend', 'losing', 'job', 'sad', 'reminder', '...']"
402,1957061418,worry,@jarekpastor I'm just starting to feel really panicky and anxious that something bad has happened cos it seems like it's been ages,"['jarekpastor', ""'m"", 'starting', 'feel', 'really', 'panicky', 'anxious', 'something', 'bad', 'happened', 'co', 'seems', 'like', ""'s"", 'age']"
403,1957061527,worry,my dog ran awayyy,"['dog', 'ran', 'awayyy']"
405,1957062262,worry,"I'm back. top molar extracted  swollen face, all numb.  But no more toothache or sinus pain.","[""'m"", 'back', 'top', 'molar', 'extracted', 'swollen', 'face', 'numb', 'toothache', 'sinus', 'pain']"
407,1957062676,worry,does anyone know any good rap songs? i need to make a rap/fun cd and i have no idea  helllllpppp,"['anyone', 'know', 'good', 'rap', 'song', 'need', 'make', 'rap/fun', 'cd', 'idea', 'helllllpppp']"
413,1957064177,worry,my mobile phone refuses to charge!!  either the battery is broken or the chargerrr ( booooo,"['mobile', 'phone', 'refuse', 'charge', 'either', 'battery', 'broken', 'chargerrr', 'booooo']"
414,1957064253,worry,@Kirsten613 oh how i wish you would get her to sign something then send it to me or let me call you when you meet or something,"['Kirsten613', 'oh', 'wish', 'would', 'get', 'sign', 'something', 'send', 'let', 'call', 'meet', 'something']"
415,1957064566,worry,"@kimberly625 hmmm, I thought u were sleeping!! Too bad I can't see those videos until tomorrow night.","['kimberly625', 'hmmm', 'thought', 'u', 'sleeping', 'bad', 'ca', ""n't"", 'see', 'video', 'tomorrow', 'night']"
421,1957066120,worry,@charloro jealous  it looks like schindler's list in toronto,"['charloro', 'jealous', 'look', 'like', 'schindler', ""'s"", 'list', 'toronto']"
426,1957068229,worry,"Nearly fell asleep, but was jolted out of bed by a massive panic attack and now I'm not sure if I can sleep at all.","['Nearly', 'fell', 'asleep', 'jolted', 'bed', 'massive', 'panic', 'attack', ""'m"", 'sure', 'sleep']"
433,1957070786,worry,Tactical mistake: going to the city library and buying milk. Who knew? OUCH OUCH OUCH. Maybe a good thing I didn't try for uni.,"['Tactical', 'mistake', 'going', 'city', 'library', 'buying', 'milk', 'knew', 'OUCH', 'OUCH', 'OUCH', 'Maybe', 'good', 'thing', ""n't"", 'try', 'uni']"
437,1957072308,worry,my stomach feels like it's touching the ground..i'm SO full,"['stomach', 'feel', 'like', ""'s"", 'touching', 'ground', '..', ""'m"", 'full']"
440,1957072682,worry,Sooo much work so little time,"['Sooo', 'much', 'work', 'little', 'time']"
446,1957073984,worry,"Ugh, my internet was down!","['Ugh', 'internet']"
448,1957074214,worry,is feeling so giddy and wanna go home.,"['feeling', 'giddy', 'wan', 'na', 'go', 'home']"
451,1957074977,worry,Up and packing. Its the last day of youth camp,"['packing', 'last', 'day', 'youth', 'camp']"
454,1957075229,worry,Somebody please save the polar bears!,"['Somebody', 'please', 'save', 'polar', 'bear']"
457,1957075457,worry,It has come to my attention from a 16yo friend that I've recently gained a TON of weight. He didn't know it was me.,"['come', 'attention', '16yo', 'friend', ""'ve"", 'recently', 'gained', 'TON', 'weight', ""n't"", 'know']"
458,1957075557,worry,guess im staying home tonight...no movie-ing for me,"['guess', 'im', 'staying', 'home', 'tonight', '...', 'movie-ing']"
460,1957076214,worry,@BuzzEdition reminds me of the weather a month ago it was horrible  I hope all is well hugs,"['BuzzEdition', 'reminds', 'weather', 'month', 'ago', 'horrible', 'hope', 'well', 'hug']"
470,1957079130,worry,@JayDz hope ya sleepin well  guys still here,"['JayDz', 'hope', 'ya', 'sleepin', 'well', 'guy', 'still']"
474,1957079533,worry,damn being drunk and hot sucks,"['damn', 'drunk', 'hot', 'suck']"
476,1957079622,worry,is not sleeping because he has paperwork to do.,"['sleeping', 'paperwork']"
477,1957079972,worry,Showered in ice-cold water. Sweating now. Means one thing: I'm sick,"['Showered', 'ice-cold', 'water', 'Sweating', 'Means', 'one', 'thing', ""'m"", 'sick']"
478,1957080150,worry,"midnight cry.. wish the person I wanted, wanted me right now","['midnight', 'cry', '..', 'wish', 'person', 'wanted', 'wanted', 'right']"
481,1957080963,worry,Went to pole class. Feeling discouraged. I am hopeless when it cones to dancing or sexy moves or spreading my legs.,"['Went', 'pole', 'class', 'Feeling', 'discouraged', 'hopeless', 'cone', 'dancing', 'sexy', 'move', 'spreading', 'leg']"
482,1957081280,worry,"@RoasterBoy And these poor, unfortunate souls don't appear to have any pants at all...  ? http://blip.fm/~78qvz","['RoasterBoy', 'poor', 'unfortunate', 'soul', ""n't"", 'appear', 'pant', '...', 'http', '//blip.fm/~78qvz']"
483,1957081795,worry,@damohopo @StephanieEllen If I told you how often I wash my hair you would never speak to me again,"['damohopo', 'StephanieEllen', 'told', 'often', 'wash', 'hair', 'would', 'never', 'speak']"
484,1957082086,worry,"Looks like another sleepless night dedicated to homework. Sorry in advance, Ms. Chapman.","['Looks', 'like', 'another', 'sleepless', 'night', 'dedicated', 'homework', 'Sorry', 'advance', 'Ms.', 'Chapman']"
485,1957082503,worry,@jessicaduncan http://twitpic.com/662vk -  WHY DO U LOT MOCK ME!!!,"['jessicaduncan', 'http', '//twitpic.com/662vk', 'U', 'LOT', 'MOCK']"
486,1957082536,worry,didnt say goodnight to you,"['didnt', 'say', 'goodnight']"
496,1957083910,worry,@Syo_of_the_dead I met a stranger just 10 min ago. He was stalking me at the store,"['Syo_of_the_dead', 'met', 'stranger', '10', 'min', 'ago', 'stalking', 'store']"
502,1957084742,worry,"Taking Horse Pills, hoping I can get some sleep tonight","['Taking', 'Horse', 'Pills', 'hoping', 'get', 'sleep', 'tonight']"
511,1957086444,worry,"Looks like it's going to be too nice to work today, how annoying as I have no choice","['Looks', 'like', ""'s"", 'going', 'nice', 'work', 'today', 'annoying', 'choice']"
514,1957087059,worry,is desperatly hoping my dad takes me to vanessa's game,"['desperatly', 'hoping', 'dad', 'take', 'vanessa', ""'s"", 'game']"
515,1957087780,worry,@pb_and_jay hi!  Fuck your job!,"['pb_and_jay', 'hi', 'Fuck', 'job']"
521,1957088574,worry,Somebody please save the polar bears!,"['Somebody', 'please', 'save', 'polar', 'bear']"
522,1957088900,worry,"My nose is runny, my head is pounding, and teeth hurt like a bitch. MAN. @-) I feel awful.  =((","['nose', 'runny', 'head', 'pounding', 'teeth', 'hurt', 'like', 'bitch', 'MAN', 'feel', 'awful']"
528,1957090025,worry,At the Grove for 'Drag Me to Hell.' I hope that it doesn't suck.,"['Grove', ""'Drag"", 'Hell', 'hope', ""n't"", 'suck']"
529,1957090285,worry,@NOLAevol so i feel like shit for saying HAPPY BELATED BIRFDAYY.. i'm only a month late,"['NOLAevol', 'feel', 'like', 'shit', 'saying', 'HAPPY', 'BELATED', 'BIRFDAYY', '..', ""'m"", 'month', 'late']"
546,1957093185,worry,hoping i didn't fail english. that would just be sad,"['hoping', ""n't"", 'fail', 'english', 'would', 'sad']"
547,1957093471,worry,Know what would be great? For my shoulder to stop hurting so I can sleep normal again.  I just want/need a few solid hours of good sleep.,"['Know', 'would', 'great', 'shoulder', 'stop', 'hurting', 'sleep', 'normal', 'want/need', 'solid', 'hour', 'good', 'sleep']"
556,1957096302,worry,I knew I should've worn the SARS mask on the plane from SoCal.. feeling the beginnings of a sore throat,"['knew', ""'ve"", 'worn', 'SARS', 'mask', 'plane', 'SoCal', '..', 'feeling', 'beginning', 'sore', 'throat']"
559,1957097210,worry,@laurelexmachina awww I wish I could have been there  I'm stuck here about to jab out my eyes with knitting needles,"['laurelexmachina', 'awww', 'wish', 'could', ""'m"", 'stuck', 'jab', 'eye', 'knitting', 'needle']"
563,1957098732,worry,"finished sewing for the night, uploading pictures from slidebar and beach. i cant believe i am having difficulties with twitter!","['finished', 'sewing', 'night', 'uploading', 'picture', 'slidebar', 'beach', 'cant', 'believe', 'difficulty', 'twitter']"
566,1957099112,worry,#liesgirlstell  a guy calls her phone to see if the number is real ) ohh my phone isn't working . try tomorrow .,"['liesgirlstell', 'guy', 'call', 'phone', 'see', 'number', 'real', 'ohh', 'phone', ""n't"", 'working', 'try', 'tomorrow']"
567,1957099375,worry,#beer #friday #melbourne #cbd #mtub #mini #cmon Thirsty and lonely ... you buggers are making me feel like a scotty no mates,"['beer', 'friday', 'melbourne', 'cbd', 'mtub', 'mini', 'cmon', 'Thirsty', 'lonely', '...', 'bugger', 'making', 'feel', 'like', 'scotty', 'mate']"
568,1957099717,worry,@debbylovespr I know. We came back from 22 down in the 1st just to lose the lead in the last 6 minutes.,"['debbylovespr', 'know', 'came', 'back', '22', '1st', 'lose', 'lead', 'last', 'minute']"
569,1957099719,worry,gosh... summer vacation is almost over here at the philippines.. kinda sad..  i wonder what section will i be in?,"['gosh', '...', 'summer', 'vacation', 'almost', 'philippine', '..', 'kinda', 'sad', '..', 'wonder', 'section']"
571,1957099758,worry,I'm bummed that I can't wear my sweet Nike kicks to work.,"[""'m"", 'bummed', 'ca', ""n't"", 'wear', 'sweet', 'Nike', 'kick', 'work']"
572,1957100044,worry,@Pickleybaby - your twitter is broken,"['Pickleybaby', 'twitter', 'broken']"
575,1957100610,worry,@rachelasha I even saw the news feeds of the archie website. But can't believe he'd choose veronica. I'm disappointed,"['rachelasha', 'even', 'saw', 'news', 'feed', 'archie', 'website', 'ca', ""n't"", 'believe', ""'d"", 'choose', 'veronica', ""'m"", 'disappointed']"
580,1957102266,worry,depressed that i wasn't included in the morcom gardens quiz on facebook,"['depressed', ""n't"", 'included', 'morcom', 'garden', 'quiz', 'facebook']"
581,1957102331,worry,"@dravenreborn yeah, its still totally in the high 60s here. soooo notlooking forward to aug and sept up here","['dravenreborn', 'yeah', 'still', 'totally', 'high', '60', 'soooo', 'notlooking', 'forward', 'aug', 'sept']"
584,1957102785,worry,@ashleypratt Oh come on!!! You get next week off and I get next week full of exams!,"['ashleypratt', 'Oh', 'come', 'get', 'next', 'week', 'get', 'next', 'week', 'full', 'exam']"
586,1957103680,worry,"@vocabularies i know, don't tell anyone  i dont know if my dad told the famz yet. i think i'm taking it online.","['vocabulary', 'know', ""n't"", 'tell', 'anyone', 'dont', 'know', 'dad', 'told', 'famz', 'yet', 'think', ""'m"", 'taking', 'online']"
589,1957103882,worry,My children have promised me birthday brekkie in bed. There's a problem with that in that there's bugger all food in the house,"['child', 'promised', 'birthday', 'brekkie', 'bed', ""'s"", 'problem', ""'s"", 'bugger', 'food', 'house']"
590,1957104001,worry,@RDeRozario woops! I only just realized my DMs to you are not going through,"['RDeRozario', 'woops', 'realized', 'DMs', 'going']"
599,1957106132,worry,@prime8507 PC I agree...  We have a problem. We must stop spending and only work!!!,"['prime8507', 'PC', 'agree', '...', 'problem', 'must', 'stop', 'spending', 'work']"
608,1957108253,worry,"Morning ;Sports day today, and I have to do the three-legged race with @Weefeetfrankie  ; Mr Pettigrew said I'm not aloud to trip her up","['Morning', 'Sports', 'day', 'today', 'three-legged', 'race', 'Weefeetfrankie', 'Mr', 'Pettigrew', 'said', ""'m"", 'aloud', 'trip']"
610,1957109545,worry,Cannot sleep. 2+ hours of tossing and turning.,"['sleep', '2+', 'hour', 'tossing', 'turning']"
611,1957109983,worry,Omg going to die of swine flu when I go to Melbourne,"['Omg', 'going', 'die', 'swine', 'flu', 'go', 'Melbourne']"
618,1957111418,worry,@crispynoodles plus I just deposited tax return cheque but for first time in 7+ years it didn't clear immediately,"['crispynoodles', 'plus', 'deposited', 'tax', 'return', 'cheque', 'first', 'time', '7+', 'year', ""n't"", 'clear', 'immediately']"
620,1957111702,worry,@AshleighRyder I knooww  &amp; my hot water bottle iss in whangamata without me. ahhhhh,"['AshleighRyder', 'knooww', 'amp', 'hot', 'water', 'bottle', 'iss', 'whangamata', 'without', 'ahhhhh']"
625,1957112874,worry,Holy crap! It's raining in LA and I don't have a jacket!  oh no.,"['Holy', 'crap', ""'s"", 'raining', 'LA', ""n't"", 'jacket', 'oh']"
628,1957113231,worry,"Wish I could attend E3 this year. But these small events like the NBA and Stanley Cup Finals keep getting in the way.   Work, work, work.","['Wish', 'could', 'attend', 'E3', 'year', 'small', 'event', 'like', 'NBA', 'Stanley', 'Cup', 'Finals', 'keep', 'getting', 'way', 'Work', 'work', 'work']"
632,1957113844,worry,Rejecting all food substances.,"['Rejecting', 'food', 'substance']"
633,1957114162,worry,"@bigyahu no I was trying to interview Dr Paul Twomey, CEO of ICANN. Phone issues cut the interview from 30 mins to 15.","['bigyahu', 'trying', 'interview', 'Dr', 'Paul', 'Twomey', 'CEO', 'ICANN', 'Phone', 'issue', 'cut', 'interview', '30', 'min', '15']"
636,1957114904,worry,@meghanwong don't think i can take a needle. watched a horribly gory short film on drugs a few months ago. i'm scarred for life.,"['meghanwong', ""n't"", 'think', 'take', 'needle', 'watched', 'horribly', 'gory', 'short', 'film', 'drug', 'month', 'ago', ""'m"", 'scarred', 'life']"
638,1957115194,worry,@jprestonian It feels not good.,"['jprestonian', 'feel', 'good']"
641,1957115546,worry,Thinking about getting up for work,"['Thinking', 'getting', 'work']"
643,1957115997,worry,I was a very naughty girl tonight. dissappointed with myself,"['naughty', 'girl', 'tonight', 'dissappointed']"
644,1957116154,worry,@rbuerckner That's better than Missy 8 telling me I should be on The Biggest Loser,"['rbuerckner', ""'s"", 'better', 'Missy', 'telling', 'Biggest', 'Loser']"
662,1957120282,worry,@elephantgravy my new lens isn't working. It worked for a bit and now gives an fEE error,"['elephantgravy', 'new', 'lens', ""n't"", 'working', 'worked', 'bit', 'give', 'fEE', 'error']"
666,1957120823,worry,"back at school again. almost weekend. oh wait, i gotta work from eight to four tonight","['back', 'school', 'almost', 'weekend', 'oh', 'wait', 'got', 'ta', 'work', 'eight', 'four', 'tonight']"
669,1957121670,worry,doing my english essay (on r&amp;j...wtf) that i should have done a long time ago when it was assigned last thursday,"['english', 'essay', 'r', 'amp', 'j', '...', 'wtf', 'done', 'long', 'time', 'ago', 'assigned', 'last', 'thursday']"
670,1957121753,worry,@Tiff_Tiff_Marie  I think I do it too much....,"['Tiff_Tiff_Marie', 'think', 'much', '....']"
672,1957122083,worry,@GQbound I didn't end up really eating  had more snacks. sigh,"['GQbound', ""n't"", 'end', 'really', 'eating', 'snack', 'sigh']"
675,1957122777,worry,@Harishk: @krist0ph3r @saurabh sorry guys i have to drop out of the trip... some personal commitments..,"['Harishk', 'krist0ph3r', 'saurabh', 'sorry', 'guy', 'drop', 'trip', '...', 'personal', 'commitment', '..']"
680,1957123469,worry,"At Rocky Cola Diner in Whittier tonight with teacher pal Mr. B, we had a great time chatting but no one else came...","['Rocky', 'Cola', 'Diner', 'Whittier', 'tonight', 'teacher', 'pal', 'Mr.', 'B', 'great', 'time', 'chatting', 'one', 'else', 'came', '...']"
683,1957124014,worry,ummm sooo yeh....its really hard to concentrate rite now wen i have this weird #lupus feeling goin thro my body,"['ummm', 'sooo', 'yeh', '....', 'really', 'hard', 'concentrate', 'rite', 'wen', 'weird', 'lupus', 'feeling', 'goin', 'thro', 'body']"
684,1957124073,worry,@charleyboorman http://twitpic.com/65623 - OUCH!! That looks so painful,"['charleyboorman', 'http', '//twitpic.com/65623', 'OUCH', 'look', 'painful']"
689,1957125747,worry,All I want to do is sit back &amp; relax for a little while. How can that be this difficult?!,"['want', 'sit', 'back', 'amp', 'relax', 'little', 'difficult']"
690,1957125791,worry,@zhenerak I thought I was your best friend?,"['zhenerak', 'thought', 'best', 'friend']"
693,1957126765,worry,god i cant even catch public transport. swine flu is shit house,"['god', 'cant', 'even', 'catch', 'public', 'transport', 'swine', 'flu', 'shit', 'house']"
694,1957126859,worry,"Dad just said that our trip to UK is cancelled, due to da swine flu. Ooops! Sorry abang.","['Dad', 'said', 'trip', 'UK', 'cancelled', 'due', 'da', 'swine', 'flu', 'Ooops', 'Sorry', 'abang']"
703,1957129392,worry,"@goddessfleur youre so far away, I don't know what to do....","['goddessfleur', 'youre', 'far', 'away', ""n't"", 'know', '....']"
713,1957131762,worry,@omgjoker o its feels like a hot box and no matter where i go in here it still feels like a hot box! ice cream isn't working n e more,"['omgjoker', 'feel', 'like', 'hot', 'box', 'matter', 'go', 'still', 'feel', 'like', 'hot', 'box', 'ice', 'cream', ""n't"", 'working', 'n', 'e']"
714,1957132096,worry,Very Sad.... please get better Grandma,"['Sad', '....', 'please', 'get', 'better', 'Grandma']"
715,1957132373,worry,@aannniieee uuuugh  i hate everything,"['aannniieee', 'uuuugh', 'hate', 'everything']"
716,1957132397,worry,Gosh. Today's weather is HOrriTerrible! Extreme hotness. I'm losing a lot of water weight by doing nothing.  - http://tweet.sg,"['Gosh', 'Today', ""'s"", 'weather', 'HOrriTerrible', 'Extreme', 'hotness', ""'m"", 'losing', 'lot', 'water', 'weight', 'nothing', 'http', '//tweet.sg']"
717,1957132511,worry,"Is taking a moment to reflect...I want my annonymity back,FB!!!!  Is it safe to say anything about someone else to another friend again?","['taking', 'moment', 'reflect', '...', 'want', 'annonymity', 'back', 'FB', 'safe', 'say', 'anything', 'someone', 'else', 'another', 'friend']"
723,1957133601,worry,@alyssainescruz aww. me too  annoying!!! :|,"['alyssainescruz', 'aww', 'annoying']"
730,1957134780,worry,@RockedByPickler well I don't have vacations so let's NOT go there,"['RockedByPickler', 'well', ""n't"", 'vacation', 'let', ""'s"", 'go']"
731,1957134969,worry,"I think im being ignored...by my best friend, jake....a) i hate being ignored. b) we all know how things go with him","['think', 'im', 'ignored', '...', 'best', 'friend', 'jake', '....', 'hate', 'ignored', 'b', 'know', 'thing', 'go']"
737,1957136519,worry,Taking a nap after work=no sleep right now. The nap felt soooo good but now it seems like a bad idea,"['Taking', 'nap', 'work=no', 'sleep', 'right', 'nap', 'felt', 'soooo', 'good', 'seems', 'like', 'bad', 'idea']"
738,1957136704,worry,is going home... I've seriously had enough,"['going', 'home', '...', ""'ve"", 'seriously', 'enough']"
743,1957137208,worry,@skyduke478 that makes me sad for you,"['skyduke478', 'make', 'sad']"
746,1957138659,worry,Feels like im going to cough up a lung,"['Feels', 'like', 'im', 'going', 'cough', 'lung']"
751,1957140078,worry,@thedailysurvey Why do we love those that we cannot have?,"['thedailysurvey', 'love']"
753,1957140229,worry,"I lost 4 followers over night, nobody likes me","['lost', 'follower', 'night', 'nobody', 'like']"
755,1957140584,worry,I want a new phone  I've seen too much cellphone commercials (,"['want', 'new', 'phone', ""'ve"", 'seen', 'much', 'cellphone', 'commercial']"
756,1957140914,worry,"@Anime81  I'm soo sad. It's just on the edges of the pages, but it's not gonna come out. *cries*","['Anime81', ""'m"", 'soo', 'sad', ""'s"", 'edge', 'page', ""'s"", 'gon', 'na', 'come', 'cry']"
757,1957140966,worry,"this time, i really need to shut it.. i'm going to sleep! my head aches badly and i really can't take it..","['time', 'really', 'need', 'shut', '..', ""'m"", 'going', 'sleep', 'head', 'ache', 'badly', 'really', 'ca', ""n't"", 'take', '..']"
761,1957142083,worry,"Oh no, hubs is so sick! I hope I don't catch it","['Oh', 'hub', 'sick', 'hope', ""n't"", 'catch']"
764,1957142917,worry,Ran out of money. I r a sad panda,"['Ran', 'money', 'r', 'sad', 'panda']"
770,1957144205,worry,@RitikaKar  http://bit.ly/179jxS But gotta wiat till next week  btw...you from Mumbai itself?,"['RitikaKar', 'http', '//bit.ly/179jxS', 'got', 'ta', 'wiat', 'till', 'next', 'week', 'btw', '...', 'Mumbai']"
774,1957145425,worry,i have a really bad head ache  gonna go to bed i might be back maybe not bye bye,"['really', 'bad', 'head', 'ache', 'gon', 'na', 'go', 'bed', 'might', 'back', 'maybe', 'bye', 'bye']"
775,1957145483,worry,friends from Traveller's Tales held a farewell party for me but I kinda disappointed them that I would still be here until Sep. My fault.,"['friend', 'Traveller', ""'s"", 'Tales', 'held', 'farewell', 'party', 'kinda', 'disappointed', 'would', 'still', 'Sep.', 'fault']"
785,1957146742,worry,"@bethBABE4 Oh yeah, i'm the poorest person of all. But i shouldnt joke about that, poor other people","['bethBABE4', 'Oh', 'yeah', ""'m"", 'poorest', 'person', 'shouldnt', 'joke', 'poor', 'people']"
788,1957147097,worry,@janesas_mommy oh  well i hope she gets better,"['janesas_mommy', 'oh', 'well', 'hope', 'get', 'better']"
789,1957147219,worry,@jordskkk who are the crew? please dont be me...  i dont think it is but i could be wrong i have been a number of times...,"['jordskkk', 'crew', 'please', 'dont', '...', 'dont', 'think', 'could', 'wrong', 'number', 'time', '...']"
792,1957147537,worry,haven't watched gossip girl in ageeees ! and need one tree hill season 3 . god i'm so slow,"[""n't"", 'watched', 'gossip', 'girl', 'ageeees', 'need', 'one', 'tree', 'hill', 'season', 'god', ""'m"", 'slow']"
797,1957148385,worry,"Up early again tomorrow... heading to bed now. I keep saying I'm going to take a midday nap, but it hasn't happened this week yet...","['early', 'tomorrow', '...', 'heading', 'bed', 'keep', 'saying', ""'m"", 'going', 'take', 'midday', 'nap', ""n't"", 'happened', 'week', 'yet', '...']"
802,1957149064,worry,@imjustlalayone  I'm so sorry .. ya gotta let me know! I've been booked all week!,"['imjustlalayone', ""'m"", 'sorry', '..', 'ya', 'got', 'ta', 'let', 'know', ""'ve"", 'booked', 'week']"
804,1957149458,worry,@letsgeticecream I miss you!  Come to Michigan like now....I can't wait till July,"['letsgeticecream', 'miss', 'Come', 'Michigan', 'like', '....', 'ca', ""n't"", 'wait', 'till', 'July']"
806,1957149586,worry,farrrrr . pdhpe assignment due next week and have english homework !,"['farrrrr', 'pdhpe', 'assignment', 'due', 'next', 'week', 'english', 'homework']"
807,1957149886,worry,forgot his access card in the carï¿½too lazy to fetch it,"['forgot', 'access', 'card', 'carï¿½too', 'lazy', 'fetch']"
810,1957150332,worry,"@4EvaAFanOfPaula hun are you okay? I see alot of your posts your exercising like mad,not eating or sleeping","['4EvaAFanOfPaula', 'hun', 'okay', 'see', 'alot', 'post', 'exercising', 'like', 'mad', 'eating', 'sleeping']"
814,1957151134,worry,@carrotmadman6 What happened? I'm afraid I missed a large part of the story,"['carrotmadman6', 'happened', ""'m"", 'afraid', 'missed', 'large', 'part', 'story']"
817,1957151709,worry,Dell FX100 Pc-over-IP audio device (Teradici) is giving me a hard time in #Linux #Ubuntu Jaunty  Kernel isnt loading the snd-hda-intel drv,"['Dell', 'FX100', 'Pc-over-IP', 'audio', 'device', 'Teradici', 'giving', 'hard', 'time', 'Linux', 'Ubuntu', 'Jaunty', 'Kernel', 'isnt', 'loading', 'snd-hda-intel', 'drv']"
820,1957152277,worry,sooo.... Hot in here hufff.....,"['sooo', '....', 'Hot', 'hufff', '.....']"
821,1957152425,worry,closeness or distance? closeness... but now everything seems so distant...,"['closeness', 'distance', 'closeness', '...', 'everything', 'seems', 'distant', '...']"
823,1957152849,worry,Ahhhhh! My &quot;Let The Right One In&quot; DVD broke,"['Ahhhhh', 'quot', 'Let', 'Right', 'One', 'quot', 'DVD', 'broke']"
825,1957153177,worry,@hisheidi  my thoughts dwell on a certain person,"['hisheidi', 'thought', 'dwell', 'certain', 'person']"
826,1957153763,worry,fml my work uniform is on the washing line,"['fml', 'work', 'uniform', 'washing', 'line']"
827,1957153898,worry,ohh shit i just realized she still not talking to me  it b like dat some times..,"['ohh', 'shit', 'realized', 'still', 'talking', 'b', 'like', 'dat', 'time', '..']"
829,1957154044,worry,"@MelissaLynnette naw, it doesnt match up LOL and i have no shenanigans to discuss...  but i did do the thing...","['MelissaLynnette', 'naw', 'doesnt', 'match', 'LOL', 'shenanigan', 'discus', '...', 'thing', '...']"
830,1957154062,worry,"@mayora not this part, unfortunately.","['mayora', 'part', 'unfortunately']"
831,1957154220,worry,"@soverpeck dude, i didn't know it was a personal experience. sorry something like that went down","['soverpeck', 'dude', ""n't"", 'know', 'personal', 'experience', 'sorry', 'something', 'like', 'went']"
832,1957154452,worry,@A_Lay aww well I just randomly woke up and now I can't sleep! Too many things on my mind,"['A_Lay', 'aww', 'well', 'randomly', 'woke', 'ca', ""n't"", 'sleep', 'many', 'thing', 'mind']"
833,1957154606,worry,@donperignon me too baby... Miss you,"['donperignon', 'baby', '...', 'Miss']"
839,1957155968,worry,all my pancakes always end up soggy.,"['pancake', 'always', 'end', 'soggy']"
840,1957156210,worry,"4 very big ???zongzi) for lunch, ate more, but not work more.Work less but eat more, what  can I do w/h it? Too useless become.","['big', 'zongzi', 'lunch', 'ate', 'work', 'more.Work', 'less', 'eat', 'w/h', 'useless', 'become']"
844,1957157469,worry,Why do none of my thoughts make sense when I'm sober?,"['none', 'thought', 'make', 'sense', ""'m"", 'sober']"
846,1957158373,worry,I cant to sleep and tomorrow i must wake up too early,"['cant', 'sleep', 'tomorrow', 'must', 'wake', 'early']"
847,1957158466,worry,"@JustDes As it is now, my body has already developed a mind of it's own but that mind refuses to co-operate with set schedules","['JustDes', 'body', 'already', 'developed', 'mind', ""'s"", 'mind', 'refuse', 'co-operate', 'set', 'schedule']"
850,1957158993,worry,Nursing bruises from motorbike crash on Wednesday night leaving London workplace. The ground is so much harder the older you get,"['Nursing', 'bruise', 'motorbike', 'crash', 'Wednesday', 'night', 'leaving', 'London', 'workplace', 'ground', 'much', 'harder', 'older', 'get']"
851,1957159693,worry,"so bored, i have a headache.","['bored', 'headache']"
861,1957160993,worry,another build failed! something is not right in the big scheme of things!,"['another', 'build', 'failed', 'something', 'right', 'big', 'scheme', 'thing']"
862,1957161106,worry,"My wife took my last ï¿½20, no McDonalds breakfast for me today","['wife', 'took', 'last', 'ï¿½20', 'McDonalds', 'breakfast', 'today']"
865,1957162285,worry,I keep on falling asleep when I'm suppose to be awake. I miss my babyy..,"['keep', 'falling', 'asleep', ""'m"", 'suppose', 'awake', 'miss', 'babyy', '..']"
867,1957162853,worry,On my way to nottingham..I so don't want to be going,"['way', 'nottingham', '..', ""n't"", 'want', 'going']"
871,1957163152,worry,I need to wake up earlier so I'm actually tired enough to fall asleep,"['need', 'wake', 'earlier', ""'m"", 'actually', 'tired', 'enough', 'fall', 'asleep']"
882,1957166244,worry,"@bethBABE4 Oh poor beths friend  i'm not naughty, i'm just unperfect.","['bethBABE4', 'Oh', 'poor', 'beth', 'friend', ""'m"", 'naughty', ""'m"", 'unperfect']"
886,1957167206,worry,@BrianLimond Ever seen the tv show Dead Like Me? I died and became a grim reaper. Taking people's souls after accidents,"['BrianLimond', 'Ever', 'seen', 'tv', 'show', 'Dead', 'Like', 'died', 'became', 'grim', 'reaper', 'Taking', 'people', ""'s"", 'soul', 'accident']"
888,1957167387,worry,Steam Punlk fashion show at Anime North and for the first year since TorCon we aren't back til @Anticipationsf &amp; missed it,"['Steam', 'Punlk', 'fashion', 'show', 'Anime', 'North', 'first', 'year', 'since', 'TorCon', ""n't"", 'back', 'til', 'Anticipationsf', 'amp', 'missed']"
890,1957168110,worry,I am dying to hangout on a Friday afternoon...,"['dying', 'hangout', 'Friday', 'afternoon', '...']"
891,1957168160,worry,Eh.. it's cold,"['Eh', '..', ""'s"", 'cold']"
900,1957169248,worry,class color day tomorrow! last time!  I have a lot to remember for tomorrow but I bet I'll forget -_-,"['class', 'color', 'day', 'tomorrow', 'last', 'time', 'lot', 'remember', 'tomorrow', 'bet', ""'ll"", 'forget', '-_-']"
902,1957170158,worry,@keytar @badtwin BUT THEY ARE EXPENSIVE.,"['keytar', 'badtwin', 'EXPENSIVE']"
906,1957170760,worry,Misses his twitastic fwiends,"['Misses', 'twitastic', 'fwiends']"
907,1957171202,worry,@Deziree_Divine take my advice lookin through the phone cost me my relationship,"['Deziree_Divine', 'take', 'advice', 'lookin', 'phone', 'cost', 'relationship']"
915,1957174053,worry,"@WTF_JayR oh, i know how budgeting is.","['WTF_JayR', 'oh', 'know', 'budgeting']"
925,1957175560,worry,"Gorgeous weather, but no bike","['Gorgeous', 'weather', 'bike']"
934,1957177660,worry,"I have drunk hickups. I had a pretty laid back, great night. But I still can't help but be mad about the situation I put myself in","['drunk', 'hickups', 'pretty', 'laid', 'back', 'great', 'night', 'still', 'ca', ""n't"", 'help', 'mad', 'situation', 'put']"
935,1957178636,worry,why do i think i have to take medicine cuz i was laughing to hard?. my head should not be in this much pain. i thought laughter was gud,"['think', 'take', 'medicine', 'cuz', 'laughing', 'hard', 'head', 'much', 'pain', 'thought', 'laughter', 'gud']"
940,1957180100,worry,My tongue still hurts.  I need to sleep!!!,"['tongue', 'still', 'hurt', 'need', 'sleep']"
946,1957181879,worry,needs a little lie down. not feeling great today. boo,"['need', 'little', 'lie', 'feeling', 'great', 'today', 'boo']"
949,1957182104,worry,"its from all that anal sex, i forgot the lube. damn  may need to go to the E.R.","['anal', 'sex', 'forgot', 'lube', 'damn', 'may', 'need', 'go', 'E.R']"
950,1957182181,worry,Playn madden with austin. Im going to miss him..,"['Playn', 'madden', 'austin', 'Im', 'going', 'miss', '..']"
954,1957183021,worry,PLEASE MAKE THE LIVECHAT ON SATURDAY CUS I HAVE TO GO TO SCHOOL ON WEEKDAYS(5/6 AM here)   @Jonasbrothers,"['PLEASE', 'MAKE', 'LIVECHAT', 'SATURDAY', 'CUS', 'GO', 'SCHOOL', 'WEEKDAYS', '5/6', 'Jonasbrothers']"
955,1957183110,worry,"I want to go back to bed but have a child to look after!  I may sleep all of sunday, my enevitable hangover may require it!","['want', 'go', 'back', 'bed', 'child', 'look', 'may', 'sleep', 'sunday', 'enevitable', 'hangover', 'may', 'require']"
956,1957183149,worry,I just got mad tired so no sex  sleepytime night!,"['got', 'mad', 'tired', 'sex', 'sleepytime', 'night']"
961,1957185446,worry,"@scotty_mcc bye, Scotty!  i'm gonna miss you. ily&lt;333","['scotty_mcc', 'bye', 'Scotty', ""'m"", 'gon', 'na', 'miss', 'ily', 'lt', '333']"
962,1957185625,worry,New Comment On Jowki:  I wish I had the time to blog more often  http://cli.gs/ZzRe1P,"['New', 'Comment', 'Jowki', 'wish', 'time', 'blog', 'often', 'http', '//cli.gs/ZzRe1P']"
963,1957186277,worry,we can get a temporary tattoo. I would be totally sad if he died.,"['get', 'temporary', 'tattoo', 'would', 'totally', 'sad', 'died']"
964,1957186411,worry,@professor12 gray! .... i so feel neglected,"['professor12', 'gray', '....', 'feel', 'neglected']"
965,1957187070,worry,@Desert_Star95 oh so you know how I feel then  Damn representative for bank of america tried to make it sound like I did it. What a b ...,"['Desert_Star95', 'oh', 'know', 'feel', 'Damn', 'representative', 'bank', 'america', 'tried', 'make', 'sound', 'like', 'b', '...']"
966,1957187082,worry,is tired and cold and runny,"['tired', 'cold', 'runny']"
972,1957188908,worry,someone save me!! i dont want to pack anymore,"['someone', 'save', 'dont', 'want', 'pack', 'anymore']"
975,1957189540,worry,bruise on knee will make it hard to skate tomorrow.,"['bruise', 'knee', 'make', 'hard', 'skate', 'tomorrow']"
979,1957190114,worry,NO FREE WIFI!?!? My vacay is ruined!!!!,"['FREE', 'WIFI', 'vacay', 'ruined']"
985,1957191331,worry,Trying to sleep without any pills... Not working. 3am and wide awake. But now it's too late to take them because I'll sleep til 3pm,"['Trying', 'sleep', 'without', 'pill', '...', 'working', '3am', 'wide', 'awake', ""'s"", 'late', 'take', ""'ll"", 'sleep', 'til', '3pm']"
986,1957191437,worry,Phone will die soon. What to do now? Oh no!,"['Phone', 'die', 'soon', 'Oh']"
988,1957191630,worry,Forgot my power cable at home today,"['Forgot', 'power', 'cable', 'home', 'today']"
990,1957191925,worry,I can't sleep. I can't find my grandmother's quilt or locket. I'm sick at myself cause I may have lost them somehow. Or they were stolen,"['ca', ""n't"", 'sleep', 'ca', ""n't"", 'find', 'grandmother', ""'s"", 'quilt', 'locket', ""'m"", 'sick', 'cause', 'may', 'lost', 'somehow', 'stolen']"
991,1957192084,worry,@ZachMoore1 I thought I was going to see a pic of your clean car,"['ZachMoore1', 'thought', 'going', 'see', 'pic', 'clean', 'car']"
992,1957192167,worry,@hot30 i want to! but im not over 18 and t&amp;c says over 18's only  wanna make an exception for me ;),"['hot30', 'want', 'im', '18', 'amp', 'c', 'say', '18', ""'s"", 'wan', 'na', 'make', 'exception']"
993,1957192307,worry,"@ingridkerr No, but it does amazing things with keeping all your online conversations in one place... unfortunately that place is Google","['ingridkerr', 'amazing', 'thing', 'keeping', 'online', 'conversation', 'one', 'place', '...', 'unfortunately', 'place', 'Google']"
995,1957192464,worry,@ddlovato Yayyyyyyyyyyy!!!!! but thats sp far away!,"['ddlovato', 'Yayyyyyyyyyyy', 'thats', 'sp', 'far', 'away']"
1000,1957193022,worry,@Sageey My public talk in July got canceled and I don't know why.,"['Sageey', 'public', 'talk', 'July', 'got', 'canceled', ""n't"", 'know']"
1002,1957194036,worry,"Feeling so rough today, just want a cuddle and some sleep","['Feeling', 'rough', 'today', 'want', 'cuddle', 'sleep']"
1004,1957194339,worry,"@portugaltheman Where'd the songs go on the site, I want &quot;Do You&quot; on this computer too","['portugaltheman', ""'d"", 'song', 'go', 'site', 'want', 'quot', 'quot', 'computer']"
1019,1957196764,worry,first puppy gone 2 new home.,"['first', 'puppy', 'gone', 'new', 'home']"
1022,1957197501,worry,feeling extremally ill,"['feeling', 'extremally', 'ill']"
1027,1957198551,worry,&quot;my name is Tony!!!!!! ...not hey!!!!&quot; -  poor tony,"['quot', 'name', 'Tony', '...', 'hey', 'quot', 'poor', 'tony']"
1029,1957198802,worry,back time.  I wish I was a teenager again. I wish I could feel healthy again. I can't remember what it's like to feel healthy anymore.,"['back', 'time', 'wish', 'teenager', 'wish', 'could', 'feel', 'healthy', 'ca', ""n't"", 'remember', ""'s"", 'like', 'feel', 'healthy', 'anymore']"
1031,1957198981,worry,"@YEPNAYDEA I don't have ur #...anymore, I think!!","['YEPNAYDEA', ""n't"", 'ur', '...', 'anymore', 'think']"
1036,1957199632,worry,Damn i have something to say and no one is listening,"['Damn', 'something', 'say', 'one', 'listening']"
1038,1957201369,worry,@Jessicaveronica OMG YAYA!!! we put you #5 please not the end of the year,"['Jessicaveronica', 'OMG', 'YAYA', 'put', 'please', 'end', 'year']"
1039,1957201670,worry,I miss the old healthy me and I am loosing faith that I ever will be again,"['miss', 'old', 'healthy', 'loosing', 'faith', 'ever']"
1041,1957202477,worry,"gonna get off to try and catch some Z's, no more high school after tomorrow! which really sucks  i wish i didn.. http://tinyurl.com/lk9ag8","['gon', 'na', 'get', 'try', 'catch', 'Z', ""'s"", 'high', 'school', 'tomorrow', 'really', 'suck', 'wish', '..', 'http', '//tinyurl.com/lk9ag8']"
1043,1957202990,worry,Rawr and whatnot. I am having a godawful drawing night tonight... even less progress has been made than I expected.,"['Rawr', 'whatnot', 'godawful', 'drawing', 'night', 'tonight', '...', 'even', 'less', 'progress', 'made', 'expected']"
1046,1957203256,worry,I miss my daily quotes! Why don't i get them anymore? @sschabowski am I kicked from your mailinglist?,"['miss', 'daily', 'quote', ""n't"", 'get', 'anymore', 'sschabowski', 'kicked', 'mailinglist']"
1048,1957204382,worry,@MateRiaLGirL1 I won't b hereeeeee. Imma b in georgia  and then I'm off to LA. Grrrrrr!,"['MateRiaLGirL1', 'wo', ""n't"", 'b', 'hereeeeee', 'Imma', 'b', 'georgia', ""'m"", 'LA', 'Grrrrrr']"
1049,1957204499,worry,"@sensonize ohh sorry , thats someone else's pic  my bad","['sensonize', 'ohh', 'sorry', 'thats', 'someone', 'else', ""'s"", 'pic', 'bad']"
1050,1957204516,worry,"Missed my train by 5 secs  yesterdaynight knijp, jaap &amp; flashback. Now sitting on the blisters. If you know what I mean. ;)","['Missed', 'train', 'sec', 'yesterdaynight', 'knijp', 'jaap', 'amp', 'flashback', 'sitting', 'blister', 'know', 'mean']"
1051,1957204629,worry,Why am I still upppp????? LOL.  Work in less than 5 hours.,"['still', 'upppp', 'LOL', 'Work', 'less', 'hour']"
1053,1957205389,worry,@Bam_Hall Is that why you aint answer my call? Thought we were homies!?,"['Bam_Hall', 'aint', 'answer', 'call', 'Thought', 'homies']"
1054,1957205446,worry,gnite  Fukn Nite * wanted sum {pinga} but couldn't get any,"['gnite', 'Fukn', 'Nite', 'wanted', 'sum', 'pinga', 'could', ""n't"", 'get']"
1060,1957206336,worry,"Finally watched the rest of The Guild Season 2. I always feel so sorry (and hopeful at the same time) for your char, @feliciaday","['Finally', 'watched', 'rest', 'Guild', 'Season', 'always', 'feel', 'sorry', 'hopeful', 'time', 'char', 'feliciaday']"
1071,1957207790,worry,"Just spoke to Keith Urban's record company, we can't get him on the show till we're back from holidays  sorry Jack, we're trying mate!","['spoke', 'Keith', 'Urban', ""'s"", 'record', 'company', 'ca', ""n't"", 'get', 'show', 'till', ""'re"", 'back', 'holiday', 'sorry', 'Jack', ""'re"", 'trying', 'mate']"
1072,1957208359,worry,Summer Glau to appear in Dollhouse next year http://tinyurl.com/mnrezc ... I still can't believe they won't renew TSCC,"['Summer', 'Glau', 'appear', 'Dollhouse', 'next', 'year', 'http', '//tinyurl.com/mnrezc', '...', 'still', 'ca', ""n't"", 'believe', 'wo', ""n't"", 'renew', 'TSCC']"
1075,1957208989,worry,@HoptonHouseBnB now theres a thought .... do you still get goldfish at the fair ?? not seen them for years,"['HoptonHouseBnB', 'there', 'thought', '....', 'still', 'get', 'goldfish', 'fair', 'seen', 'year']"
1076,1957209074,worry,@cocoy @mike_online That's the sad thing about it.,"['cocoy', 'mike_online', ""'s"", 'sad', 'thing']"
1079,1957209459,worry,"Oops, Corey saw my last tweet. I guess I'M not getting laid tomorrow.","['Oops', 'Corey', 'saw', 'last', 'tweet', 'guess', ""'M"", 'getting', 'laid', 'tomorrow']"
1081,1957210996,worry,feels disappointed..mahirap talaga mag-supervise ng tao..  http://plurk.com/p/wxqwa,"['feel', 'disappointed', '..', 'mahirap', 'talaga', 'mag-supervise', 'ng', 'tao', '..', 'http', '//plurk.com/p/wxqwa']"
1082,1957211180,worry,I dont get twitter  Someone help me!,"['dont', 'get', 'twitter', 'Someone', 'help']"
1089,1957213679,worry,watching two of my patients die tonight has put me in a funk. one was young.,"['watching', 'two', 'patient', 'die', 'tonight', 'put', 'funk', 'one', 'young']"
1091,1957214477,worry,"The Aila Cyclone left my house in Calcutta with a broken sunshade, balcony and a huge branch of tree thru our bathroom window.....","['Aila', 'Cyclone', 'left', 'house', 'Calcutta', 'broken', 'sunshade', 'balcony', 'huge', 'branch', 'tree', 'thru', 'bathroom', 'window', '.....']"
1092,1957214583,worry,@hot30 guys why did paranoid drop out of the countdown?? thats so not fair  iv voted heaps for it!!!!!,"['hot30', 'guy', 'paranoid', 'drop', 'countdown', 'thats', 'fair', 'iv', 'voted', 'heap']"
1103,1957217150,worry,@tanyaDlove whats up? im sad  you didnt text today.,"['tanyaDlove', 'whats', 'im', 'sad', 'didnt', 'text', 'today']"
1107,1957218626,worry,"have to wear my glasses today, cos my right eye is swollen and i don't know why","['wear', 'glass', 'today', 'co', 'right', 'eye', 'swollen', ""n't"", 'know']"
1109,1957218733,worry,@lizhodgins I heard your moving to Sydney next year im not happy,"['lizhodgins', 'heard', 'moving', 'Sydney', 'next', 'year', 'im', 'happy']"
1113,1957219077,worry,"still has half a math worksheet, science WB pages + worksheet, and english to go! feels a sniffle and dry eyes coming along too.","['still', 'half', 'math', 'worksheet', 'science', 'WB', 'page', 'worksheet', 'english', 'go', 'feel', 'sniffle', 'dry', 'eye', 'coming', 'along']"
1115,1957219313,worry,Never has a chance of sleeping before midnight  my mind is so tired......,"['Never', 'chance', 'sleeping', 'midnight', 'mind', 'tired', '......']"
1117,1957220173,worry,happy to b home .. then my mind wanders an I can't sleep,"['happy', 'b', 'home', '..', 'mind', 'wanders', 'ca', ""n't"", 'sleep']"
1119,1957220978,worry,weebo is dying,"['weebo', 'dying']"
1120,1957221717,worry,4 cases of swine flu!,"['case', 'swine', 'flu']"
1121,1957222771,worry,"@relly1 Hopfully a quiet one @ home,,, No cash to do anything  Then u coming 2 the pub 2moz 2 watch the Pups???","['relly1', 'Hopfully', 'quiet', 'one', 'home', 'cash', 'anything', 'u', 'coming', 'pub', '2moz', 'watch', 'Pups']"
1122,1957222804,worry,Got a flat on the way in today - Pot hole. Another thing to tick off the &quot;crap things that can happen in a week&quot; list,"['Got', 'flat', 'way', 'today', 'Pot', 'hole', 'Another', 'thing', 'tick', 'quot', 'crap', 'thing', 'happen', 'week', 'quot', 'list']"
1124,1957223405,worry,@FrankieTheSats people are pathetic  how do u know some one is trying?,"['FrankieTheSats', 'people', 'pathetic', 'u', 'know', 'one', 'trying']"
1126,1957223709,worry,Complicated with a dream,"['Complicated', 'dream']"
1135,1957225624,worry,"meh, almost didn't sleep, ain't finished anything, I'm close to cancel the Dokomi","['meh', 'almost', ""n't"", 'sleep', 'ai', ""n't"", 'finished', 'anything', ""'m"", 'close', 'cancel', 'Dokomi']"
1136,1957226827,worry,"Hospitals unnerve me  ~  waiting for the Doc, flipping thru magazines  ~","['Hospitals', 'unnerve', 'waiting', 'Doc', 'flipping', 'thru', 'magazine']"
1139,1957227127,worry,"Awake, no migrane (yey) but tummy is hurting, evil IBS","['Awake', 'migrane', 'yey', 'tummy', 'hurting', 'evil', 'IBS']"
1145,1957227877,worry,@rsuenaga im not at litle oven tonight,"['rsuenaga', 'im', 'litle', 'oven', 'tonight']"
1147,1957228259,worry,wow i'm really reallly ill,"['wow', ""'m"", 'really', 'reallly', 'ill']"
1153,1957228684,worry,mary hates me again  i wana walmart it butno one wants to go,"['mary', 'hate', 'wana', 'walmart', 'butno', 'one', 'want', 'go']"
1154,1957229464,worry,is feeling really sick,"['feeling', 'really', 'sick']"
1158,1957230433,worry,My face an my arms. Tragic. Seriously.,"['face', 'arm', 'Tragic', 'Seriously']"
1161,1957230653,worry,@andyclemmensen you didnt send me the text,"['andyclemmensen', 'didnt', 'send', 'text']"
1163,1957231223,worry,Damnit. I have run out of candy coated books.,"['Damnit', 'run', 'candy', 'coated', 'book']"
1171,1957233540,worry,tummy hurts,"['tummy', 'hurt']"
1181,1957237366,worry,sitting in school  sucks to be me!,"['sitting', 'school', 'suck']"
1185,1957237879,worry,Ew I have creepy followers,"['Ew', 'creepy', 'follower']"
1187,1957238263,worry,Insomniaaaaaaa..... all night trying to get a sleep... no luck... and now have to work,"['Insomniaaaaaaa', '.....', 'night', 'trying', 'get', 'sleep', '...', 'luck', '...', 'work']"
1192,1957239393,worry,@Muhammad_Adel they didn't reply yet.. wait till they confirm.. in case somebody might have translated it already..,"['Muhammad_Adel', ""n't"", 'reply', 'yet', '..', 'wait', 'till', 'confirm', '..', 'case', 'somebody', 'might', 'translated', 'already', '..']"
1195,1957239652,worry,It was my baby bros last time singing in front of his school  im so so proud of him !!! but when did i get old  im only 22!,"['baby', 'bros', 'last', 'time', 'singing', 'front', 'school', 'im', 'proud', 'get', 'old', 'im', '22']"
1197,1957240070,worry,http://twitpic.com/664oz - this is what happens when i have no models,"['http', '//twitpic.com/664oz', 'happens', 'model']"
1198,1957240397,worry,"can't find Skins on the stacks, @milosundae  90210/The Hills? wdyt?","['ca', ""n't"", 'find', 'Skins', 'stack', 'milosundae', '90210/The', 'Hills', 'wdyt']"
1203,1957241621,worry,I still miss him... And i dont think he's coming back,"['still', 'miss', '...', 'dont', 'think', ""'s"", 'coming', 'back']"
1207,1957242310,worry,My tummy still hurts  another cubs game tom...goood night.,"['tummy', 'still', 'hurt', 'another', 'cub', 'game', 'tom', '...', 'goood', 'night']"
1212,1957243451,worry,@TreverKeith come back to Perth     I missed the show here!,"['TreverKeith', 'come', 'back', 'Perth', 'missed', 'show']"
1215,1957243718,worry,My baby was so drunk I brought her home for an hour to pass out then carried her to the car,"['baby', 'drunk', 'brought', 'home', 'hour', 'pas', 'carried', 'car']"
1216,1957244220,worry,@JonConnelly You can vote every 20 mins I'm on page 2   http://twurl.nl/hxux3o,"['JonConnelly', 'vote', 'every', '20', 'min', ""'m"", 'page', 'http', '//twurl.nl/hxux3o']"
1217,1957244523,worry,I can't find my ipod,"['ca', ""n't"", 'find', 'ipod']"
1222,1957245567,worry,"@allysonalfonso yeahh, yeah its the hifi lol. grr dads being a pain, he said if i dont find anyone to go with i cant go :@","['allysonalfonso', 'yeahh', 'yeah', 'hifi', 'lol', 'grr', 'dad', 'pain', 'said', 'dont', 'find', 'anyone', 'go', 'cant', 'go']"
1226,1957246195,worry,finally off to bed almost everything is packed gotta be up in about 6 hours to get ready for a double shift of work,"['finally', 'bed', 'almost', 'everything', 'packed', 'got', 'ta', 'hour', 'get', 'ready', 'double', 'shift', 'work']"
1227,1957246312,worry,My throat hurts and I can't sleep.,"['throat', 'hurt', 'ca', ""n't"", 'sleep']"
1228,1957246875,worry,i pulled a muscle in my neck this morning just feels like its getting more sore,"['pulled', 'muscle', 'neck', 'morning', 'feel', 'like', 'getting', 'sore']"
1232,1957247732,worry,@yahyan where did you go babe?,"['yahyan', 'go', 'babe']"
1235,1957248267,worry,its raining  now my hair will gett all gay,"['raining', 'hair', 'gett', 'gay']"
1236,1957248556,worry,@JERI7YN aww you're going back to east coast again?i haven't even seeen you!,"['JERI7YN', 'aww', ""'re"", 'going', 'back', 'east', 'coast', ""n't"", 'even', 'seeen']"
1239,1957249164,worry,Is feeling really bad about goofin' on @NinaParkerTMZ not knowing she really wasn't at the meeting! Dang I'm sorry! Me &amp; my big 'ol mouth,"['feeling', 'really', 'bad', 'goofin', 'NinaParkerTMZ', 'knowing', 'really', ""n't"", 'meeting', 'Dang', ""'m"", 'sorry', 'amp', 'big', ""'ol"", 'mouth']"
1244,1957251210,worry,@nassrenj I miss u guys too  I prob won't b bk til august sumtime... But if I come bk anytime b4 then ill 4 sure let u kno!,"['nassrenj', 'miss', 'u', 'guy', 'prob', 'wo', ""n't"", 'b', 'bk', 'til', 'august', 'sumtime', '...', 'come', 'bk', 'anytime', 'b4', 'ill', 'sure', 'let', 'u', 'kno']"
1245,1957251371,worry,Been up since 5am with my poorly sick baby girl,"['since', '5am', 'poorly', 'sick', 'baby', 'girl']"
1250,1957252272,worry,worried about Mr. Socks tonight.,"['worried', 'Mr.', 'Socks', 'tonight']"
1252,1957252543,worry,@JAYOJAY I'm straining to hear but it's very hard from all the way over here.,"['JAYOJAY', ""'m"", 'straining', 'hear', ""'s"", 'hard', 'way']"
1254,1957254860,worry,"The birds are out,, oh man... That's NOT cool &amp;&amp; I didn't sleep yet for the night!!!","['bird', 'oh', 'man', '...', ""'s"", 'cool', 'amp', 'amp', ""n't"", 'sleep', 'yet', 'night']"
1255,1957255178,worry,Worried about the reply after sending THE SMS to 78277.,"['Worried', 'reply', 'sending', 'SMS', '78277']"
1257,1957255794,worry,@yahyan where'd you go!,"['yahyan', ""'d"", 'go']"
1259,1957256459,worry,Oh good God crampsss...,"['Oh', 'good', 'God', 'crampsss', '...']"
1260,1957256797,worry,Again working on the internet shop ... don't think we will achieve the goal of uploading by the previously set time   Will keep going,"['working', 'internet', 'shop', '...', ""n't"", 'think', 'achieve', 'goal', 'uploading', 'previously', 'set', 'time', 'keep', 'going']"
1262,1957257361,worry,"Home early, yeh! work to do over the weekend, $%$#@!!!! not happy!!! so much 4 a big1","['Home', 'early', 'yeh', 'work', 'weekend', 'happy', 'much', 'big1']"
1265,1957259425,worry,Ok hubby really isnt going to be logging off anytime soon  what to do what to do?,"['Ok', 'hubby', 'really', 'isnt', 'going', 'logging', 'anytime', 'soon']"
1270,1957260020,worry,Can't get the sound to work while on DVD. I was going to watch Mary Poppins.,"['Ca', ""n't"", 'get', 'sound', 'work', 'DVD', 'going', 'watch', 'Mary', 'Poppins']"
1274,1957261926,worry,what am i gonna do when my iphone is full!,"['gon', 'na', 'iphone', 'full']"
1278,1957262657,worry,I honestly feel like I'm not healing or getting any better. This is not good,"['honestly', 'feel', 'like', ""'m"", 'healing', 'getting', 'better', 'good']"
1284,1957264295,worry,Gotta a lot of work knocked out on the project but there's one feature that just refuses to work right. Can't release next version until,"['Got', 'ta', 'lot', 'work', 'knocked', 'project', ""'s"", 'one', 'feature', 'refuse', 'work', 'right', 'Ca', ""n't"", 'release', 'next', 'version']"
1285,1957264644,worry,tiiiired but i cant sleep,"['tiiiired', 'cant', 'sleep']"
1287,1957265116,worry,@DannysGhirl no sleeping for me im at work   it will be summer break soon. Tell them to get there butts out of bed lol,"['DannysGhirl', 'sleeping', 'im', 'work', 'summer', 'break', 'soon', 'Tell', 'get', 'butt', 'bed', 'lol']"
1293,1957265914,worry,@TerrenceJ106 insomniac over here as well,"['TerrenceJ106', 'insomniac', 'well']"
1296,1957266295,worry,i lost mx way,"['lost', 'mx', 'way']"
1297,1957266393,worry,The computers and the Ethernet at school are so slow!,"['computer', 'Ethernet', 'school', 'slow']"
1300,1957267208,worry,i wish people would leave jon &amp; kate alone  i really like that show,"['wish', 'people', 'would', 'leave', 'jon', 'amp', 'kate', 'alone', 'really', 'like', 'show']"
1303,1957268164,worry,very very bad headache that is getting worse by the minute not better.,"['bad', 'headache', 'getting', 'worse', 'minute', 'better']"
1306,1957269141,worry,Here at work having lunch. A lot of work and not enough help,"['work', 'lunch', 'lot', 'work', 'enough', 'help']"
1312,1957271323,worry,Why am I having such a hard time falling asleep,"['hard', 'time', 'falling', 'asleep']"
1319,1957273033,worry,someone has hacked into my emails!! fuck off!!,"['someone', 'hacked', 'email', 'fuck']"
1322,1957274215,worry,Noones talking to me anymore,"['Noones', 'talking', 'anymore']"
1330,1957277936,worry,"@overlordtrainee Sigh. It is a sad, lonely profession.","['overlordtrainee', 'Sigh', 'sad', 'lonely', 'profession']"
1331,1957277972,worry,looks like the eprocurement e-mail address from office mate is blacklisted by IT here.. asking them to whitelist now.,"['look', 'like', 'eprocurement', 'e-mail', 'address', 'office', 'mate', 'blacklisted', '..', 'asking', 'whitelist']"
1334,1957278377,worry,Wow slept in with no dolidh here to wake me up,"['Wow', 'slept', 'dolidh', 'wake']"
1335,1957278625,worry,@isilwenlinwelin i am public and can't get anyone to follow me,"['isilwenlinwelin', 'public', 'ca', ""n't"", 'get', 'anyone', 'follow']"
1339,1957279276,worry,ok deleted all messages and hope they don't come back!!,"['ok', 'deleted', 'message', 'hope', ""n't"", 'come', 'back']"
1340,1957279773,worry,"@againtoday i'm hear ya dude, i can't either","['againtoday', ""'m"", 'hear', 'ya', 'dude', 'ca', ""n't"", 'either']"
1341,1957279860,worry,boo  rabbits pisses on people you know that,"['boo', 'rabbit', 'piss', 'people', 'know']"
1349,1957282585,worry,Walmart opening its first store in Amritsar tomorrow (of all places)...the horror..hoping its limited to wholesale,"['Walmart', 'opening', 'first', 'store', 'Amritsar', 'tomorrow', 'place', '...', 'horror', '..', 'hoping', 'limited', 'wholesale']"
1354,1957284135,worry,I've had a sore throat since monday morning @joeyawesome...I'm just sick of it hurtin and I want some freakin sleep!,"[""'ve"", 'sore', 'throat', 'since', 'monday', 'morning', 'joeyawesome', '...', ""'m"", 'sick', 'hurtin', 'want', 'freakin', 'sleep']"
1355,1957284303,worry,"Gha, off to work - hopefully traffic has cleared up by the time I get there!!","['Gha', 'work', 'hopefully', 'traffic', 'cleared', 'time', 'get']"
1361,1957285542,worry,@starlingpoet lol.. that's worrying,"['starlingpoet', 'lol', '..', ""'s"", 'worrying']"
1368,1957287662,worry,"just tried talking........voice died before end of sentence! Annpyimg thing id, i feel fine!! Another day of not playing the hits","['tried', 'talking', '........', 'voice', 'died', 'end', 'sentence', 'Annpyimg', 'thing', 'id', 'feel', 'fine', 'Another', 'day', 'playing', 'hit']"
1372,1957288690,worry,"going to die from study overload this weekend. too much homework, with paying work to interrupt! i'm screwed","['going', 'die', 'study', 'overload', 'weekend', 'much', 'homework', 'paying', 'work', 'interrupt', ""'m"", 'screwed']"
1375,1957288930,worry,@vivzy yeps...just for today though  I badly wanted to do some geek-shopping...,"['vivzy', 'yeps', '...', 'today', 'though', 'badly', 'wanted', 'geek-shopping', '...']"
1376,1957288955,worry,"I was just watching some cartoons as I haven't in years when I was eating my breakfast, the programs have changed","['watching', 'cartoon', ""n't"", 'year', 'eating', 'breakfast', 'program', 'changed']"
1379,1957290049,worry,Is sooooo tired... wants to crawl back into bed,"['sooooo', 'tired', '...', 'want', 'crawl', 'back', 'bed']"
1385,1957291380,worry,why does IE have to be always a big problem,"['IE', 'always', 'big', 'problem']"
1388,1957292251,worry,@larrysullivan sorry i couldn't fit hal's name,"['larrysullivan', 'sorry', 'could', ""n't"", 'fit', 'hal', ""'s"", 'name']"
1389,1957292414,worry,@someone Kills me to see you online and not be able to say hello,"['someone', 'Kills', 'see', 'online', 'able', 'say', 'hello']"
1391,1957292653,worry,thinks its annoying when i keep getting twitter error messages from my mobile,"['think', 'annoying', 'keep', 'getting', 'twitter', 'error', 'message', 'mobile']"
1392,1957292899,worry,@_shannon1234 Shannie im so sorry! didnt mean to upset you! i just thought you would find it cute  im sorry dont be sad!,"['_shannon1234', 'Shannie', 'im', 'sorry', 'didnt', 'mean', 'upset', 'thought', 'would', 'find', 'cute', 'im', 'sorry', 'dont', 'sad']"
1395,1957293165,worry,trying to get a sale in my job...,"['trying', 'get', 'sale', 'job', '...']"
1396,1957293485,worry,Not excited of blowing out another candle today... [as when I was a kid!]   We gotta grow up soon or later...,"['excited', 'blowing', 'another', 'candle', 'today', '...', 'kid', 'got', 'ta', 'grow', 'soon', 'later', '...']"
1403,1957296720,worry,morning class  .. always late or bunk ... how can someone wake-up at 8! ...,"['morning', 'class', '..', 'always', 'late', 'bunk', '...', 'someone', 'wake-up', '...']"
1404,1957297066,worry,@aliwise is tweeting so much that she's not even paying attention to me!,"['aliwise', 'tweeting', 'much', ""'s"", 'even', 'paying', 'attention']"
1408,1957298103,worry,What a busy day ... am disappointed that today's show is a repeat,"['busy', 'day', '...', 'disappointed', 'today', ""'s"", 'show', 'repeat']"
1411,1957298715,worry,jessie has gone away 4 the weekend!! I miss her already,"['jessie', 'gone', 'away', 'weekend', 'miss', 'already']"
1414,1957299609,worry,my HD is full. need to cleanup a lot,"['HD', 'full', 'need', 'cleanup', 'lot']"
1415,1957299627,worry,@rockstargirl209 what happened?,"['rockstargirl209', 'happened']"
1418,1957300243,worry,@viintagedresses aww poor Caity  :L add people n they will add you,"['viintagedresses', 'aww', 'poor', 'Caity', 'L', 'add', 'people', 'n', 'add']"
1420,1957300913,worry,is very very tired  just want to sleep.  Stupid work getting in the way!!!,"['tired', 'want', 'sleep', 'Stupid', 'work', 'getting', 'way']"
1425,1957301728,worry,I'm so sleepy my head hurts.  gnite lovers! See ya in that am !,"[""'m"", 'sleepy', 'head', 'hurt', 'gnite', 'lover', 'See', 'ya']"
1427,1957302143,worry,Theres a spider above my bed  calming my fears by listening to greeeeen day&lt;3,"['Theres', 'spider', 'bed', 'calming', 'fear', 'listening', 'greeeeen', 'day', 'lt']"
1429,1957302412,worry,Is. this. a. lie? FML. F uuuuuuu. I can be such a fool sometimes,"['a.', 'lie', 'FML', 'F', 'uuuuuuu', 'fool', 'sometimes']"
1431,1957302818,worry,@burnspank41 shit i hope theyr all wrong we need him,"['burnspank41', 'shit', 'hope', 'theyr', 'wrong', 'need']"
1432,1957303200,worry,There's a spider in my room. Save me...,"[""'s"", 'spider', 'room', 'Save', '...']"
1439,1957305112,worry,"@JKeith1982 hmmmm, that's not nice... think you should take it back. I can't help it I'm hungry. No food in this office.","['JKeith1982', 'hmmmm', ""'s"", 'nice', '...', 'think', 'take', 'back', 'ca', ""n't"", 'help', ""'m"", 'hungry', 'food', 'office']"
1444,1957306361,worry,an aston os my dream car but its wishful thinking,"['aston', 'o', 'dream', 'car', 'wishful', 'thinking']"
1451,1957309670,worry,Been working lots of overtime this week. Only just realized I booked a half day tomorrow so this week will just break even,"['working', 'lot', 'overtime', 'week', 'realized', 'booked', 'half', 'day', 'tomorrow', 'week', 'break', 'even']"
1452,1957309999,worry,what am l doing?? .....nothing much atm,"['l', '.....', 'nothing', 'much', 'atm']"
1454,1957310177,worry,@dopeboySHAKE omg man  i'll pray for ya,"['dopeboySHAKE', 'omg', 'man', ""'ll"", 'pray', 'ya']"
1463,1957312930,worry,@mrskutcher All Pret-a-manger &amp; some marks &amp; spencers stores in the UK donate their food at the end of the day. Most lock their bins,"['mrskutcher', 'Pret-a-manger', 'amp', 'mark', 'amp', 'spencer', 'store', 'UK', 'donate', 'food', 'end', 'day', 'lock', 'bin']"
1470,1957314701,worry,i cant sleep,"['cant', 'sleep']"
1471,1957315485,worry,"@MooNooH I don't understand anything, HELP","['MooNooH', ""n't"", 'understand', 'anything', 'HELP']"
1478,1957316683,worry,Homework. ew fml. Should I pull an all nighter? I think I'm gonna have to again,"['Homework', 'ew', 'fml', 'pull', 'nighter', 'think', ""'m"", 'gon', 'na']"
1481,1957317577,worry,"Good Morning campers, I'm not a happy bear this morning, had an awful dream during the night, &amp; am v worried.","['Good', 'Morning', 'camper', ""'m"", 'happy', 'bear', 'morning', 'awful', 'dream', 'night', 'amp', 'v', 'worried']"
1484,1957318057,worry,@ihatecrayons i'm so fucking nervous!!!,"['ihatecrayons', ""'m"", 'fucking', 'nervous']"
1487,1957318639,worry,@quikness Waaaahhh! So sad     Let me know when ur next down this way!,"['quikness', 'Waaaahhh', 'sad', 'Let', 'know', 'ur', 'next', 'way']"
1488,1957318668,worry,@kyza holy cute! Dexter has already lost his kitten face  gettin a chunky butt since we got back from qld too haha,"['kyza', 'holy', 'cute', 'Dexter', 'already', 'lost', 'kitten', 'face', 'gettin', 'chunky', 'butt', 'since', 'got', 'back', 'qld', 'haha']"
1492,1957319833,worry,"awwww, writing my resume's too difficult XD how do i tell them i've taken 10 different jobs and quit them within the span of two months?","['awwww', 'writing', 'resume', ""'s"", 'difficult', 'XD', 'tell', ""'ve"", 'taken', '10', 'different', 'job', 'quit', 'within', 'span', 'two', 'month']"
1493,1957320064,worry,"@yellowbag Hmmm, should have looked at it a little more methinks","['yellowbag', 'Hmmm', 'looked', 'little', 'methinks']"
1501,1957321474,worry,valium makes you feel goood. i need more. i can't fall back asleep. i want my mommy,"['valium', 'make', 'feel', 'goood', 'need', 'ca', ""n't"", 'fall', 'back', 'asleep', 'want', 'mommy']"
1502,1957321983,worry,I'm wake and sad  what the hells going on,"[""'m"", 'wake', 'sad', 'hell', 'going']"
1508,1957323105,worry,"I don't think Jon and Kate should get a divorce, but I do think if they want to save their marriage they have to quit the show...","[""n't"", 'think', 'Jon', 'Kate', 'get', 'divorce', 'think', 'want', 'save', 'marriage', 'quit', 'show', '...']"
1512,1957324684,worry,Off to work I go,"['work', 'go']"
1513,1957325063,worry,"@Nanava_3 U know - kids do what we DO - not what we SAY ... well, don't we all, really  ....","['Nanava_3', 'U', 'know', 'kid', 'SAY', '...', 'well', ""n't"", 'really', '....']"
1515,1957325406,worry,@melisamelisa haha you have a better life than most. we should go get drinks again soon. jury duty has been boring,"['melisamelisa', 'haha', 'better', 'life', 'go', 'get', 'drink', 'soon', 'jury', 'duty', 'boring']"
1522,1957328439,worry,Hoping that this will just heal on it's own because anything I put on it just makes it worse. Owww,"['Hoping', 'heal', ""'s"", 'anything', 'put', 'make', 'worse', 'Owww']"
1524,1957328936,worry,@forevertanoya awww dnt say that. I wanted to see it  how bad is it?,"['forevertanoya', 'awww', 'dnt', 'say', 'wanted', 'see', 'bad']"
1528,1957329516,worry,Apparently excessive heat is just as bad for a cold as excessive cold. My body is all blerg. My sofa is not comfy enough for my gaming,"['Apparently', 'excessive', 'heat', 'bad', 'cold', 'excessive', 'cold', 'body', 'blerg', 'sofa', 'comfy', 'enough', 'gaming']"
1534,1957331850,worry,@Radio702 Tshwane wants double rates but try and phone to get service - endless loop #fail,"['Radio702', 'Tshwane', 'want', 'double', 'rate', 'try', 'phone', 'get', 'service', 'endless', 'loop', 'fail']"
1537,1957332651,worry,@mcvie saying goodbye to something familiar never becomes familiar,"['mcvie', 'saying', 'goodbye', 'something', 'familiar', 'never', 'becomes', 'familiar']"
1543,1957335106,worry,On the bus goin 2 work but omg seriously im sooooo tired dont know if i'll survive the 8 hour shift,"['bus', 'goin', 'work', 'omg', 'seriously', 'im', 'sooooo', 'tired', 'dont', 'know', ""'ll"", 'survive', 'hour', 'shift']"
1545,1957335305,worry,I am down  I need my snuggles but he is at work and he don't like to snuggle  ironic huh...,"['need', 'snuggle', 'work', ""n't"", 'like', 'snuggle', 'ironic', 'huh', '...']"
1549,1957336120,worry,gotta love how im waking home at midnite. dangggg pray for mr. im so jumpy,"['got', 'ta', 'love', 'im', 'waking', 'home', 'midnite', 'dangggg', 'pray', 'mr.', 'im', 'jumpy']"
1552,1957336824,worry,i need some hot green tea  I cant sleep  ....,"['need', 'hot', 'green', 'tea', 'cant', 'sleep', '....']"
1556,1957339208,worry,Test another update... sorry for bothering all of u guys,"['Test', 'another', 'update', '...', 'sorry', 'bothering', 'u', 'guy']"
1558,1957339578,worry,mmkayy TOTALLY going to bedd now. i mean it!! im only gonna get 3 hours of sleep tonight,"['mmkayy', 'TOTALLY', 'going', 'bedd', 'mean', 'im', 'gon', 'na', 'get', 'hour', 'sleep', 'tonight']"
1559,1957339774,worry,@iancpalmer they don't use MSN either I don't think  and they are thousands of miles away so can't do it face to face,"['iancpalmer', ""n't"", 'use', 'MSN', 'either', ""n't"", 'think', 'thousand', 'mile', 'away', 'ca', ""n't"", 'face', 'face']"
1560,1957339781,worry,@ErikVeland Dude... That sucks! Why would they tow it from your own space?,"['ErikVeland', 'Dude', '...', 'suck', 'would', 'tow', 'space']"
1564,1957340848,worry,"@busays12 dont undrstand malaysian busays.just english,tagalog at waray only","['busays12', 'dont', 'undrstand', 'malaysian', 'busays.just', 'english', 'tagalog', 'waray']"
1565,1957340928,worry,cant sleep again! Been up for ages...,"['cant', 'sleep', 'age', '...']"
1566,1957340996,worry,"Well I did run over a cat today (I know how sad) I cried and screamed my lungs out!!! I felt HORRIBLE, poor thing","['Well', 'run', 'cat', 'today', 'know', 'sad', 'cried', 'screamed', 'lung', 'felt', 'HORRIBLE', 'poor', 'thing']"
1569,1957341789,worry,ahh..my stomach hurts,"['ahh', '..', 'stomach', 'hurt']"
1572,1957342876,worry,"Work, work, work","['Work', 'work', 'work']"
1579,1957345163,worry,"loved, but hated driving in pollution","['loved', 'hated', 'driving', 'pollution']"
1584,1957346292,worry,Can't sleep!!! People keep textin me!!!,"['Ca', ""n't"", 'sleep', 'People', 'keep', 'textin']"
1588,1957346841,worry,I hate the fact that I'm 4.5 hours away from you tonight and tomorrow we'll be 1946 miles apart  I wish you were here (,"['hate', 'fact', ""'m"", '4.5', 'hour', 'away', 'tonight', 'tomorrow', ""'ll"", '1946', 'mile', 'apart', 'wish']"
1589,1957346856,worry,@greentm  ... i have phone calls like that often .. different subject - same result of feeling beaten to pulp and left for dead,"['greentm', '...', 'phone', 'call', 'like', 'often', '..', 'different', 'subject', 'result', 'feeling', 'beaten', 'pulp', 'left', 'dead']"
1599,1957349011,worry,Algebra test in three hours!,"['Algebra', 'test', 'three', 'hour']"
1600,1957349129,worry,Morning all: Looks like no Nintendo Gameboy phone,"['Morning', 'Looks', 'like', 'Nintendo', 'Gameboy', 'phone']"
1602,1957349582,worry,@ Pretty_Mess you missed all the free shots,"['Pretty_Mess', 'missed', 'free', 'shot']"
1604,1957350007,worry,@galaxydazzle okay thank you! i can't find it,"['galaxydazzle', 'okay', 'thank', 'ca', ""n't"", 'find']"
1607,1957351082,worry,Oh no.... Trouble in paradice,"['Oh', '....', 'Trouble', 'paradice']"
1615,1957352671,worry,Still awake can't fall asleep I'm not one bit sleepy,"['Still', 'awake', 'ca', ""n't"", 'fall', 'asleep', ""'m"", 'one', 'bit', 'sleepy']"
1617,1957353248,worry,"going crazy, the pain is unbearable..&amp; i gotta wait till thursday!?","['going', 'crazy', 'pain', 'unbearable', '..', 'amp', 'got', 'ta', 'wait', 'till', 'thursday']"
1623,1957355791,worry,@charlietotem just a concert i can't go to due to trials,"['charlietotem', 'concert', 'ca', ""n't"", 'go', 'due', 'trial']"
1624,1957355934,worry,so sad about Mike Tyson's daughter.,"['sad', 'Mike', 'Tyson', ""'s"", 'daughter']"
1626,1957356328,worry,@BeckyBuckwild do you ever respond to ppl?,"['BeckyBuckwild', 'ever', 'respond', 'ppl']"
1628,1957356590,worry,We're having an impromptu pool party... Except I don't know how to swim so I can't get in,"[""'re"", 'impromptu', 'pool', 'party', '...', 'Except', ""n't"", 'know', 'swim', 'ca', ""n't"", 'get']"
1632,1957358280,worry,My stomach is killing me do I can't sleep,"['stomach', 'killing', 'ca', ""n't"", 'sleep']"
1633,1957358607,worry,"Holy shit it's super sunny, Friday and Whitsun, my tube is deeeesearted. Wish I was in the park","['Holy', 'shit', ""'s"", 'super', 'sunny', 'Friday', 'Whitsun', 'tube', 'deeeesearted', 'Wish', 'park']"
1638,1957359907,worry,@erikamodina Yeah ! I downloaded her whole album. :&quot;&gt; THE FAME ! I miss you taking care of me  Hahah !,"['erikamodina', 'Yeah', 'downloaded', 'whole', 'album', 'quot', 'gt', 'FAME', 'miss', 'taking', 'care', 'Hahah']"
1639,1957360601,worry,Scary guy on colbert...,"['Scary', 'guy', 'colbert', '...']"
1642,1957361311,worry,not so good mood..,"['good', 'mood', '..']"
1645,1957361654,worry,@dancinqueenie Morning! I have loads to do 2day  goin for a walk 1st to get rid of last nites haribo's,"['dancinqueenie', 'Morning', 'load', '2day', 'goin', 'walk', '1st', 'get', 'rid', 'last', 'nites', 'haribo', ""'s""]"
1646,1957362094,worry,Where's a bridge when you need one?..... FUCK!,"[""'s"", 'bridge', 'need', 'one', '.....', 'FUCK']"
1647,1957362549,worry,I think I might have to break down and purchase some from the US just because I donot know what to call it over here,"['think', 'might', 'break', 'purchase', 'US', 'donot', 'know', 'call']"
1651,1957363478,worry,"shady's making me  Trying to code something, if you know php, HELP!","['shady', ""'s"", 'making', 'Trying', 'code', 'something', 'know', 'php', 'HELP']"
1655,1957364066,worry,I have to goto work now ahhh kill me  my life isn't going the way I want it too atm. Ta ta kids x,"['goto', 'work', 'ahhh', 'kill', 'life', ""n't"", 'going', 'way', 'want', 'atm', 'Ta', 'ta', 'kid', 'x']"
1656,1957364129,worry,"feeling lonely,DH on night shift all w/e","['feeling', 'lonely', 'DH', 'night', 'shift', 'w/e']"
1662,1957364986,worry,"@lisisilveira   I sent my donation to #Eric and wanted to put the banner on, but my avatar disappeared when I tried ~","['lisisilveira', 'sent', 'donation', 'Eric', 'wanted', 'put', 'banner', 'avatar', 'disappeared', 'tried']"
1663,1957364996,worry,confused on why and how people pose as others on twitter. I mean they really do their homework on peoples lives to imitate them. it's sad,"['confused', 'people', 'pose', 'others', 'twitter', 'mean', 'really', 'homework', 'people', 'life', 'imitate', ""'s"", 'sad']"
1664,1957365206,worry,@Emsy Twitter's being mean w/ the pics lately! Stole mine for an entire day!,"['Emsy', 'Twitter', ""'s"", 'mean', 'w/', 'pic', 'lately', 'Stole', 'mine', 'entire', 'day']"
1666,1957365292,worry,"@onmammaz ugh! I have a knee injury too, except mine is just an infected cut that hurts like hell","['onmammaz', 'ugh', 'knee', 'injury', 'except', 'mine', 'infected', 'cut', 'hurt', 'like', 'hell']"
1669,1957366488,worry,@pkBLGdonahue he's not logging in yet.  and i doubt if he will check his his replies here in twitter. but we must keep on trying!,"['pkBLGdonahue', ""'s"", 'logging', 'yet', 'doubt', 'check', 'reply', 'twitter', 'must', 'keep', 'trying']"
1675,1957369079,worry,I just really want to sleep butmy eyes won't let me,"['really', 'want', 'sleep', 'butmy', 'eye', 'wo', ""n't"", 'let']"
1677,1957369316,worry,http://twitpic.com/665e9 - i miss this place,"['http', '//twitpic.com/665e9', 'miss', 'place']"
1685,1957371465,worry,Has been rejected,['rejected']
1686,1957371472,worry,@linojoelsap still got one more year with t-mo tho  I might just get a new bb curve. Not too concerned abt apps. Batt life is important,"['linojoelsap', 'still', 'got', 'one', 'year', 't-mo', 'tho', 'might', 'get', 'new', 'bb', 'curve', 'concerned', 'abt', 'apps', 'Batt', 'life', 'important']"
1691,1957372567,worry,@andyclemmensen Me too  @shortstackband haha I did but have no credit,"['andyclemmensen', 'shortstackband', 'haha', 'credit']"
40,1956977084,happiness,mmm much better day... so far! it's still quite early. last day of #uds,"['mmm', 'much', 'better', 'day', '...', 'far', ""'s"", 'still', 'quite', 'early', 'last', 'day', 'uds']"
69,1956983874,happiness,"So great to see Oin &amp; Cynthia.  So happy.  Dinner was great, cute little place.  Too bad Oin got sick afterwards.","['great', 'see', 'Oin', 'amp', 'Cynthia', 'happy', 'Dinner', 'great', 'cute', 'little', 'place', 'bad', 'Oin', 'got', 'sick', 'afterwards']"
77,1956985535,happiness,"@havingmysay  dude, that is my favorite sandwich place ever. ummm did you take PICTURES?","['havingmysay', 'dude', 'favorite', 'sandwich', 'place', 'ever', 'ummm', 'take', 'PICTURES']"
126,1956996765,happiness,"Need to pack for CALI CALI! Cannot waittt! Thinking a glass of wine is in order to celebrate my weekend vaca. Still work 2morrow, tho.","['Need', 'pack', 'CALI', 'CALI', 'waittt', 'Thinking', 'glass', 'wine', 'order', 'celebrate', 'weekend', 'vaca', 'Still', 'work', '2morrow', 'tho']"
233,1957017522,happiness,"took a math test today. The day before the test, the teacher says bring your calculator. Luke was confident. Teacher decided no calcs.","['took', 'math', 'test', 'today', 'day', 'test', 'teacher', 'say', 'bring', 'calculator', 'Luke', 'confident', 'Teacher', 'decided', 'calcs']"
234,1957017595,happiness,"omg, the concert was awesome, madrigals gave me chills on almost every piece...brooks also called up alumni, but i didnt get to go","['omg', 'concert', 'awesome', 'madrigal', 'gave', 'chill', 'almost', 'every', 'piece', '...', 'brook', 'also', 'called', 'alumnus', 'didnt', 'get', 'go']"
246,1957020385,happiness,"I Can`t do 30 minutes of Treadmill  but done 30 minutes for today already, gonna do 20 minutes more","['30', 'minute', 'Treadmill', 'done', '30', 'minute', 'today', 'already', 'gon', 'na', '20', 'minute']"
250,1957020702,happiness,Chillin with the roomies. Can't wait for the zombie CLWN CR. Its gonna be 6-8 weeks,"['Chillin', 'roomy', 'Ca', ""n't"", 'wait', 'zombie', 'CLWN', 'CR', 'gon', 'na', '6-8', 'week']"
293,1957033043,happiness,@vinylvickxen i kno i doooo!!!!!!!!!! yall partyin with out me,"['vinylvickxen', 'kno', 'doooo', 'yall', 'partyin']"
308,1957035564,happiness,I spilled my beer all over my leg. Wasted half my beer.  Home now. I met a cute girl. Good conversation.,"['spilled', 'beer', 'leg', 'Wasted', 'half', 'beer', 'Home', 'met', 'cute', 'girl', 'Good', 'conversation']"
353,1957045692,happiness,english class! working on interactive orals,"['english', 'class', 'working', 'interactive', 'oral']"
385,1957055981,happiness,FB is boring   and i wanna sing RIGHT NOW..! *-*,"['FB', 'boring', 'wan', 'na', 'sing', 'RIGHT', '..']"
395,1957058504,happiness,@celldweller Must... have... new music... I won't sleep until you give us Chapter 1... I might die first though...  Hurry!,"['celldweller', 'Must', '...', '...', 'new', 'music', '...', 'wo', ""n't"", 'sleep', 'give', 'u', 'Chapter', '...', 'might', 'die', 'first', 'though', '...', 'Hurry']"
455,1957075268,happiness,@PandaMayhem noooooooooooo i just look at a lot of pictures   lol lol,"['PandaMayhem', 'noooooooooooo', 'look', 'lot', 'picture', 'lol', 'lol']"
508,1957086137,happiness,"@ddlovato demi, just say hi to me and it`s enough. just replay to me please  love you so much!!!","['ddlovato', 'demi', 'say', 'hi', 'enough', 'replay', 'please', 'love', 'much']"
518,1957088179,happiness,"@mrssunshine96 big now!!! Vanessa is going to be 3 in September, its going by so fast!  its hard cuz Im workin so much, I miss out on alot","['mrssunshine96', 'big', 'Vanessa', 'going', 'September', 'going', 'fast', 'hard', 'cuz', 'Im', 'workin', 'much', 'miss', 'alot']"
525,1957089465,happiness,"good lord, just seen the agency work for our upcoming Open Day. Money for Jam","['good', 'lord', 'seen', 'agency', 'work', 'upcoming', 'Open', 'Day', 'Money', 'Jam']"
543,1957093069,happiness,My little foster kittens are getting big...chubba and Winston are going 2 b missed when they get amazing homes.,"['little', 'foster', 'kitten', 'getting', 'big', '...', 'chubba', 'Winston', 'going', 'b', 'missed', 'get', 'amazing', 'home']"
578,1957101953,happiness,Getting ready for school - second maths test today  also its my last day of 3rd year!! Next week i will officially be in 4th year,"['Getting', 'ready', 'school', 'second', 'math', 'test', 'today', 'also', 'last', 'day', '3rd', 'year', 'Next', 'week', 'officially', '4th', 'year']"
588,1957103842,happiness,"Friday yay!! And a bonus, don't have to drive to Wales tonight.  Athough will miss kitten cuddles and going for a ride","['Friday', 'yay', 'bonus', ""n't"", 'drive', 'Wales', 'tonight', 'Athough', 'miss', 'kitten', 'cuddle', 'going', 'ride']"
624,1957112843,happiness,"Ok, other then my shoe, the club is cool. Its fun, and its poppin except 4 the ppl tryna dance wit me","['Ok', 'shoe', 'club', 'cool', 'fun', 'poppin', 'except', 'ppl', 'tryna', 'dance', 'wit']"
629,1957113346,happiness,"@o0hemmy lol hi emmy, latin would help me study for the aptitude tests to get into grad school ;\ thats why i wanna take it","['o0hemmy', 'lol', 'hi', 'emmy', 'latin', 'would', 'help', 'study', 'aptitude', 'test', 'get', 'grad', 'school', 'thats', 'wan', 'na', 'take']"
677,1957123048,happiness,@UniqueMakis Awesome! Wish I could fly out to see her,"['UniqueMakis', 'Awesome', 'Wish', 'could', 'fly', 'see']"
698,1957128448,happiness,someone take me to LA  I NEED TO SEE THE LEMON TREE,"['someone', 'take', 'LA', 'NEED', 'SEE', 'LEMON', 'TREE']"
705,1957130105,happiness,"@hiracdelest who's the one always working now?  oh yeah, still me.","['hiracdelest', ""'s"", 'one', 'always', 'working', 'oh', 'yeah', 'still']"
712,1957131642,happiness,that was an interesting show to say the least. recap tomorrow. first i must sleep. work in am.,"['interesting', 'show', 'say', 'least', 'recap', 'tomorrow', 'first', 'must', 'sleep', 'work']"
803,1957149170,happiness,@Sashairene hahaha oh man please come to pomona i would love to see you everyday instead of like once a year if that,"['Sashairene', 'hahaha', 'oh', 'man', 'please', 'come', 'pomona', 'would', 'love', 'see', 'everyday', 'instead', 'like', 'year']"
932,1957177248,happiness,"@wedplanworkshop . Flights already booked, plus its GGD2 1st birthday. Can't miss that ! especially as we missed GGD1","['wedplanworkshop', 'Flights', 'already', 'booked', 'plus', 'GGD2', '1st', 'birthday', 'Ca', ""n't"", 'miss', 'especially', 'missed', 'GGD1']"
984,1957191024,happiness,Are u missing ur frnds ? Hear to &quot;Manasellaam &quot; From Kulir100 Degree movie. Its amazing !!!  Nanbargale - Miss u guys !!!,"['u', 'missing', 'ur', 'frnds', 'Hear', 'quot', 'Manasellaam', 'quot', 'Kulir100', 'Degree', 'movie', 'amazing', 'Nanbargale', 'Miss', 'u', 'guy']"
1003,1957194329,happiness,@cha_rade oh no the economy gotcha?  sorry but so happy that you got another one in LA!  Enjoy SoCal! Ahahaay! LOL,"['cha_rade', 'oh', 'economy', 'gotcha', 'sorry', 'happy', 'got', 'another', 'one', 'LA', 'Enjoy', 'SoCal', 'Ahahaay', 'LOL']"
1011,1957195455,happiness,so carlie came over and she fell asleep on me,"['carlie', 'came', 'fell', 'asleep']"
1033,1957199368,happiness,"To all my friends: Im deeply sorry i'm moving, i will miss u all so very very much!","['friend', 'Im', 'deeply', 'sorry', ""'m"", 'moving', 'miss', 'u', 'much']"
1044,1957203110,happiness,@allyycase suuure,"['allyycase', 'suuure']"
1077,1957209188,happiness,ah thats better snow patrol! now to be stuck indoors  still weekend coming up and fresh air excellent hope its sunny!,"['ah', 'thats', 'better', 'snow', 'patrol', 'stuck', 'indoors', 'still', 'weekend', 'coming', 'fresh', 'air', 'excellent', 'hope', 'sunny']"
1083,1957211192,happiness,"up early again  loads to do- but the suns out, hurrah!","['early', 'load', 'do-', 'sun', 'hurrah']"
1087,1957213189,happiness,@BevJack Babes it was sooo much fun!!  Thank you so much for making that happen!  Had fun with the ladies too!  Time went to fast.,"['BevJack', 'Babes', 'sooo', 'much', 'fun', 'Thank', 'much', 'making', 'happen', 'fun', 'lady', 'Time', 'went', 'fast']"
1125,1957223703,happiness,@ColeDavid had  a little family party tonight   hope it rocked,"['ColeDavid', 'little', 'family', 'party', 'tonight', 'hope', 'rocked']"
1261,1957257295,happiness,I miss the concert Tuesday already. I'd really like a time machine to go see it again... It was so fun...,"['miss', 'concert', 'Tuesday', 'already', ""'d"", 'really', 'like', 'time', 'machine', 'go', 'see', '...', 'fun', '...']"
1266,1957259752,happiness,hahaha yeah i see that. but he can't twitter me back,"['hahaha', 'yeah', 'see', 'ca', ""n't"", 'twitter', 'back']"
1276,1957262114,happiness,Watching Jay Leno's 2nd last Tonight show   I haven't gone a day without Leno in like four yearss.,"['Watching', 'Jay', 'Leno', ""'s"", '2nd', 'last', 'Tonight', 'show', ""n't"", 'gone', 'day', 'without', 'Leno', 'like', 'four', 'years']"
1324,1957275627,happiness,@assembled ive been there before  haha,"['assembled', 'ive', 'haha']"
1336,1957278650,happiness,"i have the biggest headache right now, i washed my hair wif mum's shampoo and now it's gross  i like my shampoo way better","['biggest', 'headache', 'right', 'washed', 'hair', 'wif', 'mum', ""'s"", 'shampoo', ""'s"", 'gross', 'like', 'shampoo', 'way', 'better']"
1356,1957284360,happiness,"Heading home now, yay! Was going to buy a much needed bottle of wine to drink with dinner, but my wallet is MIA so no wine for me tonight","['Heading', 'home', 'yay', 'going', 'buy', 'much', 'needed', 'bottle', 'wine', 'drink', 'dinner', 'wallet', 'MIA', 'wine', 'tonight']"
1430,1957302602,happiness,@captainboots  YOU'RE FAKING IT! Hahaha...I kid.,"['captainboots', ""'RE"", 'FAKING', 'Hahaha', '...', 'kid']"
1460,1957312495,happiness,@pourmecoffee I won my 5th grade spelling bee. Went down trailing flames on 1st word at county spelling bee  http://post.ly/geb,"['pourmecoffee', '5th', 'grade', 'spelling', 'bee', 'Went', 'trailing', 'flame', '1st', 'word', 'county', 'spelling', 'bee', 'http', '//post.ly/geb']"
1466,1957313260,happiness,Can you believe it:Tomorrow Night will be Jay Leno's last episode of the Tonight Show  I encourage everyone to watch it and welcome Conan.,"['believe', 'Tomorrow', 'Night', 'Jay', 'Leno', ""'s"", 'last', 'episode', 'Tonight', 'Show', 'encourage', 'everyone', 'watch', 'welcome', 'Conan']"
1494,1957320104,happiness,Bought a new combo printer at costco today (officejet j4550) cause it was cheaper than ink 4 old one. #windows7 doesn't like the fax part,"['Bought', 'new', 'combo', 'printer', 'costco', 'today', 'officejet', 'j4550', 'cause', 'cheaper', 'ink', 'old', 'one', 'windows7', ""n't"", 'like', 'fax', 'part']"
1495,1957320171,happiness,why do i have to wake up so early goddam?! 7.30 on my last day off  bummer,"['wake', 'early', 'goddam', '7.30', 'last', 'day', 'bummer']"
1526,1957329151,happiness,@tifftiff88 what don't be sad?  Be glad. Your 21,"['tifftiff88', ""n't"", 'sad', 'glad', '21']"
1562,1957340145,happiness,Goodmorning yall! I woke up to early,"['Goodmorning', 'yall', 'woke', 'early']"
1608,1957351140,happiness,@SharktailYPP The red font up the top is very nice. But where did they put all the old entries?,"['SharktailYPP', 'red', 'font', 'top', 'nice', 'put', 'old', 'entry']"
1630,1957357361,happiness,@ahhrjay useless tweet! LOL jk yay!!! You're coming tmr! How long u gnna be in phils for  ?,"['ahhrjay', 'useless', 'tweet', 'LOL', 'jk', 'yay', ""'re"", 'coming', 'tmr', 'long', 'u', 'gnna', 'phils']"
1636,1957359624,happiness,I am soo happy! But frustrated at the same time!  :]  :S. Ohh noo!!! Britney is recording her new video for Radar!!!  Sooo ExxCiiTeed!!!,"['soo', 'happy', 'frustrated', 'time', 'S.', 'Ohh', 'noo', 'Britney', 'recording', 'new', 'video', 'Radar', 'Sooo', 'ExxCiiTeed']"
1637,1957359653,happiness,"BOOYA!! Sup Tweeps!? Happy inFAMOUS day to you all, off to get it very soon. Can't wait to play, need to find some more time though","['BOOYA', 'Sup', 'Tweeps', 'Happy', 'inFAMOUS', 'day', 'get', 'soon', 'Ca', ""n't"", 'wait', 'play', 'need', 'find', 'time', 'though']"
1640,1957360852,happiness,"@TerrenceJ106 I'm up wit cha!! Just got home from da reggae club, wishin I was sexin somebody!!!","['TerrenceJ106', ""'m"", 'wit', 'cha', 'got', 'home', 'da', 'reggae', 'club', 'wishin', 'sexin', 'somebody']"
1696,1957375661,happiness,Is dreading going to work  BUT....its friiiiiday!! whoop!!!,"['dreading', 'going', 'work', '....', 'friiiiiday', 'whoop']"
1735,1957385704,happiness,I wanna go to DBSK oppa's Mirotic Concert in Thailand!!! I REALLY WANNA GO SO MUCHHHHH...    *burst into tears*,"['wan', 'na', 'go', 'DBSK', 'oppa', ""'s"", 'Mirotic', 'Concert', 'Thailand', 'REALLY', 'WAN', 'NA', 'GO', 'MUCHHHHH', '...', 'burst', 'tear']"
1740,1957387163,happiness,"@rettema &quot;might be interested&quot; - thanks, I was: I came, I saw, I winced..  too much like Flatland http://bit.ly/12f0y","['rettema', 'quot', 'might', 'interested', 'quot', 'thanks', 'came', 'saw', 'winced', '..', 'much', 'like', 'Flatland', 'http', '//bit.ly/12f0y']"
1848,1957412151,happiness,"@sueveeyall Haha, I wish I could","['sueveeyall', 'Haha', 'wish', 'could']"
1854,1957412562,happiness,"Warwick Castle http://snurl.com/izzau Amazing!  Off to Devon for a week...no internet, no updates","['Warwick', 'Castle', 'http', '//snurl.com/izzau', 'Amazing', 'Devon', 'week', '...', 'internet', 'update']"
1882,1957421654,happiness,good morning people !! in good old germany is it soooo cold,"['good', 'morning', 'people', 'good', 'old', 'germany', 'soooo', 'cold']"
1884,1957422689,happiness,@sunnyphoenix there was like no1 there n tha DJ comp was hella wack... no gud DJs  but got in free so its all gud,"['sunnyphoenix', 'like', 'no1', 'n', 'tha', 'DJ', 'comp', 'hella', 'wack', '...', 'gud', 'DJs', 'got', 'free', 'gud']"
1948,1957436693,happiness,wishes she would call him ...   *hc*,"['wish', 'would', 'call', '...', 'hc']"
1988,1957447369,happiness,"My life what a beautiful morning, i can think if no better way to ruin it than by being at work","['life', 'beautiful', 'morning', 'think', 'better', 'way', 'ruin', 'work']"
2015,1957453857,happiness,wish my nicky were home too,"['wish', 'nicky', 'home']"
2021,1957455328,happiness,hmm..Osaka. Last show today.Very sad  . i can decode ur msg ;) haha cant wait till u get 2 Sydney ;D i missed out on tickets tho :o xx,"['hmm', '..', 'Osaka', 'Last', 'show', 'today.Very', 'sad', 'decode', 'ur', 'msg', 'haha', 'cant', 'wait', 'till', 'u', 'get', 'Sydney', 'missed', 'ticket', 'tho', 'xx']"
2065,1957463319,happiness,huhuhu still working to get new clients in motion graphics,"['huhuhu', 'still', 'working', 'get', 'new', 'client', 'motion', 'graphic']"
2087,1957467913,happiness,"Why does #googledocs do folders, instead of labels like #gmail? I kind of like labels","['googledocs', 'folder', 'instead', 'label', 'like', 'gmail', 'kind', 'like', 'label']"
2096,1957469948,happiness,@Lara82 Yeah  He was such a good..erm...entertainment ),"['Lara82', 'Yeah', 'good', '..', 'erm', '...', 'entertainment']"
2121,1957475541,happiness,@mileycyrus I would totally take you to prom...if i hadnt already gone  sorry lol,"['mileycyrus', 'would', 'totally', 'take', 'prom', '...', 'hadnt', 'already', 'gone', 'sorry', 'lol']"
2125,1957476456,happiness,@RASHIDIAN Come hang out wif meeee,"['RASHIDIAN', 'Come', 'hang', 'wif', 'meeee']"
2127,1957476811,happiness,Hmmm thinking about taking back that I feel better this morning - I think I spoke to early,"['Hmmm', 'thinking', 'taking', 'back', 'feel', 'better', 'morning', 'think', 'spoke', 'early']"
2159,1957482992,happiness,@pyroezra i know!  i wish she would. I just wanna cuddle and sleeep in ga! And go to the world of coke,"['pyroezra', 'know', 'wish', 'would', 'wan', 'na', 'cuddle', 'sleeep', 'ga', 'go', 'world', 'coke']"
2190,1957489791,happiness,@carocat Nooo  But hey you're back next week! Are you moving back for good?,"['carocat', 'Nooo', 'hey', ""'re"", 'back', 'next', 'week', 'moving', 'back', 'good']"
2195,1957490526,happiness,"@ykesha2001 yeah, I also had to do a paper.. I only have one more final left: algebra.. &amp; I take it on my birthday!!   (june 3)","['ykesha2001', 'yeah', 'also', 'paper', '..', 'one', 'final', 'left', 'algebra', '..', 'amp', 'take', 'birthday', 'june']"
2218,1957496945,happiness,@_faeriequeen I just saw the Hamlet update too - excellent news... Never so good as live though,"['_faeriequeen', 'saw', 'Hamlet', 'update', 'excellent', 'news', '...', 'Never', 'good', 'live', 'though']"
2224,1957498577,happiness,I can't work twitter on my phone!  we're just in bed thinking of funny stuff from last night! (L) GOOD TIMES!,"['ca', ""n't"", 'work', 'twitter', 'phone', ""'re"", 'bed', 'thinking', 'funny', 'stuff', 'last', 'night', 'L', 'GOOD', 'TIMES']"
2255,1957504506,happiness,@NMaize Lucky Rob... always gettin' the T8's from Emalon,"['NMaize', 'Lucky', 'Rob', '...', 'always', 'gettin', 'T8', ""'s"", 'Emalon']"
2273,1957508406,happiness,Going back to Manila this evening. All my trips to Cebu are so bitin.,"['Going', 'back', 'Manila', 'evening', 'trip', 'Cebu', 'bitin']"
2288,1957511342,happiness,@drewpeacock85 cool dude! yeah i was hoping your rate was still $2.75. lol! yeah not sure when ill mar and par for my birthday dinner.,"['drewpeacock85', 'cool', 'dude', 'yeah', 'hoping', 'rate', 'still', '2.75', 'lol', 'yeah', 'sure', 'ill', 'mar', 'par', 'birthday', 'dinner']"
2310,1957516437,happiness,"Morning twitties! Heading to college, just back from the docs, god I'm hungry  streching my ears again today! 10mm ;) payday I love you!","['Morning', 'twitties', 'Heading', 'college', 'back', 'doc', 'god', ""'m"", 'hungry', 'streching', 'ear', 'today', '10mm', 'payday', 'love']"
2347,1957523762,happiness,I have been playing skate for two hours. Now i need to get out and actually skate. But it's too late,"['playing', 'skate', 'two', 'hour', 'need', 'get', 'actually', 'skate', ""'s"", 'late']"
2350,1957524669,happiness,"@mitch_400iso Me too, she was adorable and you could tell the pressure got to her.","['mitch_400iso', 'adorable', 'could', 'tell', 'pressure', 'got']"
2392,1957533813,happiness,@DaRealSunisaKim There's ding tai Fung here in Sydney aswell...  making me want dumplings...,"['DaRealSunisaKim', ""'s"", 'ding', 'tai', 'Fung', 'Sydney', 'aswell', '...', 'making', 'want', 'dumpling', '...']"
2474,1957553456,happiness,This is one of my all-time favorite episodes/quotes from The OfficeUS only   )  http://bit.ly/ARMJ,"['one', 'all-time', 'favorite', 'episodes/quotes', 'OfficeUS', 'http', '//bit.ly/ARMJ']"
2494,1957557944,happiness,I chilled in my room with my baby book missed my bro leavin  he really is cool had a stripper shirt on said I suppoort single moms! Funny,"['chilled', 'room', 'baby', 'book', 'missed', 'bro', 'leavin', 'really', 'cool', 'stripper', 'shirt', 'said', 'suppoort', 'single', 'mom', 'Funny']"
2517,1957562388,happiness,Sleep....take two....this better work!,"['Sleep', '....', 'take', 'two', '....', 'better', 'work']"
2573,1957574844,happiness,@ACALLPRO -- yeahhh u wasnt thereeeeeeeeeee,"['ACALLPRO', '--', 'yeahhh', 'u', 'wasnt', 'thereeeeeeeeeee']"
2608,1957584973,happiness,@DeadMemoriesX Poor you   If I was with you right now; I would probably give you a hug ;D,"['DeadMemoriesX', 'Poor', 'right', 'would', 'probably', 'give', 'hug']"
2617,1957586924,happiness,"Wow what a sunny day,  just recovering some erased files","['Wow', 'sunny', 'day', 'recovering', 'erased', 'file']"
2638,1957591739,happiness,is wondering where all her friends went...,"['wondering', 'friend', 'went', '...']"
2655,1957595567,happiness,@mangointhesky idk. The original is so great.,"['mangointhesky', 'idk', 'original', 'great']"
2657,1957595785,happiness,Finishing Homework.  BOOO,"['Finishing', 'Homework', 'BOOO']"
2661,1957596516,happiness,Football session after this.fun,"['Football', 'session', 'this.fun']"
2669,1957599143,happiness,job centre bound. oh yay.,"['job', 'centre', 'bound', 'oh', 'yay']"
2673,1957599931,happiness,"@hilsatlvsonline Thanks for the tip! Unfortunately a major crash in my https site, just as ExtPlorer","['hilsatlvsonline', 'Thanks', 'tip', 'Unfortunately', 'major', 'crash', 'http', 'site', 'ExtPlorer']"
2676,1957601055,happiness,@moneymakn1 Thats actually not that fun as you would think... I was hurting for a week after a similar experience.,"['moneymakn1', 'Thats', 'actually', 'fun', 'would', 'think', '...', 'hurting', 'week', 'similar', 'experience']"
2705,1957609123,happiness,@shaundiviney 04182012154 send me one PLEASE!! I TXTD IN BUT I GOT A NEW PHONE,"['shaundiviney', '04182012154', 'send', 'one', 'PLEASE', 'TXTD', 'GOT', 'NEW', 'PHONE']"
2716,1957612314,happiness,@MarkStanto why thx! #webdu I was only at the conf on Thurs,"['MarkStanto', 'thx', 'webdu', 'conf', 'Thurs']"
2717,1957612372,happiness,Aww I heard I just missed you two @logieo &amp; @egg104 !,"['Aww', 'heard', 'missed', 'two', 'logieo', 'amp', 'egg104']"
2718,1957612378,happiness,writing report cards  soooo tired but what an amazing day. check it out on fb soon!,"['writing', 'report', 'card', 'soooo', 'tired', 'amazing', 'day', 'check', 'fb', 'soon']"
2750,1957617858,happiness,"laughed so much today over that picture of lauren, that my chest hurts.","['laughed', 'much', 'today', 'picture', 'lauren', 'chest', 'hurt']"
2811,1957633015,happiness,Lobbying in twitter! Here too!!  Yuk! Gettin rid of groupies ;),"['Lobbying', 'twitter', 'Yuk', 'Gettin', 'rid', 'groupie']"
2836,1957636980,happiness,@lisaxjbx3 Goodnight is not on the trending topics.  lol,"['lisaxjbx3', 'Goodnight', 'trending', 'topic', 'lol']"
2868,1957641646,happiness,Nevermind! Beyonce doesn't have a Twitter  Haha,"['Nevermind', 'Beyonce', ""n't"", 'Twitter', 'Haha']"
2876,1957645950,happiness,@caldjr yeh me 2,"['caldjr', 'yeh']"
2887,1957647768,happiness,"Just got Skyfire (http://get.skyfire.com/).  Firts impressions, it looks good but it's a little too memory hungry for my ageing HTC TyTN","['got', 'Skyfire', 'http', '//get.skyfire.com/', 'Firts', 'impression', 'look', 'good', ""'s"", 'little', 'memory', 'hungry', 'ageing', 'HTC', 'TyTN']"
2962,1957664536,happiness,I hereby proclaim it to officially be summer as it is AWESOME today! But I'm stuck inside a chilly office,"['hereby', 'proclaim', 'officially', 'summer', 'AWESOME', 'today', ""'m"", 'stuck', 'inside', 'chilly', 'office']"
2969,1957666935,happiness,had the lovliest night last night but was ruined by doctors inability to warn me of side effects. back again for more tests.,"['lovliest', 'night', 'last', 'night', 'ruined', 'doctor', 'inability', 'warn', 'side', 'effect', 'back', 'test']"
2986,1957672003,happiness,Bumping Air Supply's Greastest Hits,"['Bumping', 'Air', 'Supply', ""'s"", 'Greastest', 'Hits']"
2994,1957673482,happiness,Will be flying to Ontario in 4 hours!Will probably stay awake.I will be there for a 8 days...Camping 4 the first time YAY!I am sleepy now,"['flying', 'Ontario', 'hour', 'probably', 'stay', 'awake.I', 'day', '...', 'Camping', 'first', 'time', 'YAY', 'sleepy']"
2996,1957673692,happiness,is going back home  love ya Zagrebe &lt;3,"['going', 'back', 'home', 'love', 'ya', 'Zagrebe', 'lt']"
3012,1957676144,happiness,staring at the sunshine through my office window!,"['staring', 'sunshine', 'office', 'window']"
3041,1957684033,happiness,"Mooorning! It's Friday, and that's terrific! Smile up!    :-|      :-D","['Mooorning', ""'s"", 'Friday', ""'s"", 'terrific', 'Smile', '-|', '-D']"
3071,1957692927,happiness,sadly awake. wondering about contact info for all of the fun folks I hung out with at the shop. YAY 23b!!! Miss you guys,"['sadly', 'awake', 'wondering', 'contact', 'info', 'fun', 'folk', 'hung', 'shop', 'YAY', '23b', 'Miss', 'guy']"
3072,1957693067,happiness,"@realchrissystar we'll be back sunday to play @ the horse, I was out last night at mex you were not  miss you","['realchrissystar', ""'ll"", 'back', 'sunday', 'play', 'horse', 'last', 'night', 'mex', 'miss']"
3108,1957702153,happiness,@AlexaRPD Nice action shot: http://bit.ly/m8zfx  I miss working a pole.   __ dont you see clients everyday?  lol,"['AlexaRPD', 'Nice', 'action', 'shot', 'http', '//bit.ly/m8zfx', 'miss', 'working', 'pole', '__', 'dont', 'see', 'client', 'everyday', 'lol']"
3121,1957706273,happiness,Good Morning Every1!!! Its gorgeous out again n im stuck in work  Wish i was at home chillin out.. Hopefully tha day goes quick  doh !!,"['Good', 'Morning', 'Every1', 'gorgeous', 'n', 'im', 'stuck', 'work', 'Wish', 'home', 'chillin', '..', 'Hopefully', 'tha', 'day', 'go', 'quick', 'doh']"
3132,1957709225,happiness,watched the Bones finale last night in the UK &amp; it rocked!! oh how much I missed Zack!!!  @EricMillegan is so freakin' awesome &lt;3,"['watched', 'Bones', 'finale', 'last', 'night', 'UK', 'amp', 'rocked', 'oh', 'much', 'missed', 'Zack', 'EricMillegan', 'freakin', 'awesome', 'lt']"
3133,1957709337,happiness,Someone bring me milk for my cookies!,"['Someone', 'bring', 'milk', 'cooky']"
3153,1957713846,happiness,"on later than normal this morning, got attacked by a swarm of mini fly's after opening the veranda last night took an hour to get rid!!","['later', 'normal', 'morning', 'got', 'attacked', 'swarm', 'mini', 'fly', ""'s"", 'opening', 'veranda', 'last', 'night', 'took', 'hour', 'get', 'rid']"
3180,1957722183,happiness,"Looks like a beautiful day...and I am off work til Sunday, yay!! No bbq as yet though, gonna have to postpone my invitations","['Looks', 'like', 'beautiful', 'day', '...', 'work', 'til', 'Sunday', 'yay', 'bbq', 'yet', 'though', 'gon', 'na', 'postpone', 'invitation']"
3225,1957732004,happiness,@primaveron I need them  It would've made my picture so much cooler. Mine are bottle green. Eeyea-thooo!,"['primaveron', 'need', 'would', ""'ve"", 'made', 'picture', 'much', 'cooler', 'Mine', 'bottle', 'green', 'Eeyea-thooo']"
3279,1957744379,happiness,@andyroddick At work at the mo and it's so sunny here today   Off to see a band tonight!!,"['andyroddick', 'work', 'mo', ""'s"", 'sunny', 'today', 'see', 'band', 'tonight']"
3289,1957745855,happiness,Such a nice day...and we're all working,"['nice', 'day', '...', ""'re"", 'working']"
3326,1957755023,happiness,good morning! off to the gym I go,"['good', 'morning', 'gym', 'go']"
3368,1957764405,happiness,AH! so nice to be back on bike commute although three days off and my (what google sez are called) my quadriceps literally screaming. gah,"['AH', 'nice', 'back', 'bike', 'commute', 'although', 'three', 'day', 'google', 'sez', 'called', 'quadriceps', 'literally', 'screaming', 'gah']"
3369,1958033524,happiness,@iAmiAdam Hes away longer then me. Im only away for a few hours,"['iAmiAdam', 'Hes', 'away', 'longer', 'Im', 'away', 'hour']"
3507,1958063663,happiness,@iPat143  hmm.. idk that song.,"['iPat143', 'hmm', '..', 'idk', 'song']"
3545,1958071362,happiness,"Morning world, the sun seems to have gone away, maybe to Majorca or some other popular tourist spot. Hope it comes back soon","['Morning', 'world', 'sun', 'seems', 'gone', 'away', 'maybe', 'Majorca', 'popular', 'tourist', 'spot', 'Hope', 'come', 'back', 'soon']"
3572,1958076371,happiness,The Renegades last day was today and...well... he's gone... didn't catch him  Gutted... Closest he came to Greenock was Kilmacolm!,"['Renegades', 'last', 'day', 'today', '...', 'well', '...', ""'s"", 'gone', '...', ""n't"", 'catch', 'Gutted', '...', 'Closest', 'came', 'Greenock', 'Kilmacolm']"
3604,1958085888,happiness,Well that was an interesting attempt at the commute to work... didn't exactly plan to end up where I did though...great,"['Well', 'interesting', 'attempt', 'commute', 'work', '...', ""n't"", 'exactly', 'plan', 'end', 'though', '...', 'great']"
3621,1958088999,happiness,@Jessums31 yup its working. they couldn't recover anything on it though,"['Jessums31', 'yup', 'working', 'could', ""n't"", 'recover', 'anything', 'though']"
3636,1958092412,happiness,@trixie360 zombie wrangler sounds like fun. I don't have halo wars.,"['trixie360', 'zombie', 'wrangler', 'sound', 'like', 'fun', ""n't"", 'halo', 'war']"
3637,1958092481,happiness,Good morning from RSA Twitterverse!! Please send me some happy vibes &amp; cheerfulness today I'm feeling a little sad,"['Good', 'morning', 'RSA', 'Twitterverse', 'Please', 'send', 'happy', 'vibe', 'amp', 'cheerfulness', 'today', ""'m"", 'feeling', 'little', 'sad']"
3638,1958092752,happiness,"early morning~2:30 am~what's up? I am!~~!!played w/ my babies outside~wow~was in the 80's~felt great!~~got lonely, misses sissy and jess","['early', 'morning~2:30', 'am~what', ""'s"", '~~', 'played', 'w/', 'baby', 'outside~wow~was', ""80's~felt"", 'great', '~~got', 'lonely', 'miss', 'sissy', 'jess']"
3651,1958094911,happiness,@babyexpat commercial shoot in Tokyo. not much time to play there   quick and dirty,"['babyexpat', 'commercial', 'shoot', 'Tokyo', 'much', 'time', 'play', 'quick', 'dirty']"
3655,1958096155,happiness,I soo wanna eat McDonalds Fries,"['soo', 'wan', 'na', 'eat', 'McDonalds', 'Fries']"
3691,1958104165,happiness,I am totally knackered and back in the meeting,"['totally', 'knackered', 'back', 'meeting']"
3707,1958108546,happiness,I am hungry already. Not impressed! And everybody has gone to Rubys,"['hungry', 'already', 'impressed', 'everybody', 'gone', 'Rubys']"
3766,1958119966,happiness,yay dad agreed to pay for my tuition and equipment! yipee not till nxt jan tho,"['yay', 'dad', 'agreed', 'pay', 'tuition', 'equipment', 'yipee', 'till', 'nxt', 'jan', 'tho']"
3771,1958120577,happiness,got back from the embassy; missing one paper  go again on Monday!!!good luck me!!!,"['got', 'back', 'embassy', 'missing', 'one', 'paper', 'go', 'Monday', 'good', 'luck']"
3780,1958122002,happiness,@mitchelmusso Heyyyyy us English fans want some signings too,"['mitchelmusso', 'Heyyyyy', 'u', 'English', 'fan', 'want', 'signing']"
3790,1958123217,happiness,Finally gonna try and fall asleep goodnight.. More like morn... I sleeP,"['Finally', 'gon', 'na', 'try', 'fall', 'asleep', 'goodnight', '..', 'like', 'morn', '...', 'sleeP']"
3804,1958127181,happiness,"@tonibrockliss fyi, connie and carla is not as totally awesome as the previews make it seem  sorry about that one.","['tonibrockliss', 'fyi', 'connie', 'carla', 'totally', 'awesome', 'preview', 'make', 'seem', 'sorry', 'one']"
3858,1960123126,happiness,"Now that I have a salary, I can actually spend money. Hooray! Time to go shopping and have dinner at Ahora to say goodbye to @yusufyusuf.","['salary', 'actually', 'spend', 'money', 'Hooray', 'Time', 'go', 'shopping', 'dinner', 'Ahora', 'say', 'goodbye', 'yusufyusuf']"
3918,1960139893,happiness,"Finally, a beautiful, sunny day in Atlanta. Too bad I'm stuck inside working...","['Finally', 'beautiful', 'sunny', 'day', 'Atlanta', 'bad', ""'m"", 'stuck', 'inside', 'working', '...']"
3951,1960149051,happiness,@mselliott09 hahaha thanks for clearing up the,"['mselliott09', 'hahaha', 'thanks', 'clearing']"
3954,1960149869,happiness,@TheMandyMoore good morning sunshine. sleepytown is sleepy.,"['TheMandyMoore', 'good', 'morning', 'sunshine', 'sleepytown', 'sleepy']"
3956,1960149950,happiness,"getting ready for the day, out then work till close","['getting', 'ready', 'day', 'work', 'till', 'close']"
3968,1960152349,happiness,so happy its friday...not so happy about this rain,"['happy', 'friday', '...', 'happy', 'rain']"
3969,1960152622,happiness,"@i_dulay i swear it took me 2 hours to get from bel air to alabang.  but yes, i LOVED reminiscing about our HK trip with you &amp; @cdeocampo","['i_dulay', 'swear', 'took', 'hour', 'get', 'bel', 'air', 'alabang', 'yes', 'LOVED', 'reminiscing', 'HK', 'trip', 'amp', 'cdeocampo']"
4006,1960164777,happiness,Very lonely here in Gosforth gallery  but excited for meal at Six followed by Antony and the Johnsons tonight. Woohoo!!,"['lonely', 'Gosforth', 'gallery', 'excited', 'meal', 'Six', 'followed', 'Antony', 'Johnsons', 'tonight', 'Woohoo']"
4012,1960166730,happiness,On my way to the burial,"['way', 'burial']"
4021,1960168502,happiness,@pixls hahahahhahaha it was true! and i could really stretch out and stuff! shame rem's dog got mad when i tried to put him in avi's face,"['pixls', 'hahahahhahaha', 'true', 'could', 'really', 'stretch', 'stuff', 'shame', 'rem', ""'s"", 'dog', 'got', 'mad', 'tried', 'put', 'avi', ""'s"", 'face']"
4035,1960191045,happiness,"Yay !!!! It's firday.... Have a good one everyone. On my way to work,    Lot's of work pending.","['Yay', ""'s"", 'firday', '....', 'good', 'one', 'everyone', 'way', 'work', 'Lot', ""'s"", 'work', 'pending']"
4067,1960199422,happiness,@iamchrisc I'm soo jealous right now!!,"['iamchrisc', ""'m"", 'soo', 'jealous', 'right']"
4091,1960205748,happiness,Just woke up! Annnnd have just realised I missed un uber sunny day...score,"['woke', 'Annnnd', 'realised', 'missed', 'un', 'uber', 'sunny', 'day', '...', 'score']"
4113,1960210481,happiness,@Cholle2001 lucky...you get to do capoeira,"['Cholle2001', 'lucky', '...', 'get', 'capoeira']"
4148,1960252350,happiness,Raining...  I missed the rain so much...  I am grateful for it ;),"['Raining', '...', 'missed', 'rain', 'much', '...', 'grateful']"
4156,1960256363,happiness,"had fun tonight ^^ make up, pillow fights and skins. wish i could have stayed over","['fun', 'tonight', '^^', 'make', 'pillow', 'fight', 'skin', 'wish', 'could', 'stayed']"
4171,1960259781,happiness,Omega is tomorrow. Haven't really planned anything for it. Make sure to come if you can. It'll be awesome. Then move-in June 1st.,"['Omega', 'tomorrow', ""n't"", 'really', 'planned', 'anything', 'Make', 'sure', 'come', ""'ll"", 'awesome', 'move-in', 'June', '1st']"
4257,1960303032,happiness,@zenithus at least you have a next year  into the big wide world for me!,"['zenithus', 'least', 'next', 'year', 'big', 'wide', 'world']"
4296,1960317285,happiness,"@flippy10 deh, i wish the deal was up when i bought my macbook in december  but.. at least i got 100 bucks off! :]","['flippy10', 'deh', 'wish', 'deal', 'bought', 'macbook', 'december', '..', 'least', 'got', '100', 'buck']"
4301,1960319406,happiness,Back home  Had a great time!,"['Back', 'home', 'great', 'time']"
4308,1960321065,happiness,Havin a much better day today!! Finished the last Twilight book yesterday. Classes start next week!      Get at me yall!!,"['Havin', 'much', 'better', 'day', 'today', 'Finished', 'last', 'Twilight', 'book', 'yesterday', 'Classes', 'start', 'next', 'week', 'Get', 'yall']"
4318,1960323106,happiness,Hopped up out the bed put my swwwaaaaggg oooonnnn! Then got back in the bed it's raining,"['Hopped', 'bed', 'put', 'swwwaaaaggg', 'oooonnnn', 'got', 'back', 'bed', ""'s"", 'raining']"
4323,1960323954,happiness,i got a freakin macbook!!!!! hoorayyy! but i freakin deleted phootbooth.,"['got', 'freakin', 'macbook', 'hoorayyy', 'freakin', 'deleted', 'phootbooth']"
4400,1960346631,happiness,@EsmeACullen AWWWWWWW you totally rock...I felt all  and now I'm the happiest girl eva!,"['EsmeACullen', 'AWWWWWWW', 'totally', 'rock', '...', 'felt', ""'m"", 'happiest', 'girl', 'eva']"
4433,1960377541,happiness,I did that once,[]
4434,1960377687,happiness,"On the list of park closures - Calaveras Big Trees SP, where I'm headed this weekend. So glad to be visiting before it's too late.","['list', 'park', 'closure', 'Calaveras', 'Big', 'Trees', 'SP', ""'m"", 'headed', 'weekend', 'glad', 'visiting', ""'s"", 'late']"
4447,1960381185,happiness,"Sold bikes faster than expected, and we are running out of sizes.    Luckily the single speeds are on the ocean now! ETA -  EO June.","['Sold', 'bike', 'faster', 'expected', 'running', 'size', 'Luckily', 'single', 'speed', 'ocean', 'ETA', 'EO', 'June']"
4467,1960386215,happiness,Just took daughter to school. Still tired and still no voice. I know some people are happy!! LOL. Time to get ready for work,"['took', 'daughter', 'school', 'Still', 'tired', 'still', 'voice', 'know', 'people', 'happy', 'LOL', 'Time', 'get', 'ready', 'work']"
4469,1960386429,happiness,"I've got a bit of neckache after going hard (not going home) at Alternative night. I mean I have to, it's nearly all over","[""'ve"", 'got', 'bit', 'neckache', 'going', 'hard', 'going', 'home', 'Alternative', 'night', 'mean', ""'s"", 'nearly']"
4473,1960387346,happiness,greeeeeeeeeeeat  this summer i have four classes...if you know me...u know why,"['greeeeeeeeeeeat', 'summer', 'four', 'class', '...', 'know', '...', 'u', 'know']"
4497,1960392032,happiness,@tiffaniallen: i'm happy you got your hair did!! and i cant wait til i get back to see it! we're leaving today,"['tiffaniallen', ""'m"", 'happy', 'got', 'hair', 'cant', 'wait', 'til', 'get', 'back', 'see', ""'re"", 'leaving', 'today']"
4499,1960392207,happiness,@lilabiem hahaha well why would you smack ME for that?!  hahaha THE BIG BANGGG,"['lilabiem', 'hahaha', 'well', 'would', 'smack', 'hahaha', 'BIG', 'BANGGG']"
4602,1960452919,happiness,@GlasgowGooner Boo  well its good fun tho.. sucks if u cant get cards.. I finished 10th in last nights #tpt I took @street out LOL,"['GlasgowGooner', 'Boo', 'well', 'good', 'fun', 'tho', '..', 'suck', 'u', 'cant', 'get', 'card', '..', 'finished', '10th', 'last', 'night', 'tpt', 'took', 'street', 'LOL']"
4609,1960454526,happiness,"@HansenBanana Kayyy XD Yeah, everyone always talks about the part where the dog dies  I need to find a movie that you haven't seen now XD","['HansenBanana', 'Kayyy', 'XD', 'Yeah', 'everyone', 'always', 'talk', 'part', 'dog', 'dy', 'need', 'find', 'movie', ""n't"", 'seen', 'XD']"
4619,1960456079,happiness,Broke my carafe  went to Starbucks for my caffiene fix and the lights go out...just for a sec but are you kidding me..got to laugh. Ha!,"['Broke', 'carafe', 'went', 'Starbucks', 'caffiene', 'fix', 'light', 'go', '...', 'sec', 'kidding', '..', 'got', 'laugh', 'Ha']"
4630,1960457865,happiness,@GothLitChic It's too nice to be inside,"['GothLitChic', ""'s"", 'nice', 'inside']"
4631,1960458164,happiness,"@aligomm wow! How cool is that! or was I guess, I have 18 now  haha get another follower!","['aligomm', 'wow', 'cool', 'guess', '18', 'haha', 'get', 'another', 'follower']"
4641,1960460785,happiness,Vacation over!!!  Looking forward to the next one........,"['Vacation', 'Looking', 'forward', 'next', 'one', '........']"
4645,1960461627,happiness,"Off to work. My last day. Get to walk around and out-process. I am very happy to be one step closer to what I really want to do, but  2.","['work', 'last', 'day', 'Get', 'walk', 'around', 'out-process', 'happy', 'one', 'step', 'closer', 'really', 'want']"
4654,1960465264,happiness,@emily859 Glad to hear the weather's nice.  It's rained just about every day for the last five days.  Not fun for exploring,"['emily859', 'Glad', 'hear', 'weather', ""'s"", 'nice', ""'s"", 'rained', 'every', 'day', 'last', 'five', 'day', 'fun', 'exploring']"
4656,1960466081,happiness,@Xanthetwirls I only saw urs by chance. Who else would have that name! Think I'll b missing 2nite too.  Thank god for YouTube.,"['Xanthetwirls', 'saw', 'ur', 'chance', 'else', 'would', 'name', 'Think', ""'ll"", 'b', 'missing', '2nite', 'Thank', 'god', 'YouTube']"
4677,1960469737,happiness,chillin at home for the day yippee...wish @youngives was here to keep me company,"['chillin', 'home', 'day', 'yippee', '...', 'wish', 'youngives', 'keep', 'company']"
4761,1960502245,happiness,@kiitzyy I think so hahah geez lady 3 hours ago?? Go to bed!! Lack of sleep is bad for your skin!,"['kiitzyy', 'think', 'hahah', 'geez', 'lady', 'hour', 'ago', 'Go', 'bed', 'Lack', 'sleep', 'bad', 'skin']"
4805,1960515884,happiness,"The weather is SO nice! And there were so many hot guys in town, I felt like a kid in a candy store. Except all the candies are straight","['weather', 'nice', 'many', 'hot', 'guy', 'town', 'felt', 'like', 'kid', 'candy', 'store', 'Except', 'candy', 'straight']"
4811,1960517670,happiness,"@putitonmyvisa haha nice! I heard it's a sweet hotel. On another note, not a good game last night","['putitonmyvisa', 'haha', 'nice', 'heard', ""'s"", 'sweet', 'hotel', 'another', 'note', 'good', 'game', 'last', 'night']"
4812,1960517766,happiness,"My storm is acting up  ....Excited for the discussion session regarding Social Media. Scott Lake, CEO of ThinkSM, will be attending.","['storm', 'acting', '....', 'Excited', 'discussion', 'session', 'regarding', 'Social', 'Media', 'Scott', 'Lake', 'CEO', 'ThinkSM', 'attending']"
4814,1960518377,happiness,@peterfacinelli You didn't answer my riddle  Party pooper lol. Jokes Joyce  it was a good one tho haha. Hav a gr8 weekend!,"['peterfacinelli', ""n't"", 'answer', 'riddle', 'Party', 'pooper', 'lol', 'Jokes', 'Joyce', 'good', 'one', 'tho', 'haha', 'Hav', 'gr8', 'weekend']"
4887,1960544388,happiness,Last time we'll get tacos like this.,"['Last', 'time', ""'ll"", 'get', 'taco', 'like']"
4888,1960544570,happiness,@littlelaughalot nice! it's days like today I wish we had a garden,"['littlelaughalot', 'nice', ""'s"", 'day', 'like', 'today', 'wish', 'garden']"
4914,1960558298,happiness,@kirstiealley It'd be nice but soon we'll have to Pay to Tweet,"['kirstiealley', ""'d"", 'nice', 'soon', ""'ll"", 'Pay', 'Tweet']"
4926,1960560676,happiness,i really want to see cash cash again,"['really', 'want', 'see', 'cash', 'cash']"
4930,1960561640,happiness,aaah good bye mikee  smoked crabs!,"['aaah', 'good', 'bye', 'mikee', 'smoked', 'crab']"
4956,1960568255,happiness,@JamesScholes Yes. We have a copyright exemption we're apparently trying to ensure the rest of the world doesn't have.  #sccr18,"['JamesScholes', 'Yes', 'copyright', 'exemption', ""'re"", 'apparently', 'trying', 'ensure', 'rest', 'world', ""n't"", 'sccr18']"
4980,1960577913,happiness,Last night was fun w the lightening and thunder  Today will be in the 90s,"['Last', 'night', 'fun', 'w', 'lightening', 'thunder', 'Today', '90']"
4990,1960580710,happiness,@patrickmanning Yes PM PM you are right,"['patrickmanning', 'Yes', 'PM', 'PM', 'right']"
4992,1960581168,happiness,@menchuly it's Friday and sweldo day too,"['menchuly', ""'s"", 'Friday', 'sweldo', 'day']"
5014,1960587112,happiness,@NikkiBons Happy Birthday Dork!! Lots of love for you today!!!  I wish I was there so I could buy you a drink   Make it a great night!,"['NikkiBons', 'Happy', 'Birthday', 'Dork', 'Lots', 'love', 'today', 'wish', 'could', 'buy', 'drink', 'Make', 'great', 'night']"
5026,1960591078,happiness,@DoperahStyles chillin promoting muzik...not eating  lmaao,"['DoperahStyles', 'chillin', 'promoting', 'muzik', '...', 'eating', 'lmaao']"
5053,1960603122,happiness,Just had an iced coffee. Christ that tasted nasty,"['iced', 'coffee', 'Christ', 'tasted', 'nasty']"
5075,1960608296,happiness,@filthydukes _yeah thanks for that you pair of gits  (hope it's mega- like the bus!),"['filthydukes', '_yeah', 'thanks', 'pair', 'git', 'hope', ""'s"", 'mega-', 'like', 'bus']"
5118,1960625068,happiness,Had a lovely day yesterday. The weather was great! Now stupid slapton,"['lovely', 'day', 'yesterday', 'weather', 'great', 'stupid', 'slapton']"
5142,1960629759,happiness,I am sick  but Ians coming over so its all good ;),"['sick', 'Ians', 'coming', 'good']"
5152,1960631717,happiness,@MollieOfficial congrats mollie! just wish i could have got some tickets,"['MollieOfficial', 'congrats', 'mollie', 'wish', 'could', 'got', 'ticket']"
5174,1960662447,happiness,It just hit me that I am leaving conti...     boooooooo..,"['hit', 'leaving', 'conti', '...', 'boooooooo', '..']"
5221,1960673939,happiness,"@lurkey hahaha chivalry's not dead, just rare","['lurkey', 'hahaha', 'chivalry', ""'s"", 'dead', 'rare']"
5241,1960706134,happiness,@ConciseKilgore morning T! I love their breakfast! If I wasn't stuck at the shop right now getting maintenance done to the ride!,"['ConciseKilgore', 'morning', 'love', 'breakfast', ""n't"", 'stuck', 'shop', 'right', 'getting', 'maintenance', 'done', 'ride']"
5242,1960706333,happiness,O dnt even like wearing  my skinny jean no more cuz of yall bitch ass ni99as...,"['dnt', 'even', 'like', 'wearing', 'skinny', 'jean', 'cuz', 'yall', 'bitch', 'as', 'ni99as', '...']"
5246,1960707578,happiness,"ooh lovely, a ridiculous amount of revision left to do","['ooh', 'lovely', 'ridiculous', 'amount', 'revision', 'left']"
5280,1960715538,happiness,"what up world im just chillin, bout to go get this money!! But in this economy no money is easy money anymore","['world', 'im', 'chillin', 'bout', 'go', 'get', 'money', 'economy', 'money', 'easy', 'money', 'anymore']"
5295,1960718708,happiness,@arlastouch nothing yet  still looking....but lets for sure do lunch next week!!,"['arlastouch', 'nothing', 'yet', 'still', 'looking', '....', 'let', 'sure', 'lunch', 'next', 'week']"
5340,1960758436,happiness,@ElizaPatricia =o YOU SAW FLEETWOOD MAC! I'm insanely jealous. I don't have enough money to buy tickets.  I think I'll never see them. =(,"['ElizaPatricia', '=o', 'SAW', 'FLEETWOOD', 'MAC', ""'m"", 'insanely', 'jealous', ""n't"", 'enough', 'money', 'buy', 'ticket', 'think', ""'ll"", 'never', 'see']"
5343,1960758973,happiness,So I get up early and I feel good about the day. I walk to work and I'm feeling alright. But guess what... I don't work today.,"['get', 'early', 'feel', 'good', 'day', 'walk', 'work', ""'m"", 'feeling', 'alright', 'guess', '...', ""n't"", 'work', 'today']"
5368,1960763448,happiness,@cc_chapman #whuffaoke is the same night as @ACDC at Gillette Stadium!,"['cc_chapman', 'whuffaoke', 'night', 'ACDC', 'Gillette', 'Stadium']"
5377,1960807693,happiness,"@bookaliciouspam Hey welcome to VA, LOL.  It's muggy up here by DC too.  Worst part of summer I'd say","['bookaliciouspam', 'Hey', 'welcome', 'VA', 'LOL', ""'s"", 'muggy', 'DC', 'Worst', 'part', 'summer', ""'d"", 'say']"
5389,1960810082,happiness,I don't think I'm very well. Just in time for the weekend,"[""n't"", 'think', ""'m"", 'well', 'time', 'weekend']"
5393,1960811399,happiness,"I want dazzle,","['want', 'dazzle']"
5417,1960816581,happiness,@DaveJMatthews concert tonight at fenwayyy! hopefully the rain stops,"['DaveJMatthews', 'concert', 'tonight', 'fenwayyy', 'hopefully', 'rain', 'stop']"
5426,1960817868,happiness,Such a beautiful day. I just wish I had the energy to enjoy it.,"['beautiful', 'day', 'wish', 'energy', 'enjoy']"
5438,1960819896,happiness,"shopping with @curlysue69x tonight, cant wait!  Lucky bastard @jayrunway has already finished work  im stuck here forever!","['shopping', 'curlysue69x', 'tonight', 'cant', 'wait', 'Lucky', 'bastard', 'jayrunway', 'already', 'finished', 'work', 'im', 'stuck', 'forever']"
5448,1960858748,happiness,getting cds ready for tour,"['getting', 'cd', 'ready', 'tour']"
5483,1960867575,happiness,"So I cannot find my poetry book. It wasn't at my dad's and I'm about to tear up my room looking for it. It I don't, I'm gonna be sad","['find', 'poetry', 'book', ""n't"", 'dad', ""'s"", ""'m"", 'tear', 'room', 'looking', ""n't"", ""'m"", 'gon', 'na', 'sad']"
5484,1960868483,happiness,"@BD_illustrated Me Too! Its hard to argue w/ him 'cause he makes some great points, i just can't wrap my heart around that one","['BD_illustrated', 'hard', 'argue', 'w/', ""'cause"", 'make', 'great', 'point', 'ca', ""n't"", 'wrap', 'heart', 'around', 'one']"
5486,1960868779,happiness,Chatted with my old schoolmates. Awww  I miss my Highschool.,"['Chatted', 'old', 'schoolmate', 'Awww', 'miss', 'Highschool']"
5495,1960870847,happiness,WALES HERE I AM! 1st 2 weeks away in wales. but idk if the guys at school really like me...,"['WALES', '1st', 'week', 'away', 'wale', 'idk', 'guy', 'school', 'really', 'like', '...']"
5521,1960901797,happiness,"@WerewolfSeth well, i must say she is very lucky to have you! i guess that means no chillin and concert with me huh","['WerewolfSeth', 'well', 'must', 'say', 'lucky', 'guess', 'mean', 'chillin', 'concert', 'huh']"
5524,1960902194,happiness,@goodlaura  *waves to make it all OK again*,"['goodlaura', 'wave', 'make', 'OK']"
5539,1960905445,happiness,..exams.  haha just remembrd the china buffet king yesterday. vair amusing ....,"['..', 'exam', 'haha', 'remembrd', 'china', 'buffet', 'king', 'yesterday', 'vair', 'amusing', '....']"
5555,1960908651,happiness,Managed to find a bottle of Pimm's! If only we had the weather to go with it,"['Managed', 'find', 'bottle', 'Pimm', ""'s"", 'weather', 'go']"
5595,1960945171,happiness,"@garageglamorous I agree, 'Paparazzi' waz an amazing vid, I luved it, but felt bad cuz it waz leaked &amp; I watched it","['garageglamorous', 'agree', ""'Paparazzi"", 'waz', 'amazing', 'vid', 'luved', 'felt', 'bad', 'cuz', 'waz', 'leaked', 'amp', 'watched']"
5596,1960945588,happiness,Whoop! I got a prom date today! Who knew? Ha-ha! But I can't tell you who.,"['Whoop', 'got', 'prom', 'date', 'today', 'knew', 'Ha-ha', 'ca', ""n't"", 'tell']"
5612,1960949174,happiness,@conorp YES!!! one final party  better make it a good one !! how much mpre stuff you got to go?,"['conorp', 'YES', 'one', 'final', 'party', 'better', 'make', 'good', 'one', 'much', 'mpre', 'stuff', 'got', 'go']"
5630,1960953774,happiness,tired and all i want to do is play random songs on my gitwar but i have to do my drama essay.,"['tired', 'want', 'play', 'random', 'song', 'gitwar', 'drama', 'essay']"
5668,1960994630,happiness,@darrynstorm hey hey..i'm only finishing on the 10th of june,"['darrynstorm', 'hey', 'hey', '..', ""'m"", 'finishing', '10th', 'june']"
5701,1961002550,happiness,I finished @Melzer 's Zombie Chronicles a few days ago. It was bittersweet. Now I need something new for the gym,"['finished', 'Melzer', ""'s"", 'Zombie', 'Chronicles', 'day', 'ago', 'bittersweet', 'need', 'something', 'new', 'gym']"
5712,1961004747,happiness,"@joycecherrier Awww. Don't mean to sound like an overgrown age 37 baby, but I'm still stick. Not as bad as yesterday, but still bad.","['joycecherrier', 'Awww', ""n't"", 'mean', 'sound', 'like', 'overgrown', 'age', '37', 'baby', ""'m"", 'still', 'stick', 'bad', 'yesterday', 'still', 'bad']"
5724,1961033974,happiness,in park slope brooklyn working the bust photoshoot. this is so exciting! &amp;no more fever! but my tonsils are the size of golfballs,"['park', 'slope', 'brooklyn', 'working', 'bust', 'photoshoot', 'exciting', 'amp', 'fever', 'tonsil', 'size', 'golfballs']"
5734,1961035670,happiness,@jami_hirsch: Thanks for the follow! Wish I were out of my 9-5!   plan to open a shoppe in TC when the economy turns.,"['jami_hirsch', 'Thanks', 'follow', 'Wish', '9-5', 'plan', 'open', 'shoppe', 'TC', 'economy', 'turn']"
5756,1961039630,happiness,TGIF!! Its a GORGEOUS day in Reno today. And I'm stuck inside.,"['TGIF', 'GORGEOUS', 'day', 'Reno', 'today', ""'m"", 'stuck', 'inside']"
5760,1961042428,happiness,@emILLyschwindt thanks lady.... bummer for sure.,"['emILLyschwindt', 'thanks', 'lady', '....', 'bummer', 'sure']"
5817,1961062061,happiness,"is in class, trying to listen but I really like twitter, facebook, .&amp; myspace  oh yeaaah .&amp; I'm hungry!","['class', 'trying', 'listen', 'really', 'like', 'twitter', 'facebook', 'amp', 'myspace', 'oh', 'yeaaah', 'amp', ""'m"", 'hungry']"
5827,1961063179,happiness,"Wicked, my DVB-S tuner card has arrived. Although not sure I'll be able to get it all set up ready for the FA Cup final tomorrow","['Wicked', 'DVB-S', 'tuner', 'card', 'arrived', 'Although', 'sure', ""'ll"", 'able', 'get', 'set', 'ready', 'FA', 'Cup', 'final', 'tomorrow']"
5867,1961080702,happiness,"Up and at em... got a big To Do List for today, and hubby has to work   But then weekend is going to be just us... I think!","['em', '...', 'got', 'big', 'List', 'today', 'hubby', 'work', 'weekend', 'going', 'u', '...', 'think']"
5871,1961080989,happiness,@katiesol It re-entered my brain orbit thanks to me watching Ryan Reynolds mugging away in &quot;Just Friends&quot; recently,"['katiesol', 're-entered', 'brain', 'orbit', 'thanks', 'watching', 'Ryan', 'Reynolds', 'mugging', 'away', 'quot', 'Friends', 'quot', 'recently']"
5889,1961085029,happiness,"Just got in a nasty argument with someone I normally like very much.  She doesn't forgive well, either","['got', 'nasty', 'argument', 'someone', 'normally', 'like', 'much', ""n't"", 'forgive', 'well', 'either']"
5904,1961088852,happiness,@dreamobscene I know how you feel  Have a lovely relaxing weekend!,"['dreamobscene', 'know', 'feel', 'lovely', 'relaxing', 'weekend']"
5912,1961091768,happiness,"@LizzieCoulter oh dear. (I'm sorry, but i laughed  )","['LizzieCoulter', 'oh', 'dear', ""'m"", 'sorry', 'laughed']"
5914,1961092018,happiness,@aidadoll he thinks he's a gangsterrr  his ass don't even fit in G Unit. &amp; I know :| ))))),"['aidadoll', 'think', ""'s"", 'gangsterrr', 'as', ""n't"", 'even', 'fit', 'G', 'Unit', 'amp', 'know']"
5928,1961093731,happiness,This is my anthem right now.... don't leave me high and dry.  ? http://blip.fm/~79fcr,"['anthem', 'right', '....', ""n't"", 'leave', 'high', 'dry', 'http', '//blip.fm/~79fcr']"
5931,1961096130,happiness,@_Enigma__ OMG daon't tell me you have watched twilight enuff to know that !!,"['_Enigma__', 'OMG', 'dao', ""n't"", 'tell', 'watched', 'twilight', 'enuff', 'know']"
5938,1961098016,happiness,Woot. just had my interview! went awsome! I didn't get to talk with Mr. Johnny thought...  oh well I still did really good!,"['Woot', 'interview', 'went', 'awsome', ""n't"", 'get', 'talk', 'Mr.', 'Johnny', 'thought', '...', 'oh', 'well', 'still', 'really', 'good']"
5966,1961104796,happiness,Finally on my way home,"['Finally', 'way', 'home']"
5967,1961104874,happiness,"crap. have to break my &quot;no work in weekend&quot; rule  so much overloaded with work. aargh, hate it!","['crap', 'break', 'quot', 'work', 'weekend', 'quot', 'rule', 'much', 'overloaded', 'work', 'aargh', 'hate']"
5983,1961108083,happiness,I get to drive my dad to the airport so he can fly to Vegas for the WSOP... I wanna go to Vegas...,"['get', 'drive', 'dad', 'airport', 'fly', 'Vegas', 'WSOP', '...', 'wan', 'na', 'go', 'Vegas', '...']"
5986,1961108587,happiness,just about to say goodbye to @karenbrady and @agneslikaite two of the best interns that Elevate have ever had,"['say', 'goodbye', 'karenbrady', 'agneslikaite', 'two', 'best', 'intern', 'Elevate', 'ever']"
6036,1961129258,happiness,@tiyephoenix I have to DJ 2 gigs on 6/20. no bk hh fest for me  so please keep me posted on live dates,"['tiyephoenix', 'DJ', 'gig', '6/20', 'bk', 'hh', 'fest', 'please', 'keep', 'posted', 'live', 'date']"
6053,1961134229,happiness,looks like another sober weekend ahead...,"['look', 'like', 'another', 'sober', 'weekend', 'ahead', '...']"
6129,1961151822,happiness,@DJClicheDarknes I haven't had a good homemade flour tortilla in ages.,"['DJClicheDarknes', ""n't"", 'good', 'homemade', 'flour', 'tortilla', 'age']"
6170,1961174815,happiness,"Ok, I'm going outside...wish i was playing basketball  oh well...","['Ok', ""'m"", 'going', 'outside', '...', 'wish', 'playing', 'basketball', 'oh', 'well', '...']"
6199,1961179186,happiness,@Sak_Pase I guess u ain like me den.. My hair cut short..  lol,"['Sak_Pase', 'guess', 'u', 'like', 'den', '..', 'hair', 'cut', 'short', '..', 'lol']"
6209,1961182531,happiness,@Spitphyre well good luck with #twpp in an hours time i think i will be on my way home  have fun!,"['Spitphyre', 'well', 'good', 'luck', 'twpp', 'hour', 'time', 'think', 'way', 'home', 'fun']"
6236,1961188627,happiness,"[stapler haiku] Whar a Night! Woo Hoo! Yeah! / A beautiful night to party! / Oops, I'm a stapler...","['stapler', 'haiku', 'Whar', 'Night', 'Woo', 'Hoo', 'Yeah', 'beautiful', 'night', 'party', 'Oops', ""'m"", 'stapler', '...']"
6275,1961214321,happiness,i'm under 100 followers again  gosh darn. good mood atm. might have a bbq later. heat waaaave &lt;3,"[""'m"", '100', 'follower', 'gosh', 'darn', 'good', 'mood', 'atm', 'might', 'bbq', 'later', 'heat', 'waaaave', 'lt']"
6280,1961215362,happiness,Straighening my hair and its not going as straight as i want it to be what a  bummerrr for me,"['Straighening', 'hair', 'going', 'straight', 'want', 'bummerrr']"
6281,1961215445,happiness,@josemarques I don't feel like having to reboot  If only OSX supported Hibernate &amp; Reboot in Bootcamp... -.-,"['josemarques', ""n't"", 'feel', 'like', 'reboot', 'OSX', 'supported', 'Hibernate', 'amp', 'Reboot', 'Bootcamp', '...', '-.-']"
6309,1961222366,happiness,found six great vegan places to eat and relax at; four of which I can't get to without a car,"['found', 'six', 'great', 'vegan', 'place', 'eat', 'relax', 'four', 'ca', ""n't"", 'get', 'without', 'car']"
6314,1961223189,happiness,In the university with hungry!!,"['university', 'hungry']"
6346,1961237668,happiness,"@lauradawg LOL she is okay, its just he songs are so catchy they get stuck in my head","['lauradawg', 'LOL', 'okay', 'song', 'catchy', 'get', 'stuck', 'head']"
6351,1961238727,happiness,Back in Manchester. Whats with the weather? Sweaty,"['Back', 'Manchester', 'Whats', 'weather', 'Sweaty']"
6360,1961239892,happiness,"@KimberlySMoore It's good they're realistic, but I still don't like thinking about it!!!","['KimberlySMoore', ""'s"", 'good', ""'re"", 'realistic', 'still', ""n't"", 'like', 'thinking']"
6361,1961240344,happiness,Finally left the house! It's gloomy outside.,"['Finally', 'left', 'house', ""'s"", 'gloomy', 'outside']"
6364,1961240741,happiness,"Loving the sun today, even thought I should be revising. Not a good day though, been at Kates all afty, shit day for her bless her  x","['Loving', 'sun', 'today', 'even', 'thought', 'revising', 'good', 'day', 'though', 'Kates', 'afty', 'shit', 'day', 'bless', 'x']"
6379,1961244203,happiness,via @cornellfinch: Found #geocache Head's Up! http://coord.info/gc1ret6. Probably my only find of the day.  http://bit.ly/JS3S4,"['via', 'cornellfinch', 'Found', 'geocache', 'Head', ""'s"", 'http', '//coord.info/gc1ret6', 'Probably', 'find', 'day', 'http', '//bit.ly/JS3S4']"
6397,1961248216,happiness,@patsytravers http://twitpic.com/66sbz - thats actually adorable! ooh how i miss dude,"['patsytravers', 'http', '//twitpic.com/66sbz', 'thats', 'actually', 'adorable', 'ooh', 'miss', 'dude']"
6412,1961253361,happiness,@ddlovato miss chatting with you,"['ddlovato', 'miss', 'chatting']"
6430,1961257565,happiness,Nt able to follow anyone  friendorfollow.com here i come!!! #itsucks,"['Nt', 'able', 'follow', 'anyone', 'friendorfollow.com', 'come', 'itsucks']"
6435,1961260346,happiness,"Ohhhh man  My mom got a bag of these caramel candy things, they're soooo good. I'm going to get so fat off of them ;__;","['Ohhhh', 'man', 'mom', 'got', 'bag', 'caramel', 'candy', 'thing', ""'re"", 'soooo', 'good', ""'m"", 'going', 'get', 'fat', '__']"
6441,1961261937,happiness,Hallooo bayern!hallooo stau!,"['Hallooo', 'bayern', 'hallooo', 'stau']"
6447,1961263656,happiness,@ShannonGrissom @grannypig #followfriday thank you!  I'm still not even close to what I had as @GottaLaff,"['ShannonGrissom', 'grannypig', 'followfriday', 'thank', ""'m"", 'still', 'even', 'close', 'GottaLaff']"
6469,1961269073,happiness,@socallove yeah  it will get better though  i know it!,"['socallove', 'yeah', 'get', 'better', 'though', 'know']"
6471,1961269403,happiness,I'm packed up &amp; leaving my Canterbury office &amp; my fab QA&amp;V colleagues for the last time   A great bunch of people. I will miss you xx,"[""'m"", 'packed', 'amp', 'leaving', 'Canterbury', 'office', 'amp', 'fab', 'QA', 'amp', 'V', 'colleague', 'last', 'time', 'great', 'bunch', 'people', 'miss', 'xx']"
6490,1961280999,happiness,My Degree  [Tear] happy moment!  http://mypict.me/1ZpF,"['Degree', 'Tear', 'happy', 'moment', 'http', '//mypict.me/1ZpF']"
6491,1961281663,happiness,Have a happy Friday and weekend everyone .. TGIF for me is nothing,"['happy', 'Friday', 'weekend', 'everyone', '..', 'TGIF', 'nothing']"
6494,1961281804,happiness,"@mariamariamaria i'm sorry you aren't feeling too good, mama  I'm heading up today @ 4, i'll be calling you ..","['mariamariamaria', ""'m"", 'sorry', ""n't"", 'feeling', 'good', 'mama', ""'m"", 'heading', 'today', ""'ll"", 'calling', '..']"
6496,1961282068,happiness,@AnnaSaccone Seeing my friends and doing coursework  I have the weekend off work so I am happy!,"['AnnaSaccone', 'Seeing', 'friend', 'coursework', 'weekend', 'work', 'happy']"
6498,1961282406,happiness,"@alliemunchkin :3, Youtube loves my HD videos  well maybe.","['alliemunchkin', ':3', 'Youtube', 'love', 'HD', 'video', 'well', 'maybe']"
6503,1961283943,happiness,Licking chocolate crumbs off a Twirl wrapper like Zammo on smack,"['Licking', 'chocolate', 'crumb', 'Twirl', 'wrapper', 'like', 'Zammo', 'smack']"
6528,1961289110,happiness,finally got out of a 12 km traffic jam. we'll probably not be able to make it in time for a few laps tonight,"['finally', 'got', 'km', 'traffic', 'jam', ""'ll"", 'probably', 'able', 'make', 'time', 'lap', 'tonight']"
6544,1961293657,happiness,@nicolahunt nice way 2 end the week...,"['nicolahunt', 'nice', 'way', 'end', 'week', '...']"
6560,1961296117,happiness,"Thanks everyone. Unfortunately nothing can be done. The sales speak for themselves, and if that doesn't convince Diamond, nothing will.","['Thanks', 'everyone', 'Unfortunately', 'nothing', 'done', 'sale', 'speak', ""n't"", 'convince', 'Diamond', 'nothing']"
6569,1961298167,happiness,@lanceseabourn I know  but this sub is sooooo good,"['lanceseabourn', 'know', 'sub', 'sooooo', 'good']"
6571,1961298594,happiness,Whistling while you work = LAME! lol,"['Whistling', 'work', 'LAME', 'lol']"
6589,1961365936,happiness,@KirstynSmith I spent 3 hours sitting out in the sun - picnic lunch + ice cream = win. We should have had a BBQ today,"['KirstynSmith', 'spent', 'hour', 'sitting', 'sun', 'picnic', 'lunch', 'ice', 'cream', 'win', 'BBQ', 'today']"
6598,1961369097,happiness,want food too,"['want', 'food']"
6602,1961369306,happiness,@indiepixie omg a roach was in my room for the first time ever in this apartment today. I hope I don't have Patricia luck next,"['indiepixie', 'omg', 'roach', 'room', 'first', 'time', 'ever', 'apartment', 'today', 'hope', ""n't"", 'Patricia', 'luck', 'next']"
6607,1961370766,happiness,well im gonna go shower now. gotta get rdy 4 movies in a couple hours!   byeee   ~~  Esther &lt;3    p.s.s i miss u katherine,"['well', 'im', 'gon', 'na', 'go', 'shower', 'got', 'ta', 'get', 'rdy', 'movie', 'couple', 'hour', 'byeee', '~~', 'Esther', 'lt', 'p.s.s', 'miss', 'u', 'katherine']"
6630,1961375715,happiness,"Oh great, Radio Disney doesn't crash with the latest webkit, so my kid can run it again. HEY WAIT.","['Oh', 'great', 'Radio', 'Disney', ""n't"", 'crash', 'latest', 'webkit', 'kid', 'run', 'HEY', 'WAIT']"
6767,1961434329,happiness,Heading to Beaumont,"['Heading', 'Beaumont']"
6802,1961453017,happiness,@kelseyrose56 I WISH YOU WERE GOING TOO!  are you still coming to nicoles preprom? @nicolesx319 Can't wait for preprom!!!!,"['kelseyrose56', 'WISH', 'GOING', 'still', 'coming', 'nicoles', 'preprom', 'nicolesx319', 'Ca', ""n't"", 'wait', 'preprom']"
6813,1961455867,happiness,@KrystalNichole Pretty good!!! I think I overdid the gym yesterday... other than that just working,"['KrystalNichole', 'Pretty', 'good', 'think', 'overdid', 'gym', 'yesterday', '...', 'working']"
6831,1961459948,happiness,"also, Lipton's Sparkling Green Tea is gross","['also', 'Lipton', ""'s"", 'Sparkling', 'Green', 'Tea', 'gross']"
6834,1961462822,happiness,"@MissShell20 eeeeep so jealous ;) I'm at work  um, how can u receive Viva? Do they broadcast it online? :plz:","['MissShell20', 'eeeeep', 'jealous', ""'m"", 'work', 'um', 'u', 'receive', 'Viva', 'broadcast', 'online', 'plz']"
6853,1961473722,happiness,@OakMonster I hear ya.,"['OakMonster', 'hear', 'ya']"
6934,1961490480,happiness,@raczilla nice beta for easports still no news on the online for madden,"['raczilla', 'nice', 'beta', 'easports', 'still', 'news', 'online', 'madden']"
6947,1961493464,happiness,Just recollecting my jog this a.m. - almost perfect except unkown type hanging out by my vehicle.  Too much mental noise- only 6 mile jog,"['recollecting', 'jog', 'a.m.', 'almost', 'perfect', 'except', 'unkown', 'type', 'hanging', 'vehicle', 'much', 'mental', 'noise-', 'mile', 'jog']"
6964,1961499417,happiness,"@christa42 you mean the post concert blues ;) *lol*  Well, I soooo know what you mean ...","['christa42', 'mean', 'post', 'concert', 'blue', 'lol', 'Well', 'soooo', 'know', 'mean', '...']"
6970,1961501586,happiness,LIVE NOW  LIVE! )  DJ JAYEM B2B E.S.R  Click : http://www.krisisdnb.com/listen.asx,"['LIVE', 'LIVE', 'DJ', 'JAYEM', 'B2B', 'E.S.R', 'Click', 'http', '//www.krisisdnb.com/listen.asx']"
6976,1961502333,happiness,Just found out my baby cousin is gonna be a dad!!!! At least he's married already. Everybody is getting married and having kids before me,"['found', 'baby', 'cousin', 'gon', 'na', 'dad', 'least', ""'s"", 'married', 'already', 'Everybody', 'getting', 'married', 'kid']"
6982,1961504661,happiness,had a great time at six flags yesterday.. its summer   my friend spent the night last night and just left so now i'm bored..,"['great', 'time', 'six', 'flag', 'yesterday', '..', 'summer', 'friend', 'spent', 'night', 'last', 'night', 'left', ""'m"", 'bored', '..']"
6986,1961505874,happiness,Nobody ever @mandagh' s   makes me sad,"['Nobody', 'ever', 'mandagh', 'make', 'sad']"
7019,1961522595,happiness,i really wanna play....,"['really', 'wan', 'na', 'play', '....']"
7040,1961528553,happiness,"Oh noesss seniors last day  However, tickling will till he was on the floor giggling made it totally worth it. Plus, a senior sandwhich!","['Oh', 'noesss', 'senior', 'last', 'day', 'However', 'tickling', 'till', 'floor', 'giggling', 'made', 'totally', 'worth', 'Plus', 'senior', 'sandwhich']"
7041,1961528716,happiness,"@markfriend I asked mum bout going out tommorow, she laughed in my face lmao","['markfriend', 'asked', 'mum', 'bout', 'going', 'tommorow', 'laughed', 'face', 'lmao']"
7058,1961532649,happiness,"I'm in a pub garden,  its boiling,  hannah no likey,","[""'m"", 'pub', 'garden', 'boiling', 'hannah', 'likey']"
7068,1961534668,happiness,http://twitpic.com/66uq4 - hotttt weather! getting blackk before it starts to rain again,"['http', '//twitpic.com/66uq4', 'hotttt', 'weather', 'getting', 'blackk', 'start', 'rain']"
7073,1961535403,happiness,New baby doing well.  I will be attempting to do some more &quot;painting&quot; this weekend.,"['New', 'baby', 'well', 'attempting', 'quot', 'painting', 'quot', 'weekend']"
7110,1961544354,happiness,"@tenuousness: aoh is one of the best bands. they played my frosh, i was stoked. i have to work tonight, or else i'd totally be there!","['tenuousness', 'aoh', 'one', 'best', 'band', 'played', 'frosh', 'stoked', 'work', 'tonight', 'else', ""'d"", 'totally']"
7123,1961546780,happiness,to all members of CF! check your facebook in computer immediately. a sweet video from Gulardi is waiting for you all. made me teary,"['member', 'CF', 'check', 'facebook', 'computer', 'immediately', 'sweet', 'video', 'Gulardi', 'waiting', 'made', 'teary']"
7127,1961547644,happiness,@isuhin O dear. so you're going to be fucking that kiddoe and I'm going to sit there doing..  nothing! awesome  WHERES THE SHOPPING?!&lt;3,"['isuhin', 'dear', ""'re"", 'going', 'fucking', 'kiddoe', ""'m"", 'going', 'sit', '..', 'nothing', 'awesome', 'WHERES', 'SHOPPING', 'lt']"
7162,1961554794,happiness,"@evanlyoko Yay! At least I'll get to see you next year! I'm sad, too.","['evanlyoko', 'Yay', 'least', ""'ll"", 'get', 'see', 'next', 'year', ""'m"", 'sad']"
7163,1961554830,happiness,"Just got done working with Nate today...got another 100%! Yippee!! He's going on vacation next week, so I have to brave Calc on my own.","['got', 'done', 'working', 'Nate', 'today', '...', 'got', 'another', '100', 'Yippee', ""'s"", 'going', 'vacation', 'next', 'week', 'brave', 'Calc']"
7223,1961572423,happiness,FRIDAY!! I gotta work tommorow tho,"['FRIDAY', 'got', 'ta', 'work', 'tommorow', 'tho']"
7244,1961575228,happiness,@luvinmycurves womp womp woooomp!,"['luvinmycurves', 'womp', 'womp', 'woooomp']"
7286,1961612049,happiness,"Played  Friendly Gm today(Bulgaria). Def. is on pt., offensively, still working on timing.  Israel on Sun. Gotta cut 2 more players.","['Played', 'Friendly', 'Gm', 'today', 'Bulgaria', 'Def', 'pt.', 'offensively', 'still', 'working', 'timing', 'Israel', 'Sun', 'Got', 'ta', 'cut', 'player']"
7296,1961613368,happiness,@gdrage LOL that'll teach me to blindly trust amazon search results without reading!,"['gdrage', 'LOL', ""'ll"", 'teach', 'blindly', 'trust', 'amazon', 'search', 'result', 'without', 'reading']"
7341,1961643688,happiness,Excited to see the girls today; @takinakab its boring at work without you,"['Excited', 'see', 'girl', 'today', 'takinakab', 'boring', 'work', 'without']"
7370,1961651729,happiness,@millionsbyname Jared's wearing a green shirt? *SPARKLY EYES* YEE!! I hear #asylm is highly disorganized  hang in there!,"['millionsbyname', 'Jared', ""'s"", 'wearing', 'green', 'shirt', 'SPARKLY', 'EYES', 'YEE', 'hear', 'asylm', 'highly', 'disorganized', 'hang']"
7423,1961690590,happiness,@skybluetom4 Ha Ha thanks Tom! I'm such a loser! Hopefully going on the 22nd June till 3rd July...what date u goin? u missing helen?  x,"['skybluetom4', 'Ha', 'Ha', 'thanks', 'Tom', ""'m"", 'loser', 'Hopefully', 'going', '22nd', 'June', 'till', '3rd', 'July', '...', 'date', 'u', 'goin', 'u', 'missing', 'helen', 'x']"
7436,1961694319,happiness,"@ArnaudJacobs haha yeah this is improving my nite big time!!  i have to make a skype call soon tho, so will have to tear myself away..","['ArnaudJacobs', 'haha', 'yeah', 'improving', 'nite', 'big', 'time', 'make', 'skype', 'call', 'soon', 'tho', 'tear', 'away', '..']"
7476,1961741465,happiness,"Outside for just about 1 hour, the sun was bloody hot - no tan  Wait for monday then will spend around 2 hours outside ;)","['Outside', 'hour', 'sun', 'bloody', 'hot', 'tan', 'Wait', 'monday', 'spend', 'around', 'hour', 'outside']"
7588,1961767544,happiness,going camping in a coupla hours. gotta pack everything... by myself,"['going', 'camping', 'coupla', 'hour', 'got', 'ta', 'pack', 'everything', '...']"
7595,1961768874,happiness,@finalscoreB3G2  How nice,"['finalscoreB3G2', 'nice']"
7613,1961815446,happiness,Trying to shop online wis I could find sevens for 40.  haha,"['Trying', 'shop', 'online', 'wi', 'could', 'find', 'seven', '40.', 'haha']"
7615,1961816067,happiness,i wish paramore would come to ireland,"['wish', 'paramore', 'would', 'come', 'ireland']"
7616,1961816097,happiness,10 more days to go for Freedom!!!!!! Damn these xams!!,"['10', 'day', 'go', 'Freedom', 'Damn', 'xams']"
7625,1961817846,happiness,Listening 2 music @ home all alone lol  who wants 2 come over &amp; hang with me LOL!!,"['Listening', 'music', 'home', 'alone', 'lol', 'want', 'come', 'amp', 'hang', 'LOL']"
7650,1961824257,happiness,@benandskin Ah GDit! Ranger game this afternoon,"['benandskin', 'Ah', 'GDit', 'Ranger', 'game', 'afternoon']"
7654,1961825851,happiness,@DEWz_PingPong Awww I'm teaching my son (when I have one) those manners!  Too many boys are lacking those!,"['DEWz_PingPong', 'Awww', ""'m"", 'teaching', 'son', 'one', 'manner', 'many', 'boy', 'lacking']"
7656,1961826181,happiness,@BlacksilkBlog Hugs to you for not being able to shag Crush anymore  x,"['BlacksilkBlog', 'Hugs', 'able', 'shag', 'Crush', 'anymore', 'x']"
7659,1961826834,happiness,"Out if class!! Yow party + four hour lecture don't mix attal!! I had to drink 3 red bulls &amp; I'm still sleepy .,,,,smh! Alrite bedtime","['class', 'Yow', 'party', 'four', 'hour', 'lecture', ""n't"", 'mix', 'attal', 'drink', 'red', 'bull', 'amp', ""'m"", 'still', 'sleepy', ',smh', 'Alrite', 'bedtime']"
7705,1961865926,happiness,im so fed up!!!...,"['im', 'fed', '...']"
7712,1961867746,happiness,@juliannerowat HAHAHHA lol true that! i always remember my BD but i can never remember what date or even day it is,"['juliannerowat', 'HAHAHHA', 'lol', 'true', 'always', 'remember', 'BD', 'never', 'remember', 'date', 'even', 'day']"
7726,1961871394,happiness,@mizzyalana Very nice!  Bea and I are so bummed we can't make it   We should try and get together in the near future.,"['mizzyalana', 'nice', 'Bea', 'bummed', 'ca', ""n't"", 'make', 'try', 'get', 'together', 'near', 'future']"
7731,1961872590,happiness,@skinnymarie and guess what ! ive got 20 % ! wow its impossible,"['skinnymarie', 'guess', 'ive', 'got', '20', 'wow', 'impossible']"
7734,1961873527,happiness,@DVNT Cheers. Wish I had more fonts to play with,"['DVNT', 'Cheers', 'Wish', 'font', 'play']"
7757,1961878189,happiness,Day is going well so far. Meeting until 4 though.,"['Day', 'going', 'well', 'far', 'Meeting', 'though']"
7805,1961896001,happiness,@marcftsk haha thanks for clarifying that.i thought u meant mr bello. I wish i could be there! That where my cousins live,"['marcftsk', 'haha', 'thanks', 'clarifying', 'that.i', 'thought', 'u', 'meant', 'mr', 'bello', 'wish', 'could', 'cousin', 'live']"
7816,1961898052,happiness,can't wait to november for Jobros concert ! In examination,"['ca', ""n't"", 'wait', 'november', 'Jobros', 'concert', 'examination']"
7823,1961898945,happiness,@flattycharn i know the IMUx1000 is not referring to me... (WHO IS IT AH?) but... i miss you,"['flattycharn', 'know', 'IMUx1000', 'referring', '...', 'AH', '...', 'miss']"
7875,1961917817,happiness,"Enjoyed this week off work, back next week","['Enjoyed', 'week', 'work', 'back', 'next', 'week']"
7877,1961918200,happiness,#FF @AriesChild she is my Vegas buddy &amp; A Laker lover uuugh but I love her even though I'm all the way n Chicago,"['FF', 'AriesChild', 'Vegas', 'buddy', 'amp', 'Laker', 'lover', 'uuugh', 'love', 'even', 'though', ""'m"", 'way', 'n', 'Chicago']"
7892,1961921555,happiness,"@veeriwhoa OH SILENCE VERONA!  I AM WANTING TO GO   jaja, enjoyyitverymuch and bring me phothos of Danny and dougie ?","['veeriwhoa', 'OH', 'SILENCE', 'VERONA', 'WANTING', 'GO', 'jaja', 'enjoyyitverymuch', 'bring', 'phothos', 'Danny', 'dougie']"
7905,1961923067,happiness,"Totally been too long since I updated.  Saw Star Trek, excellent!  Killed Yogg-Saron 10 man.  Memorial Day killed 25 man raids","['Totally', 'long', 'since', 'updated', 'Saw', 'Star', 'Trek', 'excellent', 'Killed', 'Yogg-Saron', '10', 'man', 'Memorial', 'Day', 'killed', '25', 'man', 'raid']"
7940,1961961644,happiness,"Planning to install Windows 7 tomorrow, so probably no new posts for another few days at least","['Planning', 'install', 'Windows', 'tomorrow', 'probably', 'new', 'post', 'another', 'day', 'least']"
7961,1961965562,happiness,@ashleytisdale Ahhh I am sooo happy Ashley Tisdale is in Germany but I am not in Oberhausen...  But i will show it in the TV at 8 o' clock,"['ashleytisdale', 'Ahhh', 'sooo', 'happy', 'Ashley', 'Tisdale', 'Germany', 'Oberhausen', '...', 'show', 'TV', 'clock']"
7971,1961967029,happiness,"Dang it! It seems that every time I blip a song, it's unavailable.","['Dang', 'seems', 'every', 'time', 'blip', 'song', ""'s"", 'unavailable']"
7995,1961972975,happiness,@PhreshlyPhaded Oh wow  Thanks for the info.,"['PhreshlyPhaded', 'Oh', 'wow', 'Thanks', 'info']"
8007,1961974830,happiness,Thinks its gonna rain,"['Thinks', 'gon', 'na', 'rain']"
8034,1961997552,happiness,"Oh, I HELLA forgot to say my official good morning  Like to hear it? Here it go! Goooooooooooood Morrrrrrrrning Twitterville! Lol","['Oh', 'HELLA', 'forgot', 'say', 'official', 'good', 'morning', 'Like', 'hear', 'go', 'Goooooooooooood', 'Morrrrrrrrning', 'Twitterville', 'Lol']"
8053,1962002237,happiness,@nick_carter  awww poor you  - but you know ... you're doing it for US - bless you ;))),"['nick_carter', 'awww', 'poor', 'know', '...', ""'re"", 'US', 'bless']"
8061,1962003859,happiness,@erinhosborn Thanks Legolas.  @betterlesson Fellowship. re: Google wave: like. @bing demoed 2. http://tinyurl.com/ma6j6l means &quot;Disease&quot;,"['erinhosborn', 'Thanks', 'Legolas', 'betterlesson', 'Fellowship', 'Google', 'wave', 'like', 'bing', 'demoed', '2.', 'http', '//tinyurl.com/ma6j6l', 'mean', 'quot', 'Disease', 'quot']"
8067,1962005043,happiness,@starangel82 @darkheath @140lover Everyone's going to think I'm a gold digger  Hahahaha,"['starangel82', 'darkheath', '140lover', 'Everyone', ""'s"", 'going', 'think', ""'m"", 'gold', 'digger', 'Hahahaha']"
8074,1962007446,happiness,At the doctors office woooo so much fun. Have to go back to wotk after this cant afford to be off.,"['doctor', 'office', 'woooo', 'much', 'fun', 'go', 'back', 'wotk', 'cant', 'afford']"
8115,1962022528,happiness,out enjoying the weather before i have to go to work.. last shift with @jamieallover,"['enjoying', 'weather', 'go', 'work', '..', 'last', 'shift', 'jamieallover']"
8121,1962024352,happiness,Had quite a cool day with Charlie and then Ben aswell (: got lost and stung by nettles,"['quite', 'cool', 'day', 'Charlie', 'Ben', 'aswell', 'got', 'lost', 'stung', 'nettle']"
8123,1962025002,happiness,@HannahSukter anywayss to the point i am dying to spend my summer over there or somewhere hot with you guys,"['HannahSukter', 'anywayss', 'point', 'dying', 'spend', 'summer', 'somewhere', 'hot', 'guy']"
8141,1962029586,happiness,@rayrayyyyy &quot;now or never&quot; makes me cry everytime  lol.,"['rayrayyyyy', 'quot', 'never', 'quot', 'make', 'cry', 'everytime', 'lol']"
8184,1962062319,happiness,http://twitpic.com/66ymw I'm gonna miss these guys so much  Thanks for making the 5 years at senior school amazing!,"['http', '//twitpic.com/66ymw', ""'m"", 'gon', 'na', 'miss', 'guy', 'much', 'Thanks', 'making', 'year', 'senior', 'school', 'amazing']"
8185,1962062537,happiness,"@Rush23 how about we start with a true Franchise online mode. Dynasty was huge, Madden online league not so much","['Rush23', 'start', 'true', 'Franchise', 'online', 'mode', 'Dynasty', 'huge', 'Madden', 'online', 'league', 'much']"
8192,1962064168,happiness,Just got back from the concert! Some mistakes... I kinda failed my Macedonian test  But my relatives from Serbia are here! WooHoo!!!,"['got', 'back', 'concert', 'mistake', '...', 'kinda', 'failed', 'Macedonian', 'test', 'relative', 'Serbia', 'WooHoo']"
8194,1962064627,happiness,"Whew, the first night and day of summer were.....very sad  But, I have Jess's grad party to go to tonight!!!","['Whew', 'first', 'night', 'day', 'summer', '.....', 'sad', 'Jess', ""'s"", 'grad', 'party', 'go', 'tonight']"
8195,1962064791,happiness,Just watched the &quot;Final Break&quot; final prison break episode. It was great. Farewell Prison Break. You will be dearly missed.,"['watched', 'quot', 'Final', 'Break', 'quot', 'final', 'prison', 'break', 'episode', 'great', 'Farewell', 'Prison', 'Break', 'dearly', 'missed']"
8220,1962069767,happiness,Burnt Agenn  Nice Day Tho  xxx,"['Burnt', 'Agenn', 'Nice', 'Day', 'Tho', 'xxx']"
8223,1962100118,happiness,@caltort i have tried the Teriyaki - no cookie tho!  we got (non winning) Pop-tarts with it.  All was great!,"['caltort', 'tried', 'Teriyaki', 'cookie', 'tho', 'got', 'non', 'winning', 'Pop-tarts', 'great']"
8263,1962108509,happiness,@Sopphue i foot think it will let you since it.s international  but we have twitter haha,"['Sopphue', 'foot', 'think', 'let', 'since', 'it.s', 'international', 'twitter', 'haha']"
8290,1962113989,happiness,@shelleymcarthur I was only @ Cambie just slightly before the event then had to leave  Waiting for feedback though; I'll keep u posted!,"['shelleymcarthur', 'Cambie', 'slightly', 'event', 'leave', 'Waiting', 'feedback', 'though', ""'ll"", 'keep', 'u', 'posted']"
8298,1962115725,happiness,"going out tonight, FINALLY. i wanty lie in the park but... cinema bound it looks","['going', 'tonight', 'FINALLY', 'wanty', 'lie', 'park', '...', 'cinema', 'bound', 'look']"
8300,1962116785,happiness,@MorganMartinez My dream was about hanging out with all my friends. It was good until I woke up and they weren't there.,"['MorganMartinez', 'dream', 'hanging', 'friend', 'good', 'woke', ""n't""]"
8314,1962136782,happiness,"went and got a pedicure and a manicure 2daii!!!! and den sunbathed all daii!!!! BEST DAY EVA!!!!! oh yeh,....did a teeny bit of study","['went', 'got', 'pedicure', 'manicure', '2daii', 'den', 'sunbathed', 'daii', 'BEST', 'DAY', 'EVA', 'oh', 'yeh', '....', 'teeny', 'bit', 'study']"
8327,1962139983,happiness,Just got back from the doctor... I don't need surgery yayyy!!!!!! But my knees are still fucked  not gonna get better,"['got', 'back', 'doctor', '...', ""n't"", 'need', 'surgery', 'yayyy', 'knee', 'still', 'fucked', 'gon', 'na', 'get', 'better']"
8343,1962144302,happiness,just done planting the garden...hope sun will shine soon!,"['done', 'planting', 'garden', '...', 'hope', 'sun', 'shine', 'soon']"
8372,1962149069,happiness,almost done with my first day at the spa...I missed this place! Then headed to Fort Collins to close down casa de kent,"['almost', 'done', 'first', 'day', 'spa', '...', 'missed', 'place', 'headed', 'Fort', 'Collins', 'close', 'casa', 'de', 'kent']"
8390,1962167001,happiness,@AmongstStars awee!,"['AmongstStars', 'awee']"
8394,1962168057,happiness,currently playing... part of the list,"['currently', 'playing', '...', 'part', 'list']"
8415,1962172250,happiness,@eep2001 Might have to cancel our Disney trip this year.  Not too thrilled about it.,"['eep2001', 'Might', 'cancel', 'Disney', 'trip', 'year', 'thrilled']"
8432,1962179375,happiness,"Good am all..: hanging out with ma dad 2day, looking for a job still..","['Good', '..', 'hanging', 'dad', '2day', 'looking', 'job', 'still', '..']"
8434,1962180186,happiness,@xxdePinkLadyxx I KNOW!!!!!!!!!!!!!!!! JOIN THE FREEKIN CLUB!!!!,"['xxdePinkLadyxx', 'KNOW', 'JOIN', 'FREEKIN', 'CLUB']"
8437,1962181356,happiness,"@darklord1  Ohh what fun! A night at Slimes, I miss that place!","['darklord1', 'Ohh', 'fun', 'night', 'Slimes', 'miss', 'place']"
8459,1962191785,happiness,"Have ordered the cuuutest invitations for my new nieceï¿½s Christening, and they just arrived back in SA.  Sorry that I wont make it myself","['ordered', 'cuuutest', 'invitation', 'new', 'nieceï¿½s', 'Christening', 'arrived', 'back', 'SA', 'Sorry', 'wont', 'make']"
8462,1962192317,happiness,@danni_30439 I really wish I could go!,"['danni_30439', 'really', 'wish', 'could', 'go']"
8472,1962195209,happiness,"@nick_carter Gotta make the video public, dear. LOL ...can't see it.","['nick_carter', 'Got', 'ta', 'make', 'video', 'public', 'dear', 'LOL', '...', 'ca', ""n't"", 'see']"
8484,1962197947,happiness,"Wearing exactly the same clothes as I used to wear in Canada, beanie (or touque) and all.  Ahh brings back memories... I miss the snow","['Wearing', 'exactly', 'clothes', 'used', 'wear', 'Canada', 'beanie', 'touque', 'Ahh', 'brings', 'back', 'memory', '...', 'miss', 'snow']"
8487,1962198266,happiness,@oliviamunn SAN DIEGO! MOVE DOWN HERE! although whether right now is pretty cold. im waiting for the suck so i can go surf  I LOVE YOU,"['oliviamunn', 'SAN', 'DIEGO', 'MOVE', 'although', 'whether', 'right', 'pretty', 'cold', 'im', 'waiting', 'suck', 'go', 'surf', 'LOVE']"
8490,1962199059,happiness,@nethra - one more funny msg on fb. this time with an actual link  today i have received 5 such messages,"['nethra', 'one', 'funny', 'msg', 'fb', 'time', 'actual', 'link', 'today', 'received', 'message']"
8527,1962210607,happiness,"@susannaheanes bwaha! It's so far away, though.  But it looks fluffy! And Jared's hair's SHINNNY.","['susannaheanes', 'bwaha', ""'s"", 'far', 'away', 'though', 'look', 'fluffy', 'Jared', ""'s"", 'hair', ""'s"", 'SHINNNY']"
8529,1962211225,happiness,"@LeeHongRui hahaha.. it's ok, how can I hire your mom??! So paiseh.. haha, I shall do all the washing then","['LeeHongRui', 'hahaha', '..', ""'s"", 'ok', 'hire', 'mom', 'paiseh', '..', 'haha', 'shall', 'washing']"
8570,1962221157,happiness,@marisette Weird! Maybe all the updates just aren't being sent to my phone  Haha,"['marisette', 'Weird', 'Maybe', 'update', ""n't"", 'sent', 'phone', 'Haha']"
8627,1962235481,happiness,"@yikes77 It would be great if those VIPS were for some acts I'd enjoy seeing, but noooo.","['yikes77', 'would', 'great', 'VIPS', 'act', ""'d"", 'enjoy', 'seeing', 'noooo']"
8640,1962239836,happiness,@netmogul that sounds soooo good right now mmmm malasadas. i have to have more before i leave today,"['netmogul', 'sound', 'soooo', 'good', 'right', 'mmmm', 'malasadas', 'leave', 'today']"
8644,1962240584,happiness,Goodbye sex in the city  let me hurry and give mi cuz that paper work @lailashah !!! Have 2 have summer in BK !!!,"['Goodbye', 'sex', 'city', 'let', 'hurry', 'give', 'mi', 'cuz', 'paper', 'work', 'lailashah', 'summer', 'BK']"
8647,1962241408,happiness,@NormaBecerra the washer se chingo  ha  ha!! I'm busting my grandma lucia waaaaay back in the early 90's lol,"['NormaBecerra', 'washer', 'se', 'chingo', 'ha', 'ha', ""'m"", 'busting', 'grandma', 'lucia', 'waaaaay', 'back', 'early', '90', ""'s"", 'lol']"
8652,1962242836,happiness,"@My3Daughters well it sounds delicious! i'll be laying out on my patio tom, sans pool!  Enjoy your burgers!!","['My3Daughters', 'well', 'sound', 'delicious', ""'ll"", 'laying', 'patio', 'tom', 'sans', 'pool', 'Enjoy', 'burger']"
8705,1962263163,happiness,http://twitpic.com/670ar - this is post guitar hero ass kicking,"['http', '//twitpic.com/670ar', 'post', 'guitar', 'hero', 'as', 'kicking']"
8711,1962263932,happiness,"@NeilDavidson happened about three weeks ago. Why, is there a serial card fraudster on the loose?","['NeilDavidson', 'happened', 'three', 'week', 'ago', 'serial', 'card', 'fraudster', 'loose']"
8749,1962297640,happiness,is enjoying the nice weather but has been stuck indoors writing an essay for most of it,"['enjoying', 'nice', 'weather', 'stuck', 'indoors', 'writing', 'essay']"
8751,1962297786,happiness,@matty500 Congratulations! I wish I could be there to see it happen.,"['matty500', 'Congratulations', 'wish', 'could', 'see', 'happen']"
8848,1962325042,happiness,My car is home. Yay! $613.22 Boo!  I'm paying my mom in installments. I gave her $200 today. I so need to win the lottery. :\,"['car', 'home', 'Yay', '613.22', 'Boo', ""'m"", 'paying', 'mom', 'installment', 'gave', '200', 'today', 'need', 'win', 'lottery']"
8850,1962325293,happiness,"@gnimsh forgot to answer your kindle question yesterday. honestly, haven't used it much. have two paperback books i want 2 read first.","['gnimsh', 'forgot', 'answer', 'kindle', 'question', 'yesterday', 'honestly', ""n't"", 'used', 'much', 'two', 'paperback', 'book', 'want', 'read', 'first']"
8899,1962365474,happiness,@me_chiel Well...I would love to have a Zoo! ;P Dont think I can be there sunday.  But sometime I will !I want to!,"['me_chiel', 'Well', '...', 'would', 'love', 'Zoo', 'P', 'Dont', 'think', 'sunday', 'sometime', 'want']"
8968,1962382738,happiness,@sheszladii  LOL! Girl that video disturbed me  and I love the hk theme too cute!,"['sheszladii', 'LOL', 'Girl', 'video', 'disturbed', 'love', 'hk', 'theme', 'cute']"
9006,1962392072,happiness,@detrick Hey! So glad it's Friday but not happy that I just ate a bad apple,"['detrick', 'Hey', 'glad', ""'s"", 'Friday', 'happy', 'ate', 'bad', 'apple']"
9007,1962392145,happiness,Finished new moon! Woo! Now i want the next one...,"['Finished', 'new', 'moon', 'Woo', 'want', 'next', 'one', '...']"
9008,1962392290,happiness,Been sitting in garden with my mummy and also got a text from the boy who i thought had GOT THE HINT    obviously not.,"['sitting', 'garden', 'mummy', 'also', 'got', 'text', 'boy', 'thought', 'GOT', 'HINT', 'obviously']"
9014,1962393907,happiness,http://bit.ly/NYhMZ  Dionusia made me do it,"['http', '//bit.ly/NYhMZ', 'Dionusia', 'made']"
9026,1962397979,happiness,So much for buying that awesome new phone from sony ericsson  - I am now Berry'd like everyone else...,"['much', 'buying', 'awesome', 'new', 'phone', 'sony', 'ericsson', 'Berry', ""'d"", 'like', 'everyone', 'else', '...']"
9040,1962404828,happiness,such.a.tease.,['such.a.tease']
9043,1962405797,happiness,Dollhouse was saved!!! Its coming back for another season!!! Too bad scrubs isn't,"['Dollhouse', 'saved', 'coming', 'back', 'another', 'season', 'bad', 'scrub', ""n't""]"
9067,1962410871,happiness,"@fishieee Haha, it'll be gross by the time it comes back.    Tell you what .. we'll Yum! Vancouver some malay spot soon, or just go indian","['fishieee', 'Haha', ""'ll"", 'gross', 'time', 'come', 'back', 'Tell', '..', ""'ll"", 'Yum', 'Vancouver', 'malay', 'spot', 'soon', 'go', 'indian']"
9071,1962411496,happiness,@lancearmstrong I want a massage!!!,"['lancearmstrong', 'want', 'massage']"
9108,1962423951,happiness,@btocher  http://bit.ly/TVERS - ever been here? the night we didnt meet  we ended up here - possibly the best pizza this side of Chicago!,"['btocher', 'http', '//bit.ly/TVERS', 'ever', 'night', 'didnt', 'meet', 'ended', 'possibly', 'best', 'pizza', 'side', 'Chicago']"
9116,1962425547,happiness,"3 live p2v migrates, 5 vmware vsp exams, and a magento config, a quiet weekend at party central","['live', 'p2v', 'migrates', 'vmware', 'vsp', 'exam', 'magento', 'config', 'quiet', 'weekend', 'party', 'central']"
9117,1962425691,happiness,@isacullen i want more,"['isacullen', 'want']"
9159,1962439166,happiness,"@tashababyyy i'm getting them this weekend. aw, i really want you to!","['tashababyyy', ""'m"", 'getting', 'weekend', 'aw', 'really', 'want']"
9162,1962441410,happiness,1 week and 1 one day to go.,"['week', 'one', 'day', 'go']"
9267,1962479534,happiness,Got to go shopping with wife down to Tesco's. I knew my day was going to well.,"['Got', 'go', 'shopping', 'wife', 'Tesco', ""'s"", 'knew', 'day', 'going', 'well']"
9317,1962518882,happiness,"@grantimahara man, 4 months until we get to see what those drunk tweets were all about","['grantimahara', 'man', 'month', 'get', 'see', 'drunk', 'tweet']"
9358,1962530086,happiness,What a glorious week. My best holiday ever I think. I so don't want to go home in the morning,"['glorious', 'week', 'best', 'holiday', 'ever', 'think', ""n't"", 'want', 'go', 'home', 'morning']"
9362,1962531376,happiness,@fatz_galore aaaw too bad .. i'm in a good mood to phone with someone  lol,"['fatz_galore', 'aaaw', 'bad', '..', ""'m"", 'good', 'mood', 'phone', 'someone', 'lol']"
9371,1962560726,happiness,@eastcoaster1237 @funkydung  Doh! I'm an inside job LOLzor.,"['eastcoaster1237', 'funkydung', 'Doh', ""'m"", 'inside', 'job', 'LOLzor']"
9376,1962561639,happiness,"@laurenglennon I's sorry  listen to some Bats or GD as you do it! [dude, I never got to tell you, but, BATS WERE AMAZING &lt;33]","['laurenglennon', ""'s"", 'sorry', 'listen', 'Bats', 'GD', 'dude', 'never', 'got', 'tell', 'BATS', 'AMAZING', 'lt', '33']"
9391,1962563901,happiness,@LOVEHATE_ENVY how come you dont think you did good?!,"['LOVEHATE_ENVY', 'come', 'dont', 'think', 'good']"
9400,1962565564,happiness,@SpinachPuffs yeeeeah . . . and it was in into too  seen Empire top 100 computer games? http://www.empireonline.com/100greatestgames/,"['SpinachPuffs', 'yeeeeah', 'seen', 'Empire', 'top', '100', 'computer', 'game', 'http', '//www.empireonline.com/100greatestgames/']"
9402,1962566483,happiness,"Jon &amp; Kate + 8 kids have attracted a huge TV audience, tabloid headlines and, now, a state labor investigation   http://tinyurl.com/l7zt72","['Jon', 'amp', 'Kate', 'kid', 'attracted', 'huge', 'TV', 'audience', 'tabloid', 'headline', 'state', 'labor', 'investigation', 'http', '//tinyurl.com/l7zt72']"
9409,1962567238,happiness,@DavidArchie Haha same!!! But its gonna be awhile til it comes to sweden i think...,"['DavidArchie', 'Haha', 'gon', 'na', 'awhile', 'til', 'come', 'sweden', 'think', '...']"
9410,1962567491,happiness,"@TheAllianceGuy thankies! btw, what part of scotland do you live in? I never got to visit the UK at all when I lived in Europe","['TheAllianceGuy', 'thankies', 'btw', 'part', 'scotland', 'live', 'never', 'got', 'visit', 'UK', 'lived', 'Europe']"
9419,1962569033,happiness,@SpinachPuffs yeeeeah . . . and it was in intro too  seen Empire top 100 computer games? http://www.empireonline.com...,"['SpinachPuffs', 'yeeeeah', 'intro', 'seen', 'Empire', 'top', '100', 'computer', 'game', 'http', '//www.empireonline.com', '...']"
9422,1962570170,happiness,@margjoc haha i am aware of how one contracts a UTI.  and i have training for work at 8:45 tomorrow morning so i have to go to bed early,"['margjoc', 'haha', 'aware', 'one', 'contract', 'UTI', 'training', 'work', '8:45', 'tomorrow', 'morning', 'go', 'bed', 'early']"
9460,1962582804,happiness,Car shopping with kacy yay,"['Car', 'shopping', 'kacy', 'yay']"
9478,1962588960,happiness,@jy6 looking forward to your mandarin album.  Hope that you will come Singapore again,"['jy6', 'looking', 'forward', 'mandarin', 'album', 'Hope', 'come', 'Singapore']"
9485,1962591334,happiness,@BrandiHoov we are coming...won't be there til around 9....can't stay though,"['BrandiHoov', 'coming', '...', 'wo', ""n't"", 'til', 'around', '....', 'ca', ""n't"", 'stay', 'though']"
9511,1962600629,happiness,@karriedaway you look sooooo pretty love. dang I wish I was in NY so I could c u do ur thang,"['karriedaway', 'look', 'sooooo', 'pretty', 'love', 'dang', 'wish', 'NY', 'could', 'c', 'u', 'ur', 'thang']"
9569,1962614186,happiness,It's too perfect outside to be at work,"[""'s"", 'perfect', 'outside', 'work']"
9607,1962652584,happiness,OMG !! hollyoaks well dramatic  !!!!!!!!!!!!,"['OMG', 'hollyoaks', 'well', 'dramatic']"
9638,1962660135,happiness,@youulovemee she is good! so gor-juz yea i kno i asked her yesterday when we were at tha hospital if she talked to u and she said no,"['youulovemee', 'good', 'gor-juz', 'yea', 'kno', 'asked', 'yesterday', 'tha', 'hospital', 'talked', 'u', 'said']"
9656,1962662780,happiness,dad's posting got postponed ONE HOUR before he was meant to leave. either going to afganistan or NOWHERE. i'm sorta happy  but he's gutted,"['dad', ""'s"", 'posting', 'got', 'postponed', 'ONE', 'HOUR', 'meant', 'leave', 'either', 'going', 'afganistan', 'NOWHERE', ""'m"", 'sorta', 'happy', ""'s"", 'gutted']"
9708,1962692356,happiness,Im so full. Subway was bomb! Waiting for my 2nd shift to start,"['Im', 'full', 'Subway', 'bomb', 'Waiting', '2nd', 'shift', 'start']"
9718,1962693955,happiness,just got home from a long day at asda. joy,"['got', 'home', 'long', 'day', 'asda', 'joy']"
9724,1962695636,happiness,Poor baby's got his first booboo  that he caused himself LOL  http://twitpic.com/673vt,"['Poor', 'baby', ""'s"", 'got', 'first', 'booboo', 'caused', 'LOL', 'http', '//twitpic.com/673vt']"
9728,1962697086,happiness,"@SallyTraffic ermm, me me me!!","['SallyTraffic', 'ermm']"
9737,1962699796,happiness,@WerewolfSeth YES!!,"['WerewolfSeth', 'YES']"
9754,1962704109,happiness,"@heloloser thanks clair, I haven't watched it yet.","['heloloser', 'thanks', 'clair', ""n't"", 'watched', 'yet']"
9759,1962705332,happiness,I know I shouldn't be saying this but fuck it..I'm horny as hell,"['know', ""n't"", 'saying', 'fuck', '..', ""'m"", 'horny', 'hell']"
9760,1962705336,happiness,"@GirlUSoCrazy lol girl I cannot stop!!! I am a student, I can't afford $14 a pop eyeshadows. But I am so hooked","['GirlUSoCrazy', 'lol', 'girl', 'stop', 'student', 'ca', ""n't"", 'afford', '14', 'pop', 'eyeshadow', 'hooked']"
9771,1962708802,happiness,No 10th  2 months=],"['10th', 'months=']"
9773,1962709944,happiness,"it's been so nice all day, and now it looks like it's going to rain...just when i was getting excited about taking photos when i get home","[""'s"", 'nice', 'day', 'look', 'like', ""'s"", 'going', 'rain', '...', 'getting', 'excited', 'taking', 'photo', 'get', 'home']"
9786,1962713609,happiness,"@danosphere It's a beautiful MN day, but I'm stuck inside playing Zelda.  I've gotta play at least 10 hrs. today.","['danosphere', ""'s"", 'beautiful', 'MN', 'day', ""'m"", 'stuck', 'inside', 'playing', 'Zelda', ""'ve"", 'got', 'ta', 'play', 'least', '10', 'hr', 'today']"
9801,1962717675,happiness,"@agcruc Girl, if you were part of the tour, I would seriously be the first in line for tickets.  Just sayin'.","['agcruc', 'Girl', 'part', 'tour', 'would', 'seriously', 'first', 'line', 'ticket', 'sayin']"
9837,1962724712,happiness,my special edition JFPL came today! all i have time to do is rip the demo cd to itunes and upload to my ipod before i go to work,"['special', 'edition', 'JFPL', 'came', 'today', 'time', 'rip', 'demo', 'cd', 'itunes', 'upload', 'ipod', 'go', 'work']"
9843,1962725788,happiness,@joelogic Wish I could be there too!  Enjoy your weekend! xxx,"['joelogic', 'Wish', 'could', 'Enjoy', 'weekend', 'xxx']"
9847,1962726563,happiness,"Playing with the munchkin today, talking cakes and getting ready for a yard sale tomorrow. Not looking forward to that","['Playing', 'munchkin', 'today', 'talking', 'cake', 'getting', 'ready', 'yard', 'sale', 'tomorrow', 'looking', 'forward']"
9907,1962742981,happiness,@raenewman you called me? didn't get that.  nest time for sure. maybe i'll come to LA soon. i hella wana go to Disneyland.,"['raenewman', 'called', ""n't"", 'get', 'nest', 'time', 'sure', 'maybe', ""'ll"", 'come', 'LA', 'soon', 'hella', 'wana', 'go', 'Disneyland']"
9919,1962744153,happiness,"@jules23 I know...I would too. Yes i cant wait for BB, i love it! I heard theyre not showing the 24 hr live streaming this year though","['jules23', 'know', '...', 'would', 'Yes', 'cant', 'wait', 'BB', 'love', 'heard', 'theyre', 'showing', '24', 'hr', 'live', 'streaming', 'year', 'though']"
9925,1962745105,happiness,@hobgoods- yeah i went to satellite beach today and it was flattt  it was good for skimming though.,"['hobgoods-', 'yeah', 'went', 'satellite', 'beach', 'today', 'flattt', 'good', 'skimming', 'though']"
9935,1962747221,happiness,The last day of the last time I visit my parents as an unmarried woman  (85/21589) ( http://bit.ly/Mo0QN  ),"['last', 'day', 'last', 'time', 'visit', 'parent', 'unmarried', 'woman', '85/21589', 'http', '//bit.ly/Mo0QN']"
9982,1962777124,happiness,@adonkim Sounds like a nice relaxing afternoon. I have to mow the lawn and walk the dog,"['adonkim', 'Sounds', 'like', 'nice', 'relaxing', 'afternoon', 'mow', 'lawn', 'walk', 'dog']"
10050,1962810366,happiness,Just received my Leeds 10K bib and timing chip - but my hip injury means I won't be breaking any 10K PB this time around,"['received', 'Leeds', '10K', 'bib', 'timing', 'chip', 'hip', 'injury', 'mean', 'wo', ""n't"", 'breaking', '10K', 'PB', 'time', 'around']"
10083,1962817343,happiness,"having a great time on vacation, sure as heck don't want to go to work on tues.","['great', 'time', 'vacation', 'sure', 'heck', ""n't"", 'want', 'go', 'work', 'tues']"
10106,1962823573,happiness,"Hanging with my BFF @JasmineWHO today! Ya Ya! @amandababby Our old friend is in my prayers, I hope this experience helps her","['Hanging', 'BFF', 'JasmineWHO', 'today', 'Ya', 'Ya', 'amandababby', 'old', 'friend', 'prayer', 'hope', 'experience', 'help']"
10130,1962830428,happiness,"@chrisbrownweb Hope Ye Got Dem; Ur Site Is Amazing, I Got On Everyday; I Tryed My Own, &amp; It Failed  Lol,","['chrisbrownweb', 'Hope', 'Ye', 'Got', 'Dem', 'Ur', 'Site', 'Amazing', 'Got', 'Everyday', 'Tryed', 'amp', 'Failed', 'Lol']"
10139,1962832259,happiness,I'm at the cubs game and it is so cold. I think its going to rain.,"[""'m"", 'cub', 'game', 'cold', 'think', 'going', 'rain']"
10144,1962833274,happiness,@ebassman I just got two tickets one for speeding and one for tinted windows,"['ebassman', 'got', 'two', 'ticket', 'one', 'speeding', 'one', 'tinted', 'window']"
10156,1962837327,happiness,"You better come here by the time I count to 10 or else. 1, 2, 3,  BAM!!!!!","['better', 'come', 'time', 'count', '10', 'else', 'BAM']"
10159,1962837773,happiness,@euginis did you have fun last night? we didn't see you.,"['euginis', 'fun', 'last', 'night', ""n't"", 'see']"
10223,1962851746,happiness,Just had some babi pangang. Now off to friends. Tomorrow it's working time again,"['babi', 'pangang', 'friend', 'Tomorrow', ""'s"", 'working', 'time']"
10239,1962856745,happiness,@marykayte lucky! I still want those blue ones,"['marykayte', 'lucky', 'still', 'want', 'blue', 'one']"
10286,1962867598,happiness,Goin to the mall and gonna see the movie ghost of gfs past i hope its good and top it all im goin alone  but ilook cute and feel good ^^,"['Goin', 'mall', 'gon', 'na', 'see', 'movie', 'ghost', 'gfs', 'past', 'hope', 'good', 'top', 'im', 'goin', 'alone', 'ilook', 'cute', 'feel', 'good', '^^']"
10336,1962880081,happiness,@laydmaxix aww  i will keep sending it ;),"['laydmaxix', 'aww', 'keep', 'sending']"
10337,1962880128,happiness,I read some pretty awesome web comics today. And there's nothing really good on woot today  http://myloc.me/20gf,"['read', 'pretty', 'awesome', 'web', 'comic', 'today', ""'s"", 'nothing', 'really', 'good', 'woot', 'today', 'http', '//myloc.me/20gf']"
10349,1962882904,happiness,just got a subponea,"['got', 'subponea']"
10365,1962890466,happiness,FANTASTIC week in London but ATROCIOUS 8 hour journey home,"['FANTASTIC', 'week', 'London', 'ATROCIOUS', 'hour', 'journey', 'home']"
10367,1962890693,happiness,@smfibus I have a feeling that we'll be able to get anything we want as long as it's &quot;green.&quot;,"['smfibus', 'feeling', ""'ll"", 'able', 'get', 'anything', 'want', 'long', ""'s"", 'quot', 'green.', 'quot']"
10375,1962892059,happiness,@gowalla Added 3 more spots in Memphis today and visited 2.  Needed a Hot Dog icon for a new restaurant so had to settle for a Hamburger,"['gowalla', 'Added', 'spot', 'Memphis', 'today', 'visited', 'Needed', 'Hot', 'Dog', 'icon', 'new', 'restaurant', 'settle', 'Hamburger']"
10434,1962905193,happiness,Going to @LittleSkillet for lunch today with @earth2andy. Who's in? I still need to hit the ATM.,"['Going', 'LittleSkillet', 'lunch', 'today', 'earth2andy', ""'s"", 'still', 'need', 'hit', 'ATM']"
10547,1962935398,happiness,"@Aeire ahahaha, that happens to me all the time.  poor Angela!","['Aeire', 'ahahaha', 'happens', 'time', 'poor', 'Angela']"
10550,1962936068,happiness,Wants to go catch happy hour @sonic to get me a strawberry lemonade slush (@ameshaye put me on them)...but i dont have my car...super,"['Wants', 'go', 'catch', 'happy', 'hour', 'sonic', 'get', 'strawberry', 'lemonade', 'slush', 'ameshaye', 'put', '...', 'dont', 'car', '...', 'super']"
10564,1962938750,happiness,@Minicooperr yeahh! Ryland was amazing xD BUT I DIDN'T GET A HUG OFF HIM booo  Suarez seemed a bit off tbh..but I think he'd just woken up,"['Minicooperr', 'yeahh', 'Ryland', 'amazing', 'xD', ""N'T"", 'GET', 'HUG', 'booo', 'Suarez', 'seemed', 'bit', 'tbh', '..', 'think', ""'d"", 'woken']"
10569,1962939900,happiness,"Just eaten, and feel extremely bloated...  now for the not so fun part.","['eaten', 'feel', 'extremely', 'bloated', '...', 'fun', 'part']"
10582,1962948919,happiness,About to present my project.,"['present', 'project']"
10638,1962959497,happiness,@jenrolton  awwwww  would a virtual high five make it any better?,"['jenrolton', 'awwwww', 'would', 'virtual', 'high', 'five', 'make', 'better']"
10670,1962973782,happiness,Best purchases at today at the yard sales: 2 large dog crates ($30) and a refrigerator for the office ($35) didn't buy anything old,"['Best', 'purchase', 'today', 'yard', 'sale', 'large', 'dog', 'crate', '30', 'refrigerator', 'office', '35', ""n't"", 'buy', 'anything', 'old']"
10696,1962981309,happiness,@tagscats thanks! You know that happens once in awhile,"['tagscats', 'thanks', 'know', 'happens', 'awhile']"
10709,1962983841,happiness,"leaving work, going to crystal to search for her license, picking her and bia up, then heading to vegas. ugh i'm tired already","['leaving', 'work', 'going', 'crystal', 'search', 'license', 'picking', 'bia', 'heading', 'vega', 'ugh', ""'m"", 'tired', 'already']"
10720,1962993010,happiness,Fever of 103. Awesome. My tonsils are so swollen I can't even eat solid food. Still on location  the pictures rule though,"['Fever', '103', 'Awesome', 'tonsil', 'swollen', 'ca', ""n't"", 'even', 'eat', 'solid', 'food', 'Still', 'location', 'picture', 'rule', 'though']"
10782,1963014403,happiness,http://twitpic.com/676tn - Home Sweet Home... I didn't have a picnic blanket though,"['http', '//twitpic.com/676tn', 'Home', 'Sweet', 'Home', '...', ""n't"", 'picnic', 'blanket', 'though']"
10815,1963022176,happiness,@mileycyrus&quot;i wanna go to prom one day   &quot;i wish U can go with me 2 my prom even though im not a guy.but thatwouldmake1of myFRIENDS happy,"['mileycyrus', 'quot', 'wan', 'na', 'go', 'prom', 'one', 'day', 'quot', 'wish', 'U', 'go', 'prom', 'even', 'though', 'im', 'guy.but', 'thatwouldmake1of', 'myFRIENDS', 'happy']"
10820,1963024167,happiness,My Pom pup is favoring her front paw.,"['Pom', 'pup', 'favoring', 'front', 'paw']"
1,1956967666,sadness,Layin n bed with a headache  ughhhh...waitin on your call...,"['Layin', 'n', 'bed', 'headache', 'ughhhh', '...', 'waitin', 'call', '...']"
2,1956967696,sadness,Funeral ceremony...gloomy friday...,"['Funeral', 'ceremony', '...', 'gloomy', 'friday', '...']"
6,1956968487,sadness,"I should be sleep, but im not! thinking about an old friend who I want. but he's married now. damn, &amp; he wants me 2! scandalous!","['sleep', 'im', 'thinking', 'old', 'friend', 'want', ""'s"", 'married', 'damn', 'amp', 'want', 'scandalous']"
8,1956969035,sadness,@charviray Charlene my love. I miss you,"['charviray', 'Charlene', 'love', 'miss']"
9,1956969172,sadness,@kelcouch I'm sorry  at least it's Friday?,"['kelcouch', ""'m"", 'sorry', 'least', ""'s"", 'Friday']"
12,1956970047,sadness,Ugh! I have to beat this stupid song to get to the next  rude!,"['Ugh', 'beat', 'stupid', 'song', 'get', 'next', 'rude']"
13,1956970424,sadness,@BrodyJenner if u watch the hills in london u will realise what tourture it is because were weeks and weeks late  i just watch itonlinelol,"['BrodyJenner', 'u', 'watch', 'hill', 'london', 'u', 'realise', 'tourture', 'week', 'week', 'late', 'watch', 'itonlinelol']"
15,1956971077,sadness,The storm is here and the electricity is gone,"['storm', 'electricity', 'gone']"
17,1956971206,sadness,So sleepy again and it's not even that late. I fail once again.,"['sleepy', ""'s"", 'even', 'late', 'fail']"
19,1956971586,sadness,How are YOU convinced that I have always wanted you? What signals did I give off...damn I think I just lost another friend,"['convinced', 'always', 'wanted', 'signal', 'give', '...', 'damn', 'think', 'lost', 'another', 'friend']"
24,1956972359,sadness,so tired and i think i'm definitely going to get an ear infection.  going to bed &quot;early&quot; for once.,"['tired', 'think', ""'m"", 'definitely', 'going', 'get', 'ear', 'infection', 'going', 'bed', 'quot', 'early', 'quot']"
26,1956972557,sadness,"@IsaacMascote  i'm sorry people are so rude to you, isaac, they should get some manners and know better than to be so lewd!","['IsaacMascote', ""'m"", 'sorry', 'people', 'rude', 'isaac', 'get', 'manner', 'know', 'better', 'lewd']"
28,1956973598,sadness,Fudge.... Just BS'd that whole paper.... So tired.... Ugh I hate school.....  time to sleep!!!!!!!!!!!,"['Fudge', '....', 'BS', ""'d"", 'whole', 'paper', '....', 'tired', '....', 'Ugh', 'hate', 'school', '.....', 'time', 'sleep']"
36,1956976312,sadness,@ether_radio yeah :S i feel all funny cause i haven't slept enough  i woke my mum up cause i was singing she's not impressed :S you?,"['ether_radio', 'yeah', 'feel', 'funny', 'cause', ""n't"", 'slept', 'enough', 'woke', 'mum', 'cause', 'singing', ""'s"", 'impressed']"
47,1956979150,sadness,I'm having a problem with my photo here in twitter amf!!!...can't see my face!,"[""'m"", 'problem', 'photo', 'twitter', 'amf', '...', 'ca', ""n't"", 'see', 'face']"
59,1956982383,sadness,"@maternitytees Aww  Onward and upwards now, yay! Still sad to leave I bet.","['maternitytees', 'Aww', 'Onward', 'upwards', 'yay', 'Still', 'sad', 'leave', 'bet']"
61,1956982576,sadness,diesel yaris... 70mpg  so sad its not available in the US. That'd be awesome.,"['diesel', 'yaris', '...', '70mpg', 'sad', 'available', 'US', ""'d"", 'awesome']"
62,1956982605,sadness,I want to buy this great album but unfortunately i dont hav enuff funds  its &quot;long time noisy&quot;,"['want', 'buy', 'great', 'album', 'unfortunately', 'dont', 'hav', 'enuff', 'fund', 'quot', 'long', 'time', 'noisy', 'quot']"
63,1956983160,sadness,@Pokinatcha  in all honesty...pain   blech.,"['Pokinatcha', 'honesty', '...', 'pain', 'blech']"
64,1956983171,sadness,Ok ... the passengers ... no one is alive ... they're all dead ... you just don't know it til the end ... then you cry ...,"['Ok', '...', 'passenger', '...', 'one', 'alive', '...', ""'re"", 'dead', '...', ""n't"", 'know', 'til', 'end', '...', 'cry', '...']"
67,1956983690,sadness,@vincew @stefanyngo  i fell asleep on the beach and didn't put on enough sunscreen  lol,"['vincew', 'stefanyngo', 'fell', 'asleep', 'beach', ""n't"", 'put', 'enough', 'sunscreen', 'lol']"
80,1956985764,sadness,@RachelLock22 ohh thursday i have exams.. all day  what about wednesday ?,"['RachelLock22', 'ohh', 'thursday', 'exam', '..', 'day', 'wednesday']"
82,1956986211,sadness,"@gcrush @nopantsdance i was just thinking about how excited i am for you guys to move, but then i realized how sad i am to see you go.","['gcrush', 'nopantsdance', 'thinking', 'excited', 'guy', 'move', 'realized', 'sad', 'see', 'go']"
84,1956986767,sadness,@artfuldodga I love those 'it'sakey' USB sticks. We only have the 4GB in Australia,"['artfuldodga', 'love', ""'it'sakey"", 'USB', 'stick', '4GB', 'Australia']"
95,1956989514,sadness,@sweeetnspicy hiii im on my ipod...i cant fall asleep,"['sweeetnspicy', 'hiii', 'im', 'ipod', '...', 'cant', 'fall', 'asleep']"
96,1956989526,sadness,dont wanna work 11-830 tomorrow  but i get paid,"['dont', 'wan', 'na', 'work', '11-830', 'tomorrow', 'get', 'paid']"
97,1956989560,sadness,feels sad coz i wasnt able to play with the guys!!!  http://plurk.com/p/wxiux,"['feel', 'sad', 'coz', 'wasnt', 'able', 'play', 'guy', 'http', '//plurk.com/p/wxiux']"
103,1956990568,sadness,Darn these allergies! I don't like this time of year because of this! I never used to have this problem either,"['Darn', 'allergy', ""n't"", 'like', 'time', 'year', 'never', 'used', 'problem', 'either']"
106,1956991673,sadness,@cayogial i wanted to come to BZ this summer :/ not so sure anymore... a teacher's life in the summer SUCKS,"['cayogial', 'wanted', 'come', 'BZ', 'summer', 'sure', 'anymore', '...', 'teacher', ""'s"", 'life', 'summer', 'SUCKS']"
109,1956992030,sadness,"I wish she knew what she puts me through..She stole my heart, never gave it back..and occasionally she likes to be like look what I have!","['wish', 'knew', 'put', '..', 'stole', 'heart', 'never', 'gave', 'back', '..', 'occasionally', 'like', 'like', 'look']"
116,1956995196,sadness,@neesabear early happy day of birth in case I don't make it! Very tired from therapy today n just taking my medicine!  misshu! Love ya!,"['neesabear', 'early', 'happy', 'day', 'birth', 'case', ""n't"", 'make', 'tired', 'therapy', 'today', 'n', 'taking', 'medicine', 'misshu', 'Love', 'ya']"
119,1956995762,sadness,Allergies suck ducks nuts.     &lt;=====8@8=====&gt;,"['Allergies', 'suck', 'duck', 'nut', 'lt', '=====8', '8=====', 'gt']"
125,1956996730,sadness,wonders why her Karma points turned into 0.00.  http://plurk.com/p/wxj54,"['wonder', 'Karma', 'point', 'turned', '0.00.', 'http', '//plurk.com/p/wxj54']"
127,1956996776,sadness,Is miserable  i feel like im gona cry  sux!,"['miserable', 'feel', 'like', 'im', 'gona', 'cry', 'sux']"
132,1956998532,sadness,*sigh* I'm going to bed... I just don't feel right anymore...,"['sigh', ""'m"", 'going', 'bed', '...', ""n't"", 'feel', 'right', 'anymore', '...']"
135,1956998704,sadness,Now I am depressed after watching so you think you can dance,"['depressed', 'watching', 'think', 'dance']"
136,1957000040,sadness,"Just cross 'cause I'm stuck twiddling my thumbs now, ugh","['cross', ""'cause"", ""'m"", 'stuck', 'twiddling', 'thumb', 'ugh']"
150,1957002082,sadness,"Last day working for the Uni today, sad times","['Last', 'day', 'working', 'Uni', 'today', 'sad', 'time']"
162,1957005226,sadness,is still missing her husband.    I really want him home.,"['still', 'missing', 'husband', 'really', 'want', 'home']"
163,1957005279,sadness,I miss my puppy,"['miss', 'puppy']"
166,1957005713,sadness,@nzdeany I've given up on pizza - kids would never let me have my fav  (the hot ones),"['nzdeany', ""'ve"", 'given', 'pizza', 'kid', 'would', 'never', 'let', 'fav', 'hot', 'one']"
168,1957006033,sadness,@BarbSchaefer yearling in pet home died... very sad for their whole family,"['BarbSchaefer', 'yearling', 'pet', 'home', 'died', '...', 'sad', 'whole', 'family']"
171,1957006245,sadness,"@heresmyhello92 We hate change, so of course. We're fans for life. &lt;3 Oh and if we haven't met Rob by then something went horribly wrong.","['heresmyhello92', 'hate', 'change', 'course', ""'re"", 'fan', 'life', 'lt', 'Oh', ""n't"", 'met', 'Rob', 'something', 'went', 'horribly', 'wrong']"
173,1957006547,sadness,well fuck- this new pain med has an odd warning that actually applies to me. i can't take this. -chan is displeased.,"['well', 'fuck-', 'new', 'pain', 'med', 'odd', 'warning', 'actually', 'applies', 'ca', ""n't"", 'take', '-chan', 'displeased']"
174,1957006674,sadness,just uploaded my new blog... a painful story about an 80s year old man who cried because he wanted to die... very sad,"['uploaded', 'new', 'blog', '...', 'painful', 'story', '80', 'year', 'old', 'man', 'cried', 'wanted', 'die', '...', 'sad']"
183,1957007633,sadness,I just saw pics from this past Thanksgiving and am sad because Grandma was in them.,"['saw', 'pic', 'past', 'Thanksgiving', 'sad', 'Grandma']"
185,1957008075,sadness,Took a shift tomorrow.    I don't really feel like working right now.,"['Took', 'shift', 'tomorrow', ""n't"", 'really', 'feel', 'like', 'working', 'right']"
186,1957008193,sadness,but now i have no money for a phone,"['money', 'phone']"
191,1957008498,sadness,Too bad the Red Devils.. disappointing to say the least,"['bad', 'Red', 'Devils', '..', 'disappointing', 'say', 'least']"
193,1957008802,sadness,"@xdjio Have a 3ware 9650SE, not fast enough for 3x X25-M SSD RAID5. 800Mhz IOP on the HPT. Might try an Adaptec 5405 (1.2Ghz).","['xdjio', '3ware', '9650SE', 'fast', 'enough', '3x', 'X25-M', 'SSD', 'RAID5', '800Mhz', 'IOP', 'HPT', 'Might', 'try', 'Adaptec', '5405', '1.2Ghz']"
200,1957011291,sadness,@AlexanderGWhite daaammmnnnnn I do wish I was there.,"['AlexanderGWhite', 'daaammmnnnnn', 'wish']"
202,1957012476,sadness,@yuki_hime I played up until the latter parts of the voodoo village part co-op until I lost my usual partner,"['yuki_hime', 'played', 'latter', 'part', 'voodoo', 'village', 'part', 'co-op', 'lost', 'usual', 'partner']"
204,1957012769,sadness,is a bad friend,"['bad', 'friend']"
211,1957013885,sadness,"@moggy99 No internet last night; ER was brill, there was a massive explosion at the end of a nearby gas works ER on standby","['moggy99', 'internet', 'last', 'night', 'ER', 'brill', 'massive', 'explosion', 'end', 'nearby', 'gas', 'work', 'ER', 'standby']"
213,1957013896,sadness,@lenje - Still a pity it comes with no lamb though,"['lenje', 'Still', 'pity', 'come', 'lamb', 'though']"
214,1957014267,sadness,@bloomsday16  I'm sorry to hear that. Here is my optimist: Things will get better. For all of us.,"['bloomsday16', ""'m"", 'sorry', 'hear', 'optimist', 'Things', 'get', 'better', 'u']"
226,1957016697,sadness,Had to cancel wow for now,"['cancel', 'wow']"
228,1957017164,sadness,@fairyfroggie But yeah...I'm sad about my &quot;Ravenclaw&quot; account. I love that account to bits.,"['fairyfroggie', 'yeah', '...', ""'m"", 'sad', 'quot', 'Ravenclaw', 'quot', 'account', 'love', 'account', 'bit']"
236,1957018061,sadness,Up late with nothin 2 do.....,"['late', 'nothin', '.....']"
242,1957019556,sadness,sometimes i wish things could go back to the way they were the beginning of last summer,"['sometimes', 'wish', 'thing', 'could', 'go', 'back', 'way', 'beginning', 'last', 'summer']"
245,1957020180,sadness,"@kateisbored I feel the same way, but I guess no matter where you are there will always be memes.","['kateisbored', 'feel', 'way', 'guess', 'matter', 'always', 'meme']"
254,1957021305,sadness,Cute Malay girl came to seemy room for rent - sadly think it was for her guyfreind   bit misleading and disappointing LOL,"['Cute', 'Malay', 'girl', 'came', 'seemy', 'room', 'rent', 'sadly', 'think', 'guyfreind', 'bit', 'misleading', 'disappointing', 'LOL']"
267,1957025428,sadness,"Everytime I send an email to my coach, I feel a need to practice.   shitty balls.  Lol","['Everytime', 'send', 'email', 'coach', 'feel', 'need', 'practice', 'shitty', 'ball', 'Lol']"
268,1957026475,sadness,It's pissing me off and not letting me follow ericka,"[""'s"", 'pissing', 'letting', 'follow', 'ericka']"
269,1957027495,sadness,Is going to sleep not peaceful  wanted to hear him say Good Night but that didn't happen  Good Night everyone....,"['going', 'sleep', 'peaceful', 'wanted', 'hear', 'say', 'Good', 'Night', ""n't"", 'happen', 'Good', 'Night', 'everyone', '....']"
270,1957027630,sadness,my mums trying to make me feel ebtter about stopping voting adn not winning shortstack. i almost cried.,"['mum', 'trying', 'make', 'feel', 'ebtter', 'stopping', 'voting', 'adn', 'winning', 'shortstack', 'almost', 'cried']"
275,1957028895,sadness,I haven't seen Muffin in two whole days!,"[""n't"", 'seen', 'Muffin', 'two', 'whole', 'day']"
276,1957029111,sadness,@YumiFujii i'll miss y'all back... give @LesleyBoudy my regards...,"['YumiFujii', ""'ll"", 'miss', ""y'all"", 'back', '...', 'give', 'LesleyBoudy', 'regard', '...']"
281,1957030545,sadness,Just found mj mouse flats at DJs. Of course there are none left in my size,"['found', 'mj', 'mouse', 'flat', 'DJs', 'course', 'none', 'left', 'size']"
291,1957032228,sadness,@xoshayzers i knoww  things won't be the samee &lt;/3,"['xoshayzers', 'knoww', 'thing', 'wo', ""n't"", 'samee', 'lt', '/3']"
297,1957033776,sadness,Going to sleep. Gonna fall asleep playing apps again. Tmrw is going to suck,"['Going', 'sleep', 'Gon', 'na', 'fall', 'asleep', 'playing', 'apps', 'Tmrw', 'going', 'suck']"
301,1957034202,sadness,I can't believe the Metal Gear Solid song was stolen    I'm so disappointed  http://bit.ly/YKkSu,"['ca', ""n't"", 'believe', 'Metal', 'Gear', 'Solid', 'song', 'stolen', ""'m"", 'disappointed', 'http', '//bit.ly/YKkSu']"
304,1957034566,sadness,@MacZombieRawr  I wish I had Left 4 Dead. But first I'd need something to play it on...,"['MacZombieRawr', 'wish', 'Left', 'Dead', 'first', ""'d"", 'need', 'something', 'play', '...']"
313,1957038324,sadness,my teeth and head hurts,"['teeth', 'head', 'hurt']"
314,1957038398,sadness,I HATE rob zombie movies. &amp; the smell of weed. Vommmm.,"['HATE', 'rob', 'zombie', 'movie', 'amp', 'smell', 'weed', 'Vommmm']"
321,1957039456,sadness,no more arrested development. i am sad.,"['arrested', 'development', 'sad']"
323,1957039894,sadness,omg i keep losing followers this is so sad  i want 90 one day....thats my goal ;D,"['omg', 'keep', 'losing', 'follower', 'sad', 'want', '90', 'one', 'day', '....', 'thats', 'goal']"
324,1957039922,sadness,I feel so deflated. No more doggy.,"['feel', 'deflated', 'doggy']"
326,1957040172,sadness,"I just had to empty my trash on the mac. that was one of THE MOST DIFFICULT things I have ever done in my life. 8,000 pictures are GONE.","['empty', 'trash', 'mac', 'one', 'DIFFICULT', 'thing', 'ever', 'done', 'life', '8,000', 'picture', 'GONE']"
327,1957040395,sadness,im contacting PAWS Philippines so i can find &quot;tiger&quot; a new owner. im so sad. i love my dog soo much,"['im', 'contacting', 'PAWS', 'Philippines', 'find', 'quot', 'tiger', 'quot', 'new', 'owner', 'im', 'sad', 'love', 'dog', 'soo', 'much']"
328,1957040988,sadness,just got home! not wanting to read the last chaper of breaking dawn cause i dont want it to be over,"['got', 'home', 'wanting', 'read', 'last', 'chaper', 'breaking', 'dawn', 'cause', 'dont', 'want']"
331,1957041745,sadness,Fuuudge. Movie store is closed,"['Fuuudge', 'Movie', 'store', 'closed']"
332,1957041767,sadness,ALO is so sad and quiet and empty tonight,"['ALO', 'sad', 'quiet', 'empty', 'tonight']"
336,1957042316,sadness,@Mona26 Aw where are you headed to? i just cancelled my trip to Aussie,"['Mona26', 'Aw', 'headed', 'cancelled', 'trip', 'Aussie']"
343,1957043226,sadness,Sad that Christian Lacroix had to file bankruptcy,"['Sad', 'Christian', 'Lacroix', 'file', 'bankruptcy']"
344,1957043241,sadness,I dont feel good AT ALL. fuckkk,"['dont', 'feel', 'good', 'fuckkk']"
351,1957045395,sadness,Have to go to the dreaded DMV tomorrow,"['go', 'dreaded', 'DMV', 'tomorrow']"
361,1957047571,sadness,Taylor Swift and Joe Jonas looked really good together. I'm kinda sad they broke up.,"['Taylor', 'Swift', 'Joe', 'Jonas', 'looked', 'really', 'good', 'together', ""'m"", 'kinda', 'sad', 'broke']"
364,1957048027,sadness,God I just want to sleep.,"['God', 'want', 'sleep']"
367,1957049167,sadness,Found my book. Starting a real paper-bound journal tonight. Have an annoying zit above my lip. Makes me look like I have herpes,"['Found', 'book', 'Starting', 'real', 'paper-bound', 'journal', 'tonight', 'annoying', 'zit', 'lip', 'Makes', 'look', 'like', 'herpes']"
370,1957050747,sadness,@RealBlackWidow But but I dun wanna,"['RealBlackWidow', 'dun', 'wan', 'na']"
371,1957050890,sadness,@imjustlalayone damn girl I'm so down but ya gotta let me know so I can get my kit together &amp; I got a flyer  Any next weekend? I&quot;M DOWN!,"['imjustlalayone', 'damn', 'girl', ""'m"", 'ya', 'got', 'ta', 'let', 'know', 'get', 'kit', 'together', 'amp', 'got', 'flyer', 'next', 'weekend', 'quot']"
372,1957051517,sadness,"@JustinOdom dbl booooooo for being sick, flippin blows! ... bahaha i kno i dont have many friends on here either. i feel so lame  haha","['JustinOdom', 'dbl', 'booooooo', 'sick', 'flippin', 'blow', '...', 'bahaha', 'kno', 'dont', 'many', 'friend', 'either', 'feel', 'lame', 'haha']"
376,1957052932,sadness,feels sick to my stomach and idkk whyy,"['feel', 'sick', 'stomach', 'idkk', 'whyy']"
381,1957053566,sadness,"@hello_jodie Um, I was thrown from @JareWolf's van yesterday and had to be taken to the ER","['hello_jodie', 'Um', 'thrown', 'JareWolf', ""'s"", 'van', 'yesterday', 'taken', 'ER']"
386,1957056027,sadness,@judyrey  The link doesn't work,"['judyrey', 'link', ""n't"", 'work']"
396,1957059348,sadness,my stupid tooooth hurts,"['stupid', 'tooooth', 'hurt']"
399,1957059917,sadness,@turnitgrey my computers broken and I broke my laptop so I had to use the phone  ahh still on he cause they fucked up my order.,"['turnitgrey', 'computer', 'broken', 'broke', 'laptop', 'use', 'phone', 'ahh', 'still', 'cause', 'fucked', 'order']"
410,1957062827,sadness,I'm awake. Anybody else awake? Wish I lived in the US since all the fun happens when I'm asleep!,"[""'m"", 'awake', 'Anybody', 'else', 'awake', 'Wish', 'lived', 'US', 'since', 'fun', 'happens', ""'m"", 'asleep']"
412,1957063845,sadness,@Penguin_J heehee. i love you! i am tired.,"['Penguin_J', 'heehee', 'love', 'tired']"
416,1957064575,sadness,"Morning everyone sorry for going early last night had bad news, felt totally crap   Today is a new day","['Morning', 'everyone', 'sorry', 'going', 'early', 'last', 'night', 'bad', 'news', 'felt', 'totally', 'crap', 'Today', 'new', 'day']"
418,1957064908,sadness,"how I wish my parents put me into a Chinese school when I was younger. Then, it'll be so much easier for me to get a job...","['wish', 'parent', 'put', 'Chinese', 'school', 'younger', ""'ll"", 'much', 'easier', 'get', 'job', '...']"
425,1957067988,sadness,@joiskol  being in your room makes me sad.,"['joiskol', 'room', 'make', 'sad']"
428,1957068880,sadness,@CocktailChic oh f*ck! I completely forgot about Thirsty Thursday! oh. my. gaga. this sucks,"['CocktailChic', 'oh', 'f', 'ck', 'completely', 'forgot', 'Thirsty', 'Thursday', 'oh', 'gaga', 'suck']"
429,1957069453,sadness,"if one people did any wrong, the world blames all the people over there, this is the great world which we are living in!  Shit!","['one', 'people', 'wrong', 'world', 'blame', 'people', 'great', 'world', 'living', 'Shit']"
432,1957070534,sadness,@meljachin: eww. dislike,"['meljachin', 'eww', 'dislike']"
435,1957071331,sadness,"@SuzyDunkley sorry bout the cat,","['SuzyDunkley', 'sorry', 'bout', 'cat']"
441,1957072896,sadness,missed iron chef,"['missed', 'iron', 'chef']"
442,1957073073,sadness,@thevowel the DS version sucks,"['thevowel', 'DS', 'version', 'suck']"
443,1957073201,sadness,what a bad day,"['bad', 'day']"
459,1957076048,sadness,went to the cd store to search for the cd. But,"['went', 'cd', 'store', 'search', 'cd']"
461,1957076433,sadness,I miss my mom..  &quot;May angels lead you in&quot;,"['miss', 'mom', '..', 'quot', 'May', 'angel', 'lead', 'quot']"
465,1957077552,sadness,@chocolovere i feel the same way every day,"['chocolovere', 'feel', 'way', 'every', 'day']"
466,1957077564,sadness,Can't sleep. Sucks. The one day i have to sleep in and i have to get up and go shopping with mom. Ugh.,"['Ca', ""n't"", 'sleep', 'Sucks', 'one', 'day', 'sleep', 'get', 'go', 'shopping', 'mom', 'Ugh']"
468,1957078157,sadness,Sleppytime. Really missing my godfather right now. Love you Wayne,"['Sleppytime', 'Really', 'missing', 'godfather', 'right', 'Love', 'Wayne']"
469,1957078740,sadness,So have a headache right now and it sucks,"['headache', 'right', 'suck']"
472,1957079403,sadness,"@jwray12 Lakers, baby Lakers!! I'll miss the game tmwr. I have to work  you'll have to keep me posted please","['jwray12', 'Lakers', 'baby', 'Lakers', ""'ll"", 'miss', 'game', 'tmwr', 'work', ""'ll"", 'keep', 'posted', 'please']"
473,1957079496,sadness,"comfort food of the day: pan mee. though, it didnt taste any good..","['comfort', 'food', 'day', 'pan', 'mee', 'though', 'didnt', 'taste', 'good', '..']"
475,1957079568,sadness,misses my baby.,"['miss', 'baby']"
480,1957080579,sadness,I'm poorly and can't sleep,"[""'m"", 'poorly', 'ca', ""n't"", 'sleep']"
488,1957082926,sadness,has work tom.,"['work', 'tom']"
493,1957083616,sadness,today we say goodbye to the second good friend in a week from dmp  but at least the sun is shinning and I'm definately NOT working this pm,"['today', 'say', 'goodbye', 'second', 'good', 'friend', 'week', 'dmp', 'least', 'sun', 'shinning', ""'m"", 'definately', 'working', 'pm']"
498,1957084166,sadness,Sometimes the things you say hurt the ones you love most unintentionally.  And you can never ever take it back or fix it.,"['Sometimes', 'thing', 'say', 'hurt', 'one', 'love', 'unintentionally', 'never', 'ever', 'take', 'back', 'fix']"
499,1957084446,sadness,@nickkk_ that sucks!,"['nickkk_', 'suck']"
501,1957084638,sadness,Having Fever  dont feel to work,"['Fever', 'dont', 'feel', 'work']"
504,1957084945,sadness,missing @MeLDiBiAsE...6 days can't pass quick enough,"['missing', 'MeLDiBiAsE', '...', 'day', 'ca', ""n't"", 'pas', 'quick', 'enough']"
506,1957085211,sadness,"Working from home today, my back is killing me  Doctor and then physio after later today.","['Working', 'home', 'today', 'back', 'killing', 'Doctor', 'physio', 'later', 'today']"
516,1957087793,sadness,Missing you all deeply,"['Missing', 'deeply']"
519,1957088224,sadness,"@Ravels sniff sniff  take care ravels! Hopefully we'll be chatting again soon. In the mean time, I'll HELLA miss you.","['Ravels', 'sniff', 'sniff', 'take', 'care', 'ravel', 'Hopefully', ""'ll"", 'chatting', 'soon', 'mean', 'time', ""'ll"", 'HELLA', 'miss']"
523,1957089208,sadness,I don't want her to leave..,"[""n't"", 'want', 'leave', '..']"
530,1957090408,sadness,"@KaliyahPjones lmao...thats sad, kinda discourages me 4rom goin if the shit's wack","['KaliyahPjones', 'lmao', '...', 'thats', 'sad', 'kinda', 'discourages', '4rom', 'goin', 'shit', ""'s"", 'wack']"
532,1957090496,sadness,@WillyNorthpole I wish I was there,"['WillyNorthpole', 'wish']"
533,1957090643,sadness,"I miss my little Batty, she was only 3 months old when she got sick, she was always so fun and full of life &lt;3 Even at the very end...","['miss', 'little', 'Batty', 'month', 'old', 'got', 'sick', 'always', 'fun', 'full', 'life', 'lt', 'Even', 'end', '...']"
536,1957091327,sadness,morning again! I hate mornings. So offensive!,"['morning', 'hate', 'morning', 'offensive']"
538,1957091372,sadness,bed bed bed @samuelasanders do you never answer texts anymore?  I thought of you the other day and sent one but never heard back. Sad day,"['bed', 'bed', 'bed', 'samuelasanders', 'never', 'answer', 'text', 'anymore', 'thought', 'day', 'sent', 'one', 'never', 'heard', 'back', 'Sad', 'day']"
540,1957092017,sadness,@brianshead waah. We're no longer your peeps.,"['brianshead', 'waah', ""'re"", 'longer', 'peep']"
541,1957092623,sadness,@angelica_yo LOL wow dawg doesn't sound like you're playing!  I feel bad now haha,"['angelica_yo', 'LOL', 'wow', 'dawg', ""n't"", 'sound', 'like', ""'re"", 'playing', 'feel', 'bad', 'haha']"
549,1957093920,sadness,@MariusLT I'm sorry about your bad driving experiences.,"['MariusLT', ""'m"", 'sorry', 'bad', 'driving', 'experience']"
551,1957094323,sadness,Already misses @CMontecillo,"['Already', 'miss', 'CMontecillo']"
557,1957096324,sadness,Gutted that the bathroom still isn't free- early work isn't going to happen  . And I need the loo!,"['Gutted', 'bathroom', 'still', ""n't"", 'free-', 'early', 'work', ""n't"", 'going', 'happen', 'need', 'loo']"
564,1957098844,sadness,thank you @ddlovato (: cant wait!!!! ummm btw ima crash still sick,"['thank', 'ddlovato', 'cant', 'wait', 'ummm', 'btw', 'ima', 'crash', 'still', 'sick']"
565,1957098983,sadness,"First my work computer, now my home laptop is fucked.","['First', 'work', 'computer', 'home', 'laptop', 'fucked']"
574,1957100428,sadness,@joek949 It's depressing I'm stuck inside all day,"['joek949', ""'s"", 'depressing', ""'m"", 'stuck', 'inside', 'day']"
576,1957100791,sadness,i hate being sick. i miss @cynthiasheree @lucyowns and @larilync,"['hate', 'sick', 'miss', 'cynthiasheree', 'lucyowns', 'larilync']"
579,1957102054,sadness,"Woke Up,I Wanna Stay In My bed","['Woke', 'Wan', 'na', 'Stay', 'bed']"
582,1957102464,sadness,Upsidedown tomato plants died!,"['Upsidedown', 'tomato', 'plant', 'died']"
587,1957103831,sadness,@ddlovato Caan't Iht Be Earlier? ICant Wait That Long.  Ahar. (:,"['ddlovato', 'Caa', ""n't"", 'Iht', 'Earlier', 'ICant', 'Wait', 'Long', 'Ahar']"
595,1957104948,sadness,@prncsztalia why do you hate me!?,"['prncsztalia', 'hate']"
598,1957105755,sadness,http://twitpic.com/663vr - Wanted to visit the animals but we were too late,"['http', '//twitpic.com/663vr', 'Wanted', 'visit', 'animal', 'late']"
600,1957106328,sadness,#jonaswebcast i just missed it!!!!,"['jonaswebcast', 'missed']"
603,1957106916,sadness,So exhausted..can't sleep. I don't like these nights,"['exhausted', '..', 'ca', ""n't"", 'sleep', ""n't"", 'like', 'night']"
604,1957107095,sadness,i'm gonna miss all the live Comet action tomorrow! i have to go take care of my cousins and they don't have access to the interwebz,"[""'m"", 'gon', 'na', 'miss', 'live', 'Comet', 'action', 'tomorrow', 'go', 'take', 'care', 'cousin', ""n't"", 'access', 'interwebz']"
607,1957108151,sadness,@NothinButSin sorry to hear that.,"['NothinButSin', 'sorry', 'hear']"
609,1957109281,sadness,Just found out I can't drink at this bar! Booo missing e1 at palomino's! No cheers sad face,"['found', 'ca', ""n't"", 'drink', 'bar', 'Booo', 'missing', 'e1', 'palomino', ""'s"", 'cheer', 'sad', 'face']"
615,1957111072,sadness,finished a whole box of ice cream,"['finished', 'whole', 'box', 'ice', 'cream']"
630,1957113650,sadness,@chrisontv88 btw I am not a wimp,"['chrisontv88', 'btw', 'wimp']"
634,1957114575,sadness,@queenbmakeup i can't add you on myspace girly  it asks for a last name and email,"['queenbmakeup', 'ca', ""n't"", 'add', 'myspace', 'girly', 'asks', 'last', 'name', 'email']"
637,1957114960,sadness,I don't wanna go back to work   sleepy time.,"[""n't"", 'wan', 'na', 'go', 'back', 'work', 'sleepy', 'time']"
645,1957116289,sadness,http://bit.ly/3W9w1  NOOOO! he goes for Orlando! OMG  I'm gonna CRY!!!!!!!!,"['http', '//bit.ly/3W9w1', 'NOOOO', 'go', 'Orlando', 'OMG', ""'m"", 'gon', 'na', 'CRY']"
653,1957117968,sadness,"@johnpopham Morning John, yes I do, however I have a diary clash and sadly can't attend!","['johnpopham', 'Morning', 'John', 'yes', 'however', 'diary', 'clash', 'sadly', 'ca', ""n't"", 'attend']"
654,1957118155,sadness,I miss my friend,"['miss', 'friend']"
656,1957118513,sadness,Yea i just saw this really sad commercial,"['Yea', 'saw', 'really', 'sad', 'commercial']"
657,1957118612,sadness,Hmmm. Using TinyTwitter on a small non-touch screen is really not much fun,"['Hmmm', 'Using', 'TinyTwitter', 'small', 'non-touch', 'screen', 'really', 'much', 'fun']"
663,1957120549,sadness,Hates having to sleep alone,"['Hates', 'sleep', 'alone']"
667,1957120981,sadness,I loved johnny carson now I'm going to hate seeing jay leno go,"['loved', 'johnny', 'carson', ""'m"", 'going', 'hate', 'seeing', 'jay', 'leno', 'go']"
668,1957121259,sadness,even though everyone wanted to do a newish song and our teacher agreed :S old grumpy doesn't like us happy  haha,"['even', 'though', 'everyone', 'wanted', 'newish', 'song', 'teacher', 'agreed', 'old', 'grumpy', ""n't"", 'like', 'u', 'happy', 'haha']"
671,1957121970,sadness,@razitul ya. i was suffering the whole day yesterday. met dentist and feel a bit better. i still look like rocky balboa though,"['razitul', 'ya', 'suffering', 'whole', 'day', 'yesterday', 'met', 'dentist', 'feel', 'bit', 'better', 'still', 'look', 'like', 'rocky', 'balboa', 'though']"
676,1957122923,sadness,I didn't get a callback for the play I cried...  oh well I guess it's back to being a techie..,"[""n't"", 'get', 'callback', 'play', 'cried', '...', 'oh', 'well', 'guess', ""'s"", 'back', 'techie', '..']"
678,1957123281,sadness,@lunafactor I kinda wish I went with you now!.. I can't fall asleep,"['lunafactor', 'kinda', 'wish', 'went', '..', 'ca', ""n't"", 'fall', 'asleep']"
688,1957125620,sadness,@Dakshinamurti Not yet... sorry,"['Dakshinamurti', 'yet', '...', 'sorry']"
692,1957126750,sadness,FALL ASLEEP ON ME AGAIN  But I know how it feels now LOL. Drag Me To Hell tonight! Quite excited,"['FALL', 'ASLEEP', 'know', 'feel', 'LOL', 'Drag', 'Hell', 'tonight', 'Quite', 'excited']"
699,1957128473,sadness,um... so I don't think my text msgs have a &quot;subject line&quot; ... I fail,"['um', '...', ""n't"", 'think', 'text', 'msg', 'quot', 'subject', 'line', 'quot', '...', 'fail']"
700,1957128727,sadness,tummy ache.,"['tummy', 'ache']"
708,1957130797,sadness,"@askegg I'm sorry, Andrew. I wish there was something I could do...","['askegg', ""'m"", 'sorry', 'Andrew', 'wish', 'something', 'could', '...']"
709,1957131196,sadness,as if i finsh work at eleven.. IS THAT EVEN ALLOWD?  cauz i really dont want to.. lol,"['finsh', 'work', 'eleven', '..', 'EVEN', 'ALLOWD', 'cauz', 'really', 'dont', 'want', '..', 'lol']"
711,1957131626,sadness,"@AmandaMallard i'm not at chaseton's either  please don't die, my heart will be really sad","['AmandaMallard', ""'m"", 'chaseton', ""'s"", 'either', 'please', ""n't"", 'die', 'heart', 'really', 'sad']"
725,1957133923,sadness,"I can't sleep, this is so darn frustrating.","['ca', ""n't"", 'sleep', 'darn', 'frustrating']"
728,1957134402,sadness,@stormyamorette just one of those days where loneliness creeps up on you slaps you in the face.,"['stormyamorette', 'one', 'day', 'loneliness', 'creep', 'slap', 'face']"
729,1957134460,sadness,RIP kelly  fucccccck,"['RIP', 'kelly', 'fucccccck']"
734,1957135976,sadness,Not feeling too good,"['feeling', 'good']"
735,1957136360,sadness,Ok. Time to nodd off its gonna be a long day tomorrow. Saying goodbye to my car for good,"['Ok.', 'Time', 'nodd', 'gon', 'na', 'long', 'day', 'tomorrow', 'Saying', 'goodbye', 'car', 'good']"
740,1957137074,sadness,i miss oklahomaaaaa  listening to citizen cope til i pass out.,"['miss', 'oklahomaaaaa', 'listening', 'citizen', 'cope', 'til', 'pas']"
747,1957139587,sadness,its funny. i'm kinda sad on my last day,"['funny', ""'m"", 'kinda', 'sad', 'last', 'day']"
750,1957139854,sadness,Jenny fell asleep and didn't come over,"['Jenny', 'fell', 'asleep', ""n't"", 'come']"
752,1957140211,sadness,Wishes you had teased me with movie night,"['Wishes', 'teased', 'movie', 'night']"
754,1957140443,sadness,@johneast I've missed one this year(!). It's the forbidden fruit. Of all the trees in the garden I munch in disappointment on that one.,"['johneast', ""'ve"", 'missed', 'one', 'year', ""'s"", 'forbidden', 'fruit', 'tree', 'garden', 'munch', 'disappointment', 'one']"
758,1957141622,sadness,@IvanaE i love it to.. but i knw there gna cut stuff out on tv,"['IvanaE', 'love', '..', 'knw', 'gna', 'cut', 'stuff', 'tv']"
760,1957142001,sadness,@JoannaAngel I do  But Im on a strict diet. . . ugh I feel like if i cheat for one day Ill throw everything up.,"['JoannaAngel', 'Im', 'strict', 'diet', 'ugh', 'feel', 'like', 'cheat', 'one', 'day', 'Ill', 'throw', 'everything']"
766,1957143236,sadness,"So Cal Dachshund Rescue found a home for my foster pup, Max. I'm soooooo sad to see him leave","['Cal', 'Dachshund', 'Rescue', 'found', 'home', 'foster', 'pup', 'Max', ""'m"", 'soooooo', 'sad', 'see', 'leave']"
767,1957143446,sadness,wow I feel like ish  and I really feel bad because those ignorent aholes wont overturn prop 8,"['wow', 'feel', 'like', 'ish', 'really', 'feel', 'bad', 'ignorent', 'aholes', 'wont', 'overturn', 'prop']"
768,1957143564,sadness,"off to work now, finish about 9pm  booooo.","['work', 'finish', '9pm', 'booooo']"
769,1957143679,sadness,Wishes you hadn't teased me with movie night,"['Wishes', ""n't"", 'teased', 'movie', 'night']"
773,1957145383,sadness,"maybe i should take up drinking again, feel as if i have a ,massive hangover  still not ,yself today","['maybe', 'take', 'drinking', 'feel', 'massive', 'hangover', 'still', 'yself', 'today']"
781,1957145956,sadness,should be sleeping.  lost my voice a couple day ago.,"['sleeping', 'lost', 'voice', 'couple', 'day', 'ago']"
783,1957146363,sadness,I was too sleepy earlier and i didnt get to see matt,"['sleepy', 'earlier', 'didnt', 'get', 'see', 'matt']"
786,1957146963,sadness,I just realized I spelled &quot;adorable&quot; wrong when I tweeted @mindykaling she must hate me now,"['realized', 'spelled', 'quot', 'adorable', 'quot', 'wrong', 'tweeted', 'mindykaling', 'must', 'hate']"
790,1957147399,sadness,how to have a glowing face? my complexion is always so pale,"['glowing', 'face', 'complexion', 'always', 'pale']"
791,1957147422,sadness,"Downloadfestival's lineup isn't as good as i thought it was. There are some other awesome bands doing the festivals, but missing DL","['Downloadfestival', ""'s"", 'lineup', ""n't"", 'good', 'thought', 'awesome', 'band', 'festival', 'missing', 'DL']"
811,1957150462,sadness,oh no my tweetdeck is malfunctioning :O il have web will its fixd,"['oh', 'tweetdeck', 'malfunctioning', 'il', 'web', 'fixd']"
812,1957150576,sadness,"@ElectraX ...i'm sorry about you are still sick  u know most of them, AND i know that u will guess the &quot;pelzer present&quot; ;-)","['ElectraX', '...', ""'m"", 'sorry', 'still', 'sick', 'u', 'know', 'know', 'u', 'guess', 'quot', 'pelzer', 'present', 'quot']"
813,1957151064,sadness,@maliciousmandy1 Adam Samberg + new moon trailor = good evening. Too bad my cable is off as of friday,"['maliciousmandy1', 'Adam', 'Samberg', 'new', 'moon', 'trailor', 'good', 'evening', 'bad', 'cable', 'friday']"
818,1957151748,sadness,Just got my ass kicked in Tripoly lol  I got such bad cards... i suck,"['got', 'as', 'kicked', 'Tripoly', 'lol', 'got', 'bad', 'card', '...', 'suck']"
822,1957152662,sadness,Annnnnnddd another one bites the dust,"['Annnnnnddd', 'another', 'one', 'bite', 'dust']"
828,1957153926,sadness,"on my 42nd written fuck.. i get less ideas every day, and every day","['42nd', 'written', 'fuck', '..', 'get', 'less', 'idea', 'every', 'day', 'every', 'day']"
838,1957155610,sadness,@hammett I wish I could have time for my xbox  project all tied,"['hammett', 'wish', 'could', 'time', 'xbox', 'project', 'tied']"
849,1957158904,sadness,And trash repops.  Getting it tomorrow night I suppose.,"['trash', 'repops', 'Getting', 'tomorrow', 'night', 'suppose']"
853,1957160024,sadness,feels like crap whenever she lays down. @)(1+-'$#! I hate heartburn &amp; backaches!,"['feel', 'like', 'crap', 'whenever', 'lay', '1+-', 'hate', 'heartburn', 'amp', 'backache']"
854,1957160410,sadness,@katiefreeze I miss you!!!! It's lonely and empty without you!  http://yfrog.com/3o3zxoj,"['katiefreeze', 'miss', ""'s"", 'lonely', 'empty', 'without', 'http', '//yfrog.com/3o3zxoj']"
855,1957160428,sadness,@lozzyx NOICE. I realised that after exams I have 2 more weeks  Forgot about the whole 2 weeks of Unit 4 in term 2 thing :/,"['lozzyx', 'NOICE', 'realised', 'exam', 'week', 'Forgot', 'whole', 'week', 'Unit', 'term', 'thing']"
857,1957160631,sadness,Missing Everyone,"['Missing', 'Everyone']"
864,1957161860,sadness,My sisser is moving tomorrow and of makes me sad  actually I guess technically in a couple of hours since it's already Friday.,"['sisser', 'moving', 'tomorrow', 'make', 'sad', 'actually', 'guess', 'technically', 'couple', 'hour', 'since', ""'s"", 'already', 'Friday']"
874,1957163968,sadness,@wired that is so sad,"['wired', 'sad']"
881,1957165933,sadness,is still sick  sigh,"['still', 'sick', 'sigh']"
884,1957166877,sadness,i feel really weird,"['feel', 'really', 'weird']"
889,1957167519,sadness,my throat hurts  gonna go read and go to bed. text mee!,"['throat', 'hurt', 'gon', 'na', 'go', 'read', 'go', 'bed', 'text', 'mee']"
893,1957168762,sadness,fjdskal im really frustrated.,"['fjdskal', 'im', 'really', 'frustrated']"
895,1957168966,sadness,Wondering how come mcdonalds take so long to deliver my food.,"['Wondering', 'come', 'mcdonalds', 'take', 'long', 'deliver', 'food']"
897,1957169132,sadness,"@kenyaimagine ... much more injustice than we can imagine now. It will get worse before it gets better, I am afraid. No doubt here. Sorry","['kenyaimagine', '...', 'much', 'injustice', 'imagine', 'get', 'worse', 'get', 'better', 'afraid', 'doubt', 'Sorry']"
899,1957169213,sadness,Sooo.....I'm kind of sick n tired of the bs that guys dish out  !!!!!!!!,"['Sooo', '.....', ""'m"", 'kind', 'sick', 'n', 'tired', 'b', 'guy', 'dish']"
901,1957169451,sadness,"@StarOnMaineSt idk lol my head hurts. rly bad. &amp; so does my stomach... hmm... personally, i think its from all the #s ive had 2 deal wit","['StarOnMaineSt', 'idk', 'lol', 'head', 'hurt', 'rly', 'bad', 'amp', 'stomach', '...', 'hmm', '...', 'personally', 'think', 'ive', 'deal', 'wit']"
912,1957173062,sadness,what a beautiful day - shame I've got to spend it in an office,"['beautiful', 'day', 'shame', ""'ve"", 'got', 'spend', 'office']"
916,1957174125,sadness,Just finished watching the series return of the Chasers War on Everything - really quite crap compared to how it used to be,"['finished', 'watching', 'series', 'return', 'Chasers', 'War', 'Everything', 'really', 'quite', 'crap', 'compared', 'used']"
917,1957174158,sadness,Wow just realized haven't checked Twitter since 9am when I saw my to-do list. Good news- got lot done. Bad news-don't know where day went,"['Wow', 'realized', ""n't"", 'checked', 'Twitter', 'since', '9am', 'saw', 'to-do', 'list', 'Good', 'news-', 'got', 'lot', 'done', 'Bad', 'news-do', ""n't"", 'know', 'day', 'went']"
918,1957174207,sadness,http://twitpic.com/664b7 - miss my bestfriend :'( now she left school,"['http', '//twitpic.com/664b7', 'miss', 'bestfriend', 'left', 'school']"
921,1957175219,sadness,Tummy hurts,"['Tummy', 'hurt']"
923,1957175385,sadness,farewelling an employee tonight...,"['farewelling', 'employee', 'tonight', '...']"
926,1957175586,sadness,"Morning all. The water heating's packed up, so i can't have a bath. I REALLY want a bath!","['Morning', 'water', 'heating', ""'s"", 'packed', 'ca', ""n't"", 'bath', 'REALLY', 'want', 'bath']"
927,1957175992,sadness,@heavenlyriot Girls are confusing.,"['heavenlyriot', 'Girls', 'confusing']"
928,1957176048,sadness,@ lyrically_Me   Why would you do that to me?!,"['lyrically_Me', 'would']"
930,1957176357,sadness,Blackout in the city is never good,"['Blackout', 'city', 'never', 'good']"
942,1957180598,sadness,@half_a_mind Chris and I are staying in Glasgow instead cause there is absolutely no accomodation in Edinburgh due to the marathon,"['half_a_mind', 'Chris', 'staying', 'Glasgow', 'instead', 'cause', 'absolutely', 'accomodation', 'Edinburgh', 'due', 'marathon']"
945,1957181678,sadness,@t_isfortammy Sad tweets are sad,"['t_isfortammy', 'Sad', 'tweet', 'sad']"
948,1957181947,sadness,Have decided I just can't stand @GuyKawasaki's Alltop spam any longer.,"['decided', 'ca', ""n't"", 'stand', 'GuyKawasaki', ""'s"", 'Alltop', 'spam', 'longer']"
951,1957182382,sadness,i miss rich,"['miss', 'rich']"
952,1957182504,sadness,Headache of the century coming- I can feel it  Fuck.,"['Headache', 'century', 'coming-', 'feel', 'Fuck']"
953,1957182827,sadness,disappointed to know that I got the Silver Award. I want the GOLD award. I hate being second best.,"['disappointed', 'know', 'got', 'Silver', 'Award', 'want', 'GOLD', 'award', 'hate', 'second', 'best']"
959,1957183897,sadness,home from ice cream tweet-up (my very first tweet-up!) No pics because my camera battery died last night and i forgot to charge it,"['home', 'ice', 'cream', 'tweet-up', 'first', 'tweet-up', 'pic', 'camera', 'battery', 'died', 'last', 'night', 'forgot', 'charge']"
967,1957188146,sadness,@narain Dun wanna travel all the way there for lunch now. But yeah i have been there. Nice place. Missing Shan-e-Punjab though...,"['narain', 'Dun', 'wan', 'na', 'travel', 'way', 'lunch', 'yeah', 'Nice', 'place', 'Missing', 'Shan-e-Punjab', 'though', '...']"
969,1957188800,sadness,@xMyLifesAStoryx rob got lucky that game he beat me 209-205,"['xMyLifesAStoryx', 'rob', 'got', 'lucky', 'game', 'beat', '209-205']"
973,1957188950,sadness,home from school had the shitest day today,"['home', 'school', 'shitest', 'day', 'today']"
976,1957189551,sadness,"@hobosexual lol.  When I went to buy my new laptop in Feb., I already knew, lol, but I looked anyway and walked away sadfaced. :/","['hobosexual', 'lol', 'went', 'buy', 'new', 'laptop', 'Feb.', 'already', 'knew', 'lol', 'looked', 'anyway', 'walked', 'away', 'sadfaced']"
978,1957189924,sadness,Sitting by myself. Everyone took the good seats.,"['Sitting', 'Everyone', 'took', 'good', 'seat']"
980,1957190291,sadness,@sfannah Ahhhhh  Well at least I'm up to!,"['sfannah', 'Ahhhhh', 'Well', 'least', ""'m""]"
982,1957190952,sadness,@DHughesy ME! oh wait wrong state,"['DHughesy', 'oh', 'wait', 'wrong', 'state']"
987,1957191516,sadness,Sorry was that mean,"['Sorry', 'mean']"
994,1957192397,sadness,"@rscheuer sorry, is only in spanish for the moment","['rscheuer', 'sorry', 'spanish', 'moment']"
1005,1957194454,sadness,has had the flu pass unto me by andy...went shopping and got fresh chicken for chicken soup...but no d&amp;d this sat ...is a sad panda,"['flu', 'pas', 'unto', 'andy', '...', 'went', 'shopping', 'got', 'fresh', 'chicken', 'chicken', 'soup', '...', 'amp', 'sat', '...', 'sad', 'panda']"
1007,1957194802,sadness,not well,['well']
1008,1957194936,sadness,@Miss_Rain oh what the hell  way to tell me.,"['Miss_Rain', 'oh', 'hell', 'way', 'tell']"
1010,1957195244,sadness,@theblackestsea oh crap!!,"['theblackestsea', 'oh', 'crap']"
1015,1957195949,sadness,@shaundiviney i didnt get the msg!! :'( but i bought princess,"['shaundiviney', 'didnt', 'get', 'msg', 'bought', 'princess']"
1020,1957196825,sadness,"I'm so unhappy being here. I hate it. It's affecting everything. My relationships with people, my personality, my attitude...","[""'m"", 'unhappy', 'hate', ""'s"", 'affecting', 'everything', 'relationship', 'people', 'personality', 'attitude', '...']"
1021,1957196855,sadness,"There's Nothing To Do Right Now And I'm Tired But I Don't Want To Sleep. Cleaned Up Pretty Good, So Proud. At Least I'd Be A Good Janitor","[""'s"", 'Nothing', 'Right', ""'m"", 'Tired', ""n't"", 'Want', 'Sleep', 'Cleaned', 'Pretty', 'Good', 'Proud', 'Least', ""'d"", 'Good', 'Janitor']"
1023,1957197786,sadness,@Madush oh my... now im offended.  ha,"['Madush', 'oh', '...', 'im', 'offended', 'ha']"
1030,1957198814,sadness,The 3d version of Up sold out   regular version it is!,"['3d', 'version', 'sold', 'regular', 'version']"
1032,1957199055,sadness,@NickTheIntern my love!!! We still havn't done lunch together like we said we would.. I miss you my friend,"['NickTheIntern', 'love', 'still', 'hav', ""n't"", 'done', 'lunch', 'together', 'like', 'said', 'would', '..', 'miss', 'friend']"
1047,1957203878,sadness,now aches &amp; chills have joined the party. Why couldn't the cold just go away? It had to get worse?,"['ache', 'amp', 'chill', 'joined', 'party', 'could', ""n't"", 'cold', 'go', 'away', 'get', 'worse']"
1052,1957204970,sadness,bed. with stomach ache,"['bed', 'stomach', 'ache']"
1057,1957206063,sadness,lappy charger is completely dead... conserving what's left of the battery until i can afford to buy a new one,"['lappy', 'charger', 'completely', 'dead', '...', 'conserving', ""'s"", 'left', 'battery', 'afford', 'buy', 'new', 'one']"
1058,1957206142,sadness,finally accepting the fact that all cute guys are taken,"['finally', 'accepting', 'fact', 'cute', 'guy', 'taken']"
1067,1957207318,sadness,@HazelAngeli @V0TR0N  too bad Vo got me sick I think  &amp; I don't even have meds to feel like you.,"['HazelAngeli', 'V0TR0N', 'bad', 'Vo', 'got', 'sick', 'think', 'amp', ""n't"", 'even', 'med', 'feel', 'like']"
1073,1957208462,sadness,Honza takes his flight back to the Czech Republic in the morning  I'm really going to miss him.,"['Honza', 'take', 'flight', 'back', 'Czech', 'Republic', 'morning', ""'m"", 'really', 'going', 'miss']"
1088,1957213250,sadness,Matty is le tired.,"['Matty', 'le', 'tired']"
1093,1957214887,sadness,@NellaGrl not really having a good night... missing my little girl...,"['NellaGrl', 'really', 'good', 'night', '...', 'missing', 'little', 'girl', '...']"
1096,1957215920,sadness,Nite Tweeple.  Tomorrow will be day 25 at work.,"['Nite', 'Tweeple', 'Tomorrow', 'day', '25', 'work']"
1098,1957216150,sadness,Ahh man up and getting ready for work  I wanna sleep!!!,"['Ahh', 'man', 'getting', 'ready', 'work', 'wan', 'na', 'sleep']"
1099,1957216446,sadness,@JasmineCJones  I was just thinking the same thing! I love our morning chats! We totally need 2 live 2gether full time. Lol,"['JasmineCJones', 'thinking', 'thing', 'love', 'morning', 'chat', 'totally', 'need', 'live', '2gether', 'full', 'time', 'Lol']"
1100,1957216776,sadness,Wish I was at sri panwa now,"['Wish', 'sri', 'panwa']"
1112,1957219010,sadness,"wants to listen to musiq soulchild, but it is not on the iPod","['want', 'listen', 'musiq', 'soulchild', 'iPod']"
1114,1957219264,sadness,i miss seeing fireflies.....,"['miss', 'seeing', 'firefly', '.....']"
1123,1957223393,sadness,@Brookeleeadams hang in there- health should be priority #1 right now! i do hate seeing good people get mistreated so i'm genuinely sorry,"['Brookeleeadams', 'hang', 'there-', 'health', 'priority', 'right', 'hate', 'seeing', 'good', 'people', 'get', 'mistreated', ""'m"", 'genuinely', 'sorry']"
1128,1957224360,sadness,Had a awesome time 2. Got2meet brandon rhyder! Unfortunatly i can't sleep n tomorrow.  back 2 the ole job. @pattymlt got my game face on!,"['awesome', 'time', 'Got2meet', 'brandon', 'rhyder', 'Unfortunatly', 'ca', ""n't"", 'sleep', 'n', 'tomorrow', 'back', 'ole', 'job', 'pattymlt', 'got', 'game', 'face']"
1129,1957224368,sadness,@Saresa And I feel your pain.,"['Saresa', 'feel', 'pain']"
1131,1957224712,sadness,2orw!!!!! Nooooooo I want to go back to Newcastle!!!!,"['2orw', 'Nooooooo', 'want', 'go', 'back', 'Newcastle']"
1133,1957225471,sadness,"bout to watch notorious cause that's how i'm feelin now. wish i could eat something, but i can't.  surgery tomorrow. no food til saturday","['bout', 'watch', 'notorious', 'cause', ""'s"", ""'m"", 'feelin', 'wish', 'could', 'eat', 'something', 'ca', ""n't"", 'surgery', 'tomorrow', 'food', 'til', 'saturday']"
1142,1957227521,sadness,@Jessicaveronica you guys gonna tour with Short Stack again? I missed your last tour  Me friend went and said it was mad!,"['Jessicaveronica', 'guy', 'gon', 'na', 'tour', 'Short', 'Stack', 'missed', 'last', 'tour', 'friend', 'went', 'said', 'mad']"
1150,1957228449,sadness,I'm going to miss Miss Suhana,"[""'m"", 'going', 'miss', 'Miss', 'Suhana']"
1152,1957228670,sadness,Why are the sinks in hospital toilets so low? Now the crotch of my grey suit is spattered with water! Just in time for Physio,"['sink', 'hospital', 'toilet', 'low', 'crotch', 'grey', 'suit', 'spattered', 'water', 'time', 'Physio']"
1172,1957233877,sadness,I should go get a life. Sam just texted me 'Phuture tonight?'  http://sgBEAT.com/pic/81/,"['go', 'get', 'life', 'Sam', 'texted', ""'Phuture"", 'tonight', 'http', '//sgBEAT.com/pic/81/']"
1175,1957235120,sadness,sad that will have to leave my beautiful apartment,"['sad', 'leave', 'beautiful', 'apartment']"
1179,1957236672,sadness,@greco31 I've been trying not to think about that!,"['greco31', ""'ve"", 'trying', 'think']"
1189,1957238515,sadness,Waiting on the bus! I miss my car,"['Waiting', 'bus', 'miss', 'car']"
1190,1957238725,sadness,"says I'm still dreaming about that Nikon D60..erRr!  *ate, kuya **PLEASE** lang* huhuh http://plurk.com/p/wxrx5","['say', ""'m"", 'still', 'dreaming', 'Nikon', 'D60', '..', 'erRr', 'ate', 'kuya', 'PLEASE', 'lang', 'huhuh', 'http', '//plurk.com/p/wxrx5']"
1193,1957239436,sadness,It is kind of lonely when nobody will answer their phone.,"['kind', 'lonely', 'nobody', 'answer', 'phone']"
1194,1957239570,sadness,Rest In Peace  ADaM 12 &amp; GLeNN EPPS.... Gone but never forgotten... what a week ...Loud in da air 4 ya,"['Rest', 'Peace', 'ADaM', 'amp', 'GLeNN', 'EPPS', '....', 'Gone', 'never', 'forgotten', '...', 'week', '...', 'Loud', 'da', 'air', 'ya']"
1205,1957242084,sadness,"is having the worst week, things really do happen in threes","['worst', 'week', 'thing', 'really', 'happen', 'three']"
1208,1957242838,sadness,@katrinalmoreno and im an idiot for missing their last show,"['katrinalmoreno', 'im', 'idiot', 'missing', 'last', 'show']"
1225,1957245960,sadness,@chuybe. you left me first .. and left your bed here for me to look at,"['chuybe', 'left', 'first', '..', 'left', 'bed', 'look']"
1230,1957247328,sadness,"Bike trail - 1, Miss J - 0, two front teeth - 1 1/2.. Hopefully! Vacations suck!","['Bike', 'trail', 'Miss', 'J', 'two', 'front', 'teeth', '1/2', '..', 'Hopefully', 'Vacations', 'suck']"
1233,1957247855,sadness,Sadly I am bprohibiting myself from tweeting tonight. Sorry,"['Sadly', 'bprohibiting', 'tweeting', 'tonight', 'Sorry']"
1240,1957249452,sadness,"@kesoleil Oh man, Did Yogg today. Worse than last week.","['kesoleil', 'Oh', 'man', 'Yogg', 'today', 'Worse', 'last', 'week']"
1253,1957254388,sadness,@anant25121986 it is so unfair that all the good rock shows happen only in B'lore and Pune,"['anant25121986', 'unfair', 'good', 'rock', 'show', 'happen', ""B'lore"", 'Pune']"
1263,1957257636,sadness,cant sleep again! I couldnt sleep last night eather!  *Wabble Wabble*,"['cant', 'sleep', 'couldnt', 'sleep', 'last', 'night', 'eather', 'Wabble', 'Wabble']"
1267,1957259756,sadness,"have to stay away from home, and since this part of india dnt hav gud wireless internet, im fucked","['stay', 'away', 'home', 'since', 'part', 'india', 'dnt', 'hav', 'gud', 'wireless', 'internet', 'im', 'fucked']"
1269,1957259948,sadness,Wookei why did you never accept my psn friend request,"['Wookei', 'never', 'accept', 'psn', 'friend', 'request']"
1271,1957260515,sadness,@davidaKaplan As do I  Leopold says hello.,"['davidaKaplan', 'Leopold', 'say', 'hello']"
1272,1957261056,sadness,because my dad has the tv to loud. Then i get creeped out cuz im from a dodgy neighbourhood and there was someone in my bush.,"['dad', 'tv', 'loud', 'get', 'creeped', 'cuz', 'im', 'dodgy', 'neighbourhood', 'someone', 'bush']"
1273,1957261841,sadness,"cant talk very well, just remembering about something once said to me...  not a good thing fucking bully nasty pieces of work arrrrgrrrrrr","['cant', 'talk', 'well', 'remembering', 'something', 'said', '...', 'good', 'thing', 'fucking', 'bully', 'nasty', 'piece', 'work', 'arrrrgrrrrrr']"
1275,1957261950,sadness,@tiataquito you stop it,"['tiataquito', 'stop']"
1277,1957262195,sadness,just got home.. downtown was dead.. plus im kinda under the weather and i gotta get up for work tomorrow,"['got', 'home', '..', 'downtown', 'dead', '..', 'plus', 'im', 'kinda', 'weather', 'got', 'ta', 'get', 'work', 'tomorrow']"
1286,1957264816,sadness,"Yesterday a friend of mine was thrown off his horse as a lorry drove past us, ignoring us signaling for him to slow down","['Yesterday', 'friend', 'mine', 'thrown', 'horse', 'lorry', 'drove', 'past', 'u', 'ignoring', 'u', 'signaling', 'slow']"
1288,1957265221,sadness,Ready to go into work now.  cannot be bothered.,"['Ready', 'go', 'work', 'bothered']"
1290,1957265830,sadness,"I hate working nights, cos I'm not really able to enjoy this gorgeous weather, as I will be asleep","['hate', 'working', 'night', 'co', ""'m"", 'really', 'able', 'enjoy', 'gorgeous', 'weather', 'asleep']"
1294,1957266048,sadness,i really should stop relying on my family when they say their going to get me lunch,"['really', 'stop', 'relying', 'family', 'say', 'going', 'get', 'lunch']"
1295,1957266196,sadness,"Changed my hairstyle,but it isn't good as it supposed to be N don't wealth that much money..  hate that hairdresser~~","['Changed', 'hairstyle', ""n't"", 'good', 'supposed', 'N', ""n't"", 'wealth', 'much', 'money', '..', 'hate', 'hairdresser~~']"
1299,1957266782,sadness,@_erica I know right,"['_erica', 'know', 'right']"
1301,1957267231,sadness,@roshnimo yup .. sad eh .. Betty man .. it should have been betty,"['roshnimo', 'yup', '..', 'sad', 'eh', '..', 'Betty', 'man', '..', 'betty']"
1309,1957269942,sadness,@polyap POL! Is this song from a new album? I am really missing out on UdD!,"['polyap', 'POL', 'song', 'new', 'album', 'really', 'missing', 'UdD']"
1310,1957270955,sadness,is tired of summer already,"['tired', 'summer', 'already']"
1311,1957271130,sadness,feels really sick.,"['feel', 'really', 'sick']"
1320,1957273413,sadness,@Trentskers Pfftt... I wish. Don't have time though.,"['Trentskers', 'Pfftt', '...', 'wish', ""n't"", 'time', 'though']"
1325,1957275711,sadness,"Mom asking if I'm feeling better after dargah visit. Dad swears he sees +ve &quot;change&quot;.  I am amused.   But yeah, still depressed","['Mom', 'asking', ""'m"", 'feeling', 'better', 'dargah', 'visit', 'Dad', 'swears', 'see', '+ve', 'quot', 'change', 'quot', 'amused', 'yeah', 'still', 'depressed']"
1327,1957276719,sadness,Their songs make me want to cry..,"['song', 'make', 'want', 'cry', '..']"
1328,1957276810,sadness,@AshleyGofficial aww dont cry ashley,"['AshleyGofficial', 'aww', 'dont', 'cry', 'ashley']"
1333,1957278370,sadness,My siblings left me alone.   Bored. (:|,"['sibling', 'left', 'alone', 'Bored']"
1338,1957278958,sadness,In the bus... Almost an hour late because of my crappy alarm clock  should be in Leeuwarden at about 9:45,"['bus', '...', 'Almost', 'hour', 'late', 'crappy', 'alarm', 'clock', 'Leeuwarden', '9:45']"
1343,1957281019,sadness,I wish my grandmother had taken me to the US with her,"['wish', 'grandmother', 'taken', 'US']"
1344,1957281398,sadness,@noiselesssound I just heard that Regina girls song @ les deux! And I think u should/have 2 come back 2 mc! I miss u,"['noiselesssound', 'heard', 'Regina', 'girl', 'song', 'le', 'deux', 'think', 'u', 'should/have', 'come', 'back', 'mc', 'miss', 'u']"
1345,1957281523,sadness,"bummed i didnt get to see manchester orchestra bc it was sold out, i spent all night buying tv shows on itunes  lame","['bummed', 'didnt', 'get', 'see', 'manchester', 'orchestra', 'bc', 'sold', 'spent', 'night', 'buying', 'tv', 'show', 'itunes', 'lame']"
1347,1957282284,sadness,"Well thats me for the day, watching Panthers tonight beat the Saints (fingers crossed) cause there are no QLD teams playing this round","['Well', 'thats', 'day', 'watching', 'Panthers', 'tonight', 'beat', 'Saints', 'finger', 'crossed', 'cause', 'QLD', 'team', 'playing', 'round']"
1351,1957282972,sadness,"@Krista_Watson I can't this weekend, sorry  And Steph is working.","['Krista_Watson', 'ca', ""n't"", 'weekend', 'sorry', 'Steph', 'working']"
1358,1957284632,sadness,just got home. im so effin sad,"['got', 'home', 'im', 'effin', 'sad']"
1359,1957284838,sadness,@lizz_xx cheer up lizzi there will b another foh hero concert   but still i suppose we can b upset  xoxoxo,"['lizz_xx', 'cheer', 'lizzi', 'b', 'another', 'foh', 'hero', 'concert', 'still', 'suppose', 'b', 'upset', 'xoxoxo']"
1364,1957286889,sadness,"@zackintoys Sadly, it doesn't  I was so hopeful after American Doll Posse, too ... it's just so blah and vacant of dynamic.","['zackintoys', 'Sadly', ""n't"", 'hopeful', 'American', 'Doll', 'Posse', '...', ""'s"", 'blah', 'vacant', 'dynamic']"
1369,1957287672,sadness,@MommaSalty ...that's a miserable afterparty report,"['MommaSalty', '...', ""'s"", 'miserable', 'afterparty', 'report']"
1373,1957288830,sadness,Not excited of blowing out another candle today... [as when I was a kid!],"['excited', 'blowing', 'another', 'candle', 'today', '...', 'kid']"
1374,1957288916,sadness,sigh....it's always so sad when you watch the series finale....no more green wing left to watch,"['sigh', '....', ""'s"", 'always', 'sad', 'watch', 'series', 'finale', '....', 'green', 'wing', 'left', 'watch']"
1378,1957289809,sadness,Got the BrainBone daily question wrong!  - http://bit.ly/11dd2T,"['Got', 'BrainBone', 'daily', 'question', 'wrong', 'http', '//bit.ly/11dd2T']"
1380,1957290428,sadness,The fam back on the Big Island said the vog has been so bad that they can't see the ocean. Sad!,"['fam', 'back', 'Big', 'Island', 'said', 'vog', 'bad', 'ca', ""n't"", 'see', 'ocean', 'Sad']"
1382,1957290619,sadness,"A sunny morning in the Big K, with lawns to mow and a 2 mile to run to attempt, urgh","['sunny', 'morning', 'Big', 'K', 'lawn', 'mow', 'mile', 'run', 'attempt', 'urgh']"
1394,1957293095,sadness,@USOuljah Ohh Emmm Geee. Souvlaki from Dimitris...I wanna go homeeee  LOL,"['USOuljah', 'Ohh', 'Emmm', 'Geee', 'Souvlaki', 'Dimitris', '...', 'wan', 'na', 'go', 'homeeee', 'LOL']"
1399,1957294554,sadness,Wants milk,"['Wants', 'milk']"
1400,1957295065,sadness,@madeleinelaurin whys your cat in pain?,"['madeleinelaurin', 'why', 'cat', 'pain']"
1402,1957295973,sadness,aww my poor tank friend.    his guild is fucking him over after promising him main OT. he barely even gets to go now.  ;_;,"['aww', 'poor', 'tank', 'friend', 'guild', 'fucking', 'promising', 'main', 'OT', 'barely', 'even', 'get', 'go']"
1406,1957297644,sadness,@franksting yeah... it is very very dry down here,"['franksting', 'yeah', '...', 'dry']"
1409,1957298252,sadness,god it pisses me off that i always enter comps &amp; never win.I am such a sore loser,"['god', 'piss', 'always', 'enter', 'comp', 'amp', 'never', 'win.I', 'sore', 'loser']"
1413,1957299236,sadness,Canï¿½t stop loosing.  Worst month results ever... Bubble two times in a row.,"['Canï¿½t', 'stop', 'loosing', 'Worst', 'month', 'result', 'ever', '...', 'Bubble', 'two', 'time', 'row']"
1423,1957301633,sadness,"Time for bed, oh how I wish someone was laying next to me","['Time', 'bed', 'oh', 'wish', 'someone', 'laying', 'next']"
1436,1957303737,sadness,Today is going to be a normal day for I hope. We had a group of pilots from a large airline come in last night so it was too much drink,"['Today', 'going', 'normal', 'day', 'hope', 'group', 'pilot', 'large', 'airline', 'come', 'last', 'night', 'much', 'drink']"
1438,1957305086,sadness,OMG sore shoulder,"['OMG', 'sore', 'shoulder']"
1440,1957305294,sadness,"@irkengir No. As a result, the salary is a decrease","['irkengir', 'result', 'salary', 'decrease']"
1441,1957305609,sadness,Can I get tonight's SYTYCD online anywhere...streamed like Hulu or paid like iTunes. I missed my favorite judge and now I can't sleep.,"['get', 'tonight', ""'s"", 'SYTYCD', 'online', 'anywhere', '...', 'streamed', 'like', 'Hulu', 'paid', 'like', 'iTunes', 'missed', 'favorite', 'judge', 'ca', ""n't"", 'sleep']"
1449,1957308408,sadness,"I feel sick..like don't wanna get out of bed, be bothered, don't go 2 work, turn da light off, pull da shades n tv off type of sick","['feel', 'sick', '..', 'like', ""n't"", 'wan', 'na', 'get', 'bed', 'bothered', ""n't"", 'go', 'work', 'turn', 'da', 'light', 'pull', 'da', 'shade', 'n', 'tv', 'type', 'sick']"
1453,1957310090,sadness,"@yelainez  oist the 1st tym, di pa ko 18, the 2nd tym, may sakit na siya... don't blame me","['yelainez', 'oist', '1st', 'tym', 'di', 'pa', 'ko', '18', '2nd', 'tym', 'may', 'sakit', 'na', 'siya', '...', ""n't"", 'blame']"
1455,1957311063,sadness,Why don't we close the library due to the great weather?  And the ac isn't working  #fb,"[""n't"", 'close', 'library', 'due', 'great', 'weather', 'ac', ""n't"", 'working', 'fb']"
1456,1957311522,sadness,Time to do house chores! Ugh!,"['Time', 'house', 'chore', 'Ugh']"
1458,1957311599,sadness,"getting ready for school.. reading what's going on on set in Montepulciano, and practically crying cause i'm not there","['getting', 'ready', 'school', '..', 'reading', ""'s"", 'going', 'set', 'Montepulciano', 'practically', 'cry', 'cause', ""'m""]"
1461,1957312815,sadness,missing Taylor like crazy  cant wait till he's back,"['missing', 'Taylor', 'like', 'crazy', 'cant', 'wait', 'till', ""'s"", 'back']"
1465,1957312977,sadness,Had a good day till he twisted his ankle on his two mile run,"['good', 'day', 'till', 'twisted', 'ankle', 'two', 'mile', 'run']"
1469,1957314118,sadness,@TerrenceJ106 yooo! Its rainin dumb hard out.,"['TerrenceJ106', 'yooo', 'rainin', 'dumb', 'hard']"
1474,1957316390,sadness,"Changed my hairstyle,but it isn't good as it supposed to be~~N I don't think it wealthed that much money..  hate that hairdresser~~;(","['Changed', 'hairstyle', ""n't"", 'good', 'supposed', 'be~~N', ""n't"", 'think', 'wealthed', 'much', 'money', '..', 'hate', 'hairdresser~~']"
1475,1957316459,sadness,@J2thaESSICA yeah dnt go there.. I have 3 dif apps on my phone for it  so sad but there is a reason as to why lol,"['J2thaESSICA', 'yeah', 'dnt', 'go', '..', 'dif', 'apps', 'phone', 'sad', 'reason', 'lol']"
1479,1957317110,sadness,Um k.. this is NOT Close My Eyes.. this song always makes me cry bc my mom is gone but I &lt;3 it anyway..,"['Um', 'k', '..', 'Close', 'Eyes', '..', 'song', 'always', 'make', 'cry', 'bc', 'mom', 'gone', 'lt', 'anyway', '..']"
1482,1957317646,sadness,"@SmellTheCheese I know, that is so sad.  I","['SmellTheCheese', 'know', 'sad']"
1504,1957322382,sadness,"@dj_cm  Didn't drink enough for a hangover, just tired and over worked","['dj_cm', ""n't"", 'drink', 'enough', 'hangover', 'tired', 'worked']"
1511,1957324346,sadness,Just awoke in a completely freaked out frantic frenzy.  It's going to be a long night.,"['awoke', 'completely', 'freaked', 'frantic', 'frenzy', ""'s"", 'going', 'long', 'night']"
1517,1957325896,sadness,where's enthusiasm in meeeee,"[""'s"", 'enthusiasm', 'meeeee']"
1519,1957327491,sadness,"drinking some really nice coffee, got to go to the dentist at 9am this morning","['drinking', 'really', 'nice', 'coffee', 'got', 'go', 'dentist', '9am', 'morning']"
1523,1957328727,sadness,@jessereed did u watch the day the earth stood still? did u not see my bye when u got d/c...  im sad i left 2 and now ur gone  ily&lt;333,"['jessereed', 'u', 'watch', 'day', 'earth', 'stood', 'still', 'u', 'see', 'bye', 'u', 'got', 'd/c', '...', 'im', 'sad', 'left', 'ur', 'gone', 'ily', 'lt', '333']"
1529,1957331051,sadness,#DepecheMode concert next week cancelled  Alternative date not known yet. Dave Gahan had a tumor.,"['DepecheMode', 'concert', 'next', 'week', 'cancelled', 'Alternative', 'date', 'known', 'yet', 'Dave', 'Gahan', 'tumor']"
1530,1957331263,sadness,"its 2:08 am. I CAN'T SLEEP!!!!!  i thought it was b/c im hungry, so i whipped up a pb&amp;j with milk. hopefully it works!!!!","['2:08', 'CA', ""N'T"", 'SLEEP', 'thought', 'b/c', 'im', 'hungry', 'whipped', 'pb', 'amp', 'j', 'milk', 'hopefully', 'work']"
1531,1957331325,sadness,Only 1 tweet in the last 24 hours?  Nobody likes my tweetboard,"['tweet', 'last', '24', 'hour', 'Nobody', 'like', 'tweetboard']"
1533,1957331550,sadness,i'm so bored i can barely even tweet. i have nothing to talk about.  #boredboots,"[""'m"", 'bored', 'barely', 'even', 'tweet', 'nothing', 'talk', 'boredboots']"
1536,1957332231,sadness,"my head is killing me, i keep sneezing, and i think my boyfriend fell asleep. greaaat","['head', 'killing', 'keep', 'sneezing', 'think', 'boyfriend', 'fell', 'asleep', 'greaaat']"
1539,1957333291,sadness,roughnight,['roughnight']
1540,1957333645,sadness,Tired. About to climb into bed and fall asleep. I hope this weekend will be fun... I only have a couple of weeks left,"['Tired', 'climb', 'bed', 'fall', 'asleep', 'hope', 'weekend', 'fun', '...', 'couple', 'week', 'left']"
1541,1957334622,sadness,"Bad day, just got worse...","['Bad', 'day', 'got', 'worse', '...']"
1542,1957335011,sadness,@irkengir It is a recession,"['irkengir', 'recession']"
1550,1957336804,sadness,"@Meikah Hala, I do not know that one.  Shame on me.","['Meikah', 'Hala', 'know', 'one', 'Shame']"
1568,1957341444,sadness,2moro is the end of my stay @Grandmas to bad shes in NY Then off 2Ft Laud 4a weddin Florida is fun but i miss Home and Spike(car) lol,"['2moro', 'end', 'stay', 'Grandmas', 'bad', 'shes', 'NY', '2Ft', 'Laud', '4a', 'weddin', 'Florida', 'fun', 'miss', 'Home', 'Spike', 'car', 'lol']"
1574,1957343437,sadness,@godfatherobie  I'm @ work and missed everythin yesterday but don't know wot? Anybody,"['godfatherobie', ""'m"", 'work', 'missed', 'everythin', 'yesterday', ""n't"", 'know', 'wot', 'Anybody']"
1578,1957345027,sadness,fell asleep waiting for my ride!,"['fell', 'asleep', 'waiting', 'ride']"
1580,1957345815,sadness,Today feels like friday. Too bad its not,"['Today', 'feel', 'like', 'friday', 'bad']"
1583,1957346003,sadness,now im gettin a complex my followers are shrinking   want to make 100 b4 Sunday,"['im', 'gettin', 'complex', 'follower', 'shrinking', 'want', 'make', '100', 'b4', 'Sunday']"
1594,1957347410,sadness,Has been underpaid  just when i really didn't need to be as well.,"['underpaid', 'really', ""n't"", 'need', 'well']"
1595,1957347794,sadness,@Adamastorlx ohyeahhh  hate the heat!  http://twitpic.com/665a2,"['Adamastorlx', 'ohyeahhh', 'hate', 'heat', 'http', '//twitpic.com/665a2']"
1597,1957348198,sadness,@sashaostrikoff i miss you,"['sashaostrikoff', 'miss']"
1598,1957348794,sadness,Feeling bad that @muemerry didnt get to see UP,"['Feeling', 'bad', 'muemerry', 'didnt', 'get', 'see']"
1601,1957349429,sadness,Disappointment really sucks!  I'm getting used to it.,"['Disappointment', 'really', 'suck', ""'m"", 'getting', 'used']"
1611,1957351556,sadness,"Season 1 of Lie To Me was serious. Damn, now here comes the wait.","['Season', 'Lie', 'serious', 'Damn', 'come', 'wait']"
1612,1957351933,sadness,i mean monday take the test monday!!!! please o please !,"['mean', 'monday', 'take', 'test', 'monday', 'please', 'please']"
1614,1957352215,sadness,@SummerXoxo That's exactly how I feel.  I hope you start feeling better soon.,"['SummerXoxo', ""'s"", 'exactly', 'feel', 'hope', 'start', 'feeling', 'better', 'soon']"
1616,1957353147,sadness,My birthday is now over.,['birthday']
1618,1957353477,sadness,at work and tired just want to go to bed,"['work', 'tired', 'want', 'go', 'bed']"
1620,1957353973,sadness,@msalonen I feel like a Truck just hit me too! I also Resemble a man hit by a truck!,"['msalonen', 'feel', 'like', 'Truck', 'hit', 'also', 'Resemble', 'man', 'hit', 'truck']"
1634,1957358992,sadness,@Jazzy813 I miss my neice  can't wait to see her bad n grown ass! Lol,"['Jazzy813', 'miss', 'neice', 'ca', ""n't"", 'wait', 'see', 'bad', 'n', 'grown', 'as', 'Lol']"
1635,1957359317,sadness,"Holy shit it's super sunny, Friday and Whitsun, my tube is deeeesearted. Wish I was in the park  http://tinyurl.com/ns2l55","['Holy', 'shit', ""'s"", 'super', 'sunny', 'Friday', 'Whitsun', 'tube', 'deeeesearted', 'Wish', 'park', 'http', '//tinyurl.com/ns2l55']"
1643,1957361569,sadness,Ugh talk to me someone  I'm really bored.,"['Ugh', 'talk', 'someone', ""'m"", 'really', 'bored']"
1648,1957362570,sadness,Sleeping on the streets of nyc for a celebrity...nothing new. Wish i had a huge blanket though,"['Sleeping', 'street', 'nyc', 'celebrity', '...', 'nothing', 'new', 'Wish', 'huge', 'blanket', 'though']"
1649,1957362871,sadness,have a splitting headache!,"['splitting', 'headache']"
1650,1957362899,sadness,OMG. Period cramps are FTL. So much pain.,"['OMG', 'Period', 'cramp', 'FTL', 'much', 'pain']"
1658,1957364648,sadness,@shortstackband grrrrrrrrrrrrrrrrrrrrrrrr,"['shortstackband', 'grrrrrrrrrrrrrrrrrrrrrrrr']"
1667,1957365541,sadness,Using tiffys computer...it feels different from mine... the touch is different.,"['Using', 'tiffys', 'computer', '...', 'feel', 'different', 'mine', '...', 'touch', 'different']"
1671,1957366885,sadness,Bummed out I am missing a rock climbing trip next week,"['Bummed', 'missing', 'rock', 'climbing', 'trip', 'next', 'week']"
1672,1957366994,sadness,Stuck in some shitty traffic! This day is going to be crap,"['Stuck', 'shitty', 'traffic', 'day', 'going', 'crap']"
1674,1957367293,sadness,sick to my stomach.. and i have a headache.. i wish someone could come rub my temples.,"['sick', 'stomach', '..', 'headache', '..', 'wish', 'someone', 'could', 'come', 'rub', 'temple']"
1676,1957369110,sadness,Not a good start to the day left my money at home . So i'll hot a day me looking for free carparks,"['good', 'start', 'day', 'left', 'money', 'home', ""'ll"", 'hot', 'day', 'looking', 'free', 'carparks']"
1681,1957370551,sadness,"@deathnerd ah man, that's sucks.  What happened to it that's prompting a reinstall?","['deathnerd', 'ah', 'man', ""'s"", 'suck', 'happened', ""'s"", 'prompting', 'reinstall']"
1682,1957370577,sadness,@Farctum Oh poor thing  Hope it's easily sorted out. (and not too expensive!),"['Farctum', 'Oh', 'poor', 'thing', 'Hope', ""'s"", 'easily', 'sorted', 'expensive']"
1690,1957372522,sadness,@Lil_maggie you okay? i miss you @tanyadenalilove im sad you didnt text todayh,"['Lil_maggie', 'okay', 'miss', 'tanyadenalilove', 'im', 'sad', 'didnt', 'text', 'todayh']"
1692,1957373593,sadness,#3wordsaftersex it hurts now,"['3wordsaftersex', 'hurt']"
1693,1957374741,sadness,Heavily medicated but can't sleep. Ugh...,"['Heavily', 'medicated', 'ca', ""n't"", 'sleep', 'Ugh', '...']"
1694,1957374992,sadness,"Grrrrr fuck. Just remembered that I'm doing the later shift today, so not at work for another hour! What a wasted lay in opportunity","['Grrrrr', 'fuck', 'remembered', ""'m"", 'later', 'shift', 'today', 'work', 'another', 'hour', 'wasted', 'lay', 'opportunity']"
1697,1957375982,sadness,@DontLetGo14 at home  im so lonely here...,"['DontLetGo14', 'home', 'im', 'lonely', '...']"
1700,1957376490,sadness,"what is love!? baby don't hurt me, don't hurt me, no more. I WANT TO WATCH 'NIGHT AT THE RUXBURY' RIGHT NOW!!!!","['love', 'baby', ""n't"", 'hurt', ""n't"", 'hurt', 'WANT', 'WATCH', ""'NIGHT"", 'RUXBURY', 'RIGHT']"
1719,1957380317,sadness,Its too early,['early']
1725,1957383118,sadness,My computer is being killed by a combo of mirrors edge and really poor win7 thermal management...75c gpu = one sad game,"['computer', 'killed', 'combo', 'mirror', 'edge', 'really', 'poor', 'win7', 'thermal', 'management', '...', '75c', 'gpu', 'one', 'sad', 'game']"
1731,1957383729,sadness,"@Kingsrockandrol I'm a bit down zoe cos I'm off to bed soon, so I will miss this gorgeous weather, were having  what you up too today? X","['Kingsrockandrol', ""'m"", 'bit', 'zoe', 'co', ""'m"", 'bed', 'soon', 'miss', 'gorgeous', 'weather', 'today', 'X']"
1733,1957385273,sadness,My tummy hurts  go away cramps! I hate chuu!!!!,"['tummy', 'hurt', 'go', 'away', 'cramp', 'hate', 'chuu']"
1748,1957388367,sadness,i lost my voice . what should i do ? it's very torture,"['lost', 'voice', ""'s"", 'torture']"
1750,1957388601,sadness,it's pretty cold outside  today i got another exam...,"[""'s"", 'pretty', 'cold', 'outside', 'today', 'got', 'another', 'exam', '...']"
1762,1957392269,sadness,"@Lmhustle4life Shit none. But yea last weekend was crazy, i think i partied to hard, thats why im sic.","['Lmhustle4life', 'Shit', 'none', 'yea', 'last', 'weekend', 'crazy', 'think', 'partied', 'hard', 'thats', 'im', 'sic']"
1767,1957392626,sadness,@itstayloryall Im so sad we missed you at Family Reunion!!,"['itstayloryall', 'Im', 'sad', 'missed', 'Family', 'Reunion']"
1778,1957395705,sadness,"@1825remnant, i missed everyone tonight","['1825remnant', 'missed', 'everyone', 'tonight']"
1780,1957396215,sadness,Ugh our two week push to produce a six pack has produced nothing but pain!,"['Ugh', 'two', 'week', 'push', 'produce', 'six', 'pack', 'produced', 'nothing', 'pain']"
1792,1957398648,sadness,ooh i feel so sleepy... its 10:24 a.m. and i dont wanna go to school 2day  but i have to...,"['ooh', 'feel', 'sleepy', '...', '10:24', 'a.m.', 'dont', 'wan', 'na', 'go', 'school', '2day', '...']"
1793,1957398677,sadness,@love2reed thx girl! I just now woke up! I cnt believe I'm sick!! Now I have a fever... Wish I could pound nyquil  This sucks.,"['love2reed', 'thx', 'girl', 'woke', 'cnt', 'believe', ""'m"", 'sick', 'fever', '...', 'Wish', 'could', 'pound', 'nyquil', 'suck']"
1796,1957399202,sadness,@donald_jackson already there's none left  back to cabbage soup,"['donald_jackson', 'already', ""'s"", 'none', 'left', 'back', 'cabbage', 'soup']"
1797,1957399970,sadness,Wrong button  ... My music biz building that is.,"['Wrong', 'button', '...', 'music', 'biz', 'building']"
1800,1957400770,sadness,"having the flu, not the swinish-one, but the flu.","['flu', 'swinish-one', 'flu']"
1801,1957400803,sadness,really annoyed that work appear to have blocked facebook now...,"['really', 'annoyed', 'work', 'appear', 'blocked', 'facebook', '...']"
1808,1957403389,sadness,"its friday!  well, technically anyway...but its really thursday for me.  dang having to work saturday mornings","['friday', 'well', 'technically', 'anyway', '...', 'really', 'thursday', 'dang', 'work', 'saturday', 'morning']"
1809,1957403428,sadness,20 mins from BEJ to Semanggi. Traffic on Friday  *siggghh*,"['20', 'min', 'BEJ', 'Semanggi', 'Traffic', 'Friday', 'siggghh']"
1828,1957407968,sadness,@AyeBloodyRight Taking the souls of your friends and family and watching them die is a nightmare. Trust me,"['AyeBloodyRight', 'Taking', 'soul', 'friend', 'family', 'watching', 'die', 'nightmare', 'Trust']"
1841,1957410722,sadness,missin my bro..,"['missin', 'bro', '..']"
1846,1957411775,sadness,@DarynJones Your youtube account is down.,"['DarynJones', 'youtube', 'account']"
1851,1957412378,sadness,still sick  @ Home http://loopt.us/iArPRg.t,"['still', 'sick', 'Home', 'http', '//loopt.us/iArPRg.t']"
1852,1957412380,sadness,not feeling too great today,"['feeling', 'great', 'today']"
1855,1957412584,sadness,i hate that feeling you get when you listen to a song and it completely reminds you of how things used to be &amp; you get emotional,"['hate', 'feeling', 'get', 'listen', 'song', 'completely', 'reminds', 'thing', 'used', 'amp', 'get', 'emotional']"
1859,1957413976,sadness,you ever come across something that reminds you alot of the one person that completely broke your heart? cause i just did,"['ever', 'come', 'across', 'something', 'reminds', 'alot', 'one', 'person', 'completely', 'broke', 'heart', 'cause']"
1864,1957414856,sadness,Ria got a a G1 phone and im jealous,"['Ria', 'got', 'G1', 'phone', 'im', 'jealous']"
1868,1957415838,sadness,my party is wiped out they be all dead and stuff,"['party', 'wiped', 'dead', 'stuff']"
1870,1957416738,sadness,"@Branwen6277 I'm better today.  Yesterday was really hard.  It's still just so unbelievable.  I miss him, too... and probably always will.","['Branwen6277', ""'m"", 'better', 'today', 'Yesterday', 'really', 'hard', ""'s"", 'still', 'unbelievable', 'miss', '...', 'probably', 'always']"
1889,1957424185,sadness,is lonely in need of company,"['lonely', 'need', 'company']"
1901,1957426182,sadness,@dameenrouge I have been to Tara Thai a few times for friend's birthdays and the food I had was pretty bad.,"['dameenrouge', 'Tara', 'Thai', 'time', 'friend', ""'s"", 'birthday', 'food', 'pretty', 'bad']"
1905,1957427070,sadness,hates continually getting sick whenever he has exams,"['hate', 'continually', 'getting', 'sick', 'whenever', 'exam']"
1908,1957428311,sadness,"I want to ride my bicycle today, but it's too cold and cloudy today  http://snipurl.com/izzsn","['want', 'ride', 'bicycle', 'today', ""'s"", 'cold', 'cloudy', 'today', 'http', '//snipurl.com/izzsn']"
1920,1957430094,sadness,stupid weather,"['stupid', 'weather']"
1925,1957430941,sadness,Why cant a girl just like me for who i am and not whats in my walet?,"['cant', 'girl', 'like', 'whats', 'walet']"
1935,1957434111,sadness,"Good Morning, it's beautiful here today. Shame I'm going to spend most of the day being an unpaid taxi driver.","['Good', 'Morning', ""'s"", 'beautiful', 'today', 'Shame', ""'m"", 'going', 'spend', 'day', 'unpaid', 'taxi', 'driver']"
1938,1957434742,sadness,"@overshootTV Thx! Old computer here, too slow for both Kubuntu and Blender really.","['overshootTV', 'Thx', 'Old', 'computer', 'slow', 'Kubuntu', 'Blender', 'really']"
1943,1957435158,sadness,Why Telstra Why do you are biggest Teleco have to be so greedy  we need fast Internet and NO Download Caps!,"['Telstra', 'biggest', 'Teleco', 'greedy', 'need', 'fast', 'Internet', 'Download', 'Caps']"
1945,1957435496,sadness,@Velf79 Missed you last night hon,"['Velf79', 'Missed', 'last', 'night', 'hon']"
1951,1957439635,sadness,@ab_normal Shucks!  Sorry!  Sometimes I get wrapped up in FB and forget to check  how you doin'?,"['ab_normal', 'Shucks', 'Sorry', 'Sometimes', 'get', 'wrapped', 'FB', 'forget', 'check', 'doin']"
1954,1957440078,sadness,"And apparently I misplaced my iPod, the 30 gb","['apparently', 'misplaced', 'iPod', '30', 'gb']"
1956,1957440258,sadness,very disappointed in him    gonna have to sleep it off....,"['disappointed', 'gon', 'na', 'sleep', '....']"
1961,1957442526,sadness,4am foodshopping cause I was sick all day and was in hospitals  being alone blows,"['4am', 'foodshopping', 'cause', 'sick', 'day', 'hospital', 'alone', 'blow']"
1965,1957444251,sadness,@heavenlykevinly You go to sleeeeeeepz,"['heavenlykevinly', 'go', 'sleeeeeeepz']"
1968,1957444593,sadness,is seriously heartbroken!!!,"['seriously', 'heartbroken']"
1974,1957445252,sadness,@NellaGrl ...being lonely all the time.,"['NellaGrl', '...', 'lonely', 'time']"
1984,1957446936,sadness,"@drinkins I'm suffering from the Internet that works bad, only sites hosted on russian servers are available for me","['drinkins', ""'m"", 'suffering', 'Internet', 'work', 'bad', 'site', 'hosted', 'russian', 'server', 'available']"
1998,1957449197,sadness,ouch  epic bruise between my toes and a lump just under my ankle  bad times,"['ouch', 'epic', 'bruise', 'toe', 'lump', 'ankle', 'bad', 'time']"
2000,1957450274,sadness,Epic ocd moment? I deleted my sims file that i spent hours building just because i set his favorite food wrong,"['Epic', 'ocd', 'moment', 'deleted', 'sims', 'file', 'spent', 'hour', 'building', 'set', 'favorite', 'food', 'wrong']"
2007,1957452386,sadness,Heading home. Could really have done without banging my head on the way into the bus,"['Heading', 'home', 'Could', 'really', 'done', 'without', 'banging', 'head', 'way', 'bus']"
2009,1957452660,sadness,also i hit my chin on something when i fell down and it hurts  ugh... work is gonna suck,"['also', 'hit', 'chin', 'something', 'fell', 'hurt', 'ugh', '...', 'work', 'gon', 'na', 'suck']"
2011,1957452732,sadness,Doing uni work all weekend. Fun times,"['uni', 'work', 'weekend', 'Fun', 'time']"
2012,1957452923,sadness,@_enzo blech... thats a fail when you're receiving dollars. I quoted a job in USD last month. i'm getting paid now = major losses,"['_enzo', 'blech', '...', 'thats', 'fail', ""'re"", 'receiving', 'dollar', 'quoted', 'job', 'USD', 'last', 'month', ""'m"", 'getting', 'paid', 'major', 'loss']"
2013,1957453581,sadness,"@aliwise TMZ HARVEY LEVIN, OR TYPE....TMZ IN ...FIND PEOPLE   ~~~~","['aliwise', 'TMZ', 'HARVEY', 'LEVIN', 'TYPE', '....', 'TMZ', '...', 'FIND', 'PEOPLE', '~~~~']"
2014,1957453609,sadness,First time I'm going home early  sucks to b single no one to call,"['First', 'time', ""'m"", 'going', 'home', 'early', 'suck', 'b', 'single', 'one', 'call']"
2022,1957455502,sadness,@veronicasmusic When are you guys coming back to do a tour in Oz? I missed you when you were here earlier this year   Made me sad,"['veronicasmusic', 'guy', 'coming', 'back', 'tour', 'Oz', 'missed', 'earlier', 'year', 'Made', 'sad']"
2029,1957457689,sadness,"hmm. I'm disappointed. I made 2 servings, and I am only able to enjoy one because my stomach is now full  wishing I had company to help.","['hmm', ""'m"", 'disappointed', 'made', 'serving', 'able', 'enjoy', 'one', 'stomach', 'full', 'wishing', 'company', 'help']"
2033,1957458292,sadness,its taking foreverrr for @jess_0000 to get here  im bored..,"['taking', 'foreverrr', 'jess_0000', 'get', 'im', 'bored', '..']"
2040,1957459378,sadness,is very cold,['cold']
2044,1957460293,sadness,what a waste of lives ... http://tr.im/mLou,"['waste', 'life', '...', 'http', '//tr.im/mLou']"
2045,1957460364,sadness,"@mjh81 I know man, my day off and am pulling myself out of bed","['mjh81', 'know', 'man', 'day', 'pulling', 'bed']"
2049,1957460526,sadness,@yenbearr yis  i ryke it.,"['yenbearr', 'yi', 'ryke']"
2051,1957460736,sadness,I'm havin the stupid stomach pain again &amp; again... Today is my outing with SPH frenz &amp; my stomach nvr fails to dissappoint me. Haiz,"[""'m"", 'havin', 'stupid', 'stomach', 'pain', 'amp', '...', 'Today', 'outing', 'SPH', 'frenz', 'amp', 'stomach', 'nvr', 'fails', 'dissappoint', 'Haiz']"
2054,1957461215,sadness,if not impossible,['impossible']
2060,1957462405,sadness,boo for all the season finales..,"['boo', 'season', 'finale', '..']"
2063,1957462737,sadness,"@OpheliaPunk nothing  it's sad, actually","['OpheliaPunk', 'nothing', ""'s"", 'sad', 'actually']"
2070,1957464216,sadness,@Vzzzbx I'm glad/sad that it's not just me/my iPhone  #badoptus,"['Vzzzbx', ""'m"", 'glad/sad', ""'s"", 'me/my', 'iPhone', 'badoptus']"
2077,1957465395,sadness,likes being friends but it hurts when u love your friend but the feelings arent the same. trying to sleep. has to really try to give up.,"['like', 'friend', 'hurt', 'u', 'love', 'friend', 'feeling', 'arent', 'trying', 'sleep', 'really', 'try', 'give']"
2083,1957467419,sadness,"@TheLastDoctor He was creepy for me at first, but I did really grow to like him. I cried like a baby when he and Tosh died.","['TheLastDoctor', 'creepy', 'first', 'really', 'grow', 'like', 'cried', 'like', 'baby', 'Tosh', 'died']"
2091,1957469109,sadness,going down the post office to try and sort this whole ebay hacker thing,"['going', 'post', 'office', 'try', 'sort', 'whole', 'ebay', 'hacker', 'thing']"
2098,1957470293,sadness,Bacon Fail at Gulb... lack of chef,"['Bacon', 'Fail', 'Gulb', '...', 'lack', 'chef']"
2101,1957471766,sadness,@chantalclaret D; You get hate tweets  that's sasd.,"['chantalclaret', 'get', 'hate', 'tweet', ""'s"", 'sasd']"
2103,1957471968,sadness,is suprisingly okay. or possibly still drunk. goodbyes suck though,"['suprisingly', 'okay', 'possibly', 'still', 'drunk', 'goodbye', 'suck', 'though']"
2106,1957472320,sadness,i wanna go out,"['wan', 'na', 'go']"
2107,1957472414,sadness,"it's overwhelming how i'm finally catching up with my cousin/bff since i was three who i haven't seen in years. ah, memories. miss her","[""'s"", 'overwhelming', ""'m"", 'finally', 'catching', 'cousin/bff', 'since', 'three', ""n't"", 'seen', 'year', 'ah', 'memory', 'miss']"
2110,1957473438,sadness,SF felt WAY too intense for me tonight. Hope that doesn't keep up. Upset with myself for not hanging with @fascinated and pearl,"['SF', 'felt', 'WAY', 'intense', 'tonight', 'Hope', ""n't"", 'keep', 'Upset', 'hanging', 'fascinated', 'pearl']"
2113,1957474013,sadness,"@divabat so sorry to hear that.  I lost two hard drives this year, I know the feeling","['divabat', 'sorry', 'hear', 'lost', 'two', 'hard', 'drive', 'year', 'know', 'feeling']"
2114,1957474049,sadness,So many farewell parties! sad to see people leaving ..,"['many', 'farewell', 'party', 'sad', 'see', 'people', 'leaving', '..']"
2119,1957474784,sadness,I'm sleepy but is feeling under the weather! ugh! These damn tonsils. I need some company or somebody to talk too!,"[""'m"", 'sleepy', 'feeling', 'weather', 'ugh', 'damn', 'tonsil', 'need', 'company', 'somebody', 'talk']"
2124,1957476026,sadness,im the only ho that didnt go to tigerheat tonite,"['im', 'ho', 'didnt', 'go', 'tigerheat', 'tonite']"
2128,1957476852,sadness,not to be too macabre but its hard to believe we dropped a real nuclear weapon on real japanese humans.  http://ow.ly/9NRu #warisfucked,"['macabre', 'hard', 'believe', 'dropped', 'real', 'nuclear', 'weapon', 'real', 'japanese', 'human', 'http', '//ow.ly/9NRu', 'warisfucked']"
2130,1957477011,sadness,@OpheliaPunk i wish i wasn't all  bummed but i kinda am,"['OpheliaPunk', 'wish', ""n't"", 'bummed', 'kinda']"
2131,1957477066,sadness,@notmywords yup-unfortunately  Took today off work and just slept all day.,"['notmywords', 'yup-unfortunately', 'Took', 'today', 'work', 'slept', 'day']"
2133,1957477598,sadness,is feeling so bored... i miss school time,"['feeling', 'bored', '...', 'miss', 'school', 'time']"
2147,1957480395,sadness,@etschuetz that sux  but mayb 4 the btr u nvr know,"['etschuetz', 'sux', 'mayb', 'btr', 'u', 'nvr', 'know']"
2149,1957481172,sadness,Cant sleeeeep &amp; i miss my long hairrr,"['Cant', 'sleeeeep', 'amp', 'miss', 'long', 'hairrr']"
2151,1957481924,sadness,mom is ok so far. just missing jaron,"['mom', 'ok', 'far', 'missing', 'jaron']"
2158,1957482979,sadness,has had AWFUL hiccups today and now can't fall asleep because of them,"['AWFUL', 'hiccup', 'today', 'ca', ""n't"", 'fall', 'asleep']"
2161,1957483412,sadness,"Use twitter, quit life","['Use', 'twitter', 'quit', 'life']"
2166,1957483970,sadness,Listing to old jb music.... Going bck to 2006&amp;2007 &lt;33 i miss tht,"['Listing', 'old', 'jb', 'music', '....', 'Going', 'bck', '2006', 'amp', '2007', 'lt', '33', 'miss', 'tht']"
2168,1957484500,sadness,"Just woke up &amp; can't go back to sleep. Had a txt from the bff sayin if you're up call me, sounds important but that was 4 hours ago","['woke', 'amp', 'ca', ""n't"", 'go', 'back', 'sleep', 'txt', 'bff', 'sayin', ""'re"", 'call', 'sound', 'important', 'hour', 'ago']"
2172,1957485240,sadness,My truss failing  http://yfrog.com/154upj,"['truss', 'failing', 'http', '//yfrog.com/154upj']"
2179,1957485942,sadness,Trending Topics on Twitter used to useful. Now they're just like middle schoolers passing around notes cause class is boring.,"['Trending', 'Topics', 'Twitter', 'used', 'useful', ""'re"", 'like', 'middle', 'schoolers', 'passing', 'around', 'note', 'cause', 'class', 'boring']"
2184,1957487615,sadness,@helloinsightful CEREAL DOESNT COME WITH TOYS ANYMORE!. i jus been thinkin i was buyin the wrong kinds  say it aint so Mo.,"['helloinsightful', 'CEREAL', 'DOESNT', 'COME', 'TOYS', 'ANYMORE', 'jus', 'thinkin', 'buyin', 'wrong', 'kind', 'say', 'aint', 'Mo']"
2186,1957488446,sadness,Now the mosquito truck is waking me up,"['mosquito', 'truck', 'waking']"
2189,1957489460,sadness,Another boring meeting to attend,"['Another', 'boring', 'meeting', 'attend']"
16,1956971170,love,@annarosekerr agreed,"['annarosekerr', 'agreed']"
94,1956989093,love,@RobertF3 correct! I ADORE him. I just plucked him up and put him under my arm cuz he was cryin.  All better now! Hahaha,"['RobertF3', 'correct', 'ADORE', 'plucked', 'put', 'arm', 'cuz', 'cryin', 'better', 'Hahaha']"
122,1956996385,love,@freepbx sounds good. Appreciate the suggestion. Been a week now and we're still offline  Time to ask for a refund...,"['freepbx', 'sound', 'good', 'Appreciate', 'suggestion', 'week', ""'re"", 'still', 'offline', 'Time', 'ask', 'refund', '...']"
131,1956998370,love,Pats in philly at 2 am. I love it. Mmm cheesesteak.  Miss my boyfriend   but I love vacation.,"['Pats', 'philly', 'love', 'Mmm', 'cheesesteak', 'Miss', 'boyfriend', 'love', 'vacation']"
151,1957002773,love,"@NisforNeemah thanks neemah. I'm gonna be soooo close to you and izzy, yet so far","['NisforNeemah', 'thanks', 'neemah', ""'m"", 'gon', 'na', 'soooo', 'close', 'izzy', 'yet', 'far']"
210,1957013804,love,@bobbyedner i missed the game,"['bobbyedner', 'missed', 'game']"
397,1957059587,love,@neyoofficial: love the song &quot;together&quot;. that's &quot;his&quot; song for me...well i think it's still is,"['neyoofficial', 'love', 'song', 'quot', 'together', 'quot', ""'s"", 'quot', 'quot', 'song', '...', 'well', 'think', ""'s"", 'still']"
408,1957062698,love,I want to go to Peru this summer ahhhhhhh! Hopefully! Yesyesyes! I miss it over there!!!,"['want', 'go', 'Peru', 'summer', 'ahhhhhhh', 'Hopefully', 'Yesyesyes', 'miss']"
438,1957072400,love,Pug just woke me from an incredible sleep!,"['Pug', 'woke', 'incredible', 'sleep']"
439,1957072637,love,@ddlovato i can`t wait to hear your new album. i`m sure will be amazing.please just replay to me  i love you so much!!!!,"['ddlovato', 'wait', 'hear', 'new', 'album', 'sure', 'amazing.please', 'replay', 'love', 'much']"
462,1957076450,love,there's really no android twitter app of Tweetie's calibre,"[""'s"", 'really', 'android', 'twitter', 'app', 'Tweetie', ""'s"", 'calibre']"
491,1957083084,love,"The pics I just uploaded are the baby pics of my cats. Missy is now an adult and a pretty little kitty, but Batty is in kitten heaven now","['pic', 'uploaded', 'baby', 'pic', 'cat', 'Missy', 'adult', 'pretty', 'little', 'kitty', 'Batty', 'kitten', 'heaven']"
619,1957111643,love,Photo: martwo: OMG i love you!!!! i accadentally deleted this photo  yay hes SO beautiful http://tumblr.com/xvd1wankt,"['Photo', 'martwo', 'OMG', 'love', 'accadentally', 'deleted', 'photo', 'yay', 'he', 'beautiful', 'http', '//tumblr.com/xvd1wankt']"
651,1957117458,love,"good time Rocking out @ open mic, thanks 4 all the love n support. Now working on Business plan presentation. No CG again 2nite","['good', 'time', 'Rocking', 'open', 'mic', 'thanks', 'love', 'n', 'support', 'working', 'Business', 'plan', 'presentation', 'CG', '2nite']"
660,1957119780,love,"@IkramShahnawaz Oh I love 'em, but when I think about the kind of preservatives they're using to stay &quot;just-baked&quot; it kinda makes me sick","['IkramShahnawaz', 'Oh', 'love', ""'em"", 'think', 'kind', 'preservative', ""'re"", 'using', 'stay', 'quot', 'just-baked', 'quot', 'kinda', 'make', 'sick']"
682,1957123747,love,"@heresmyhello92 LOL, very true. Maybe next year. I loooved that siggy, and I don't remember what the password for the mod thing was  Cake?","['heresmyhello92', 'LOL', 'true', 'Maybe', 'next', 'year', 'loooved', 'siggy', ""n't"", 'remember', 'password', 'mod', 'thing', 'Cake']"
696,1957127234,love,Hahaha! Alright  ..,"['Hahaha', 'Alright', '..']"
702,1957129191,love,wants see my friends  ;-) http://plurk.com/p/wxnwa,"['want', 'see', 'friend', 'http', '//plurk.com/p/wxnwa']"
732,1957135265,love,@Anna_Viola love it! By the way I didn't end up having time to go this week  I'm sooooo sorry! Next week for sure!,"['Anna_Viola', 'love', 'way', ""n't"", 'end', 'time', 'go', 'week', ""'m"", 'sooooo', 'sorry', 'Next', 'week', 'sure']"
784,1957146502,love,big day 2day the xt launch was amazing! so much free stuff thanx 2 the edge and telecom! found the phone i want...cnt afford it yet tho,"['big', 'day', '2day', 'xt', 'launch', 'amazing', 'much', 'free', 'stuff', 'thanx', 'edge', 'telecom', 'found', 'phone', 'want', '...', 'cnt', 'afford', 'yet', 'tho']"
795,1957147665,love,"@daveockun I hate you , Fleetwood is my favorite band...I'm so jealous  ok I still love you haha","['daveockun', 'hate', 'Fleetwood', 'favorite', 'band', '...', ""'m"", 'jealous', 'ok', 'still', 'love', 'haha']"
800,1957148955,love,i no i no bt i had only been a gamer for like 2 years when i made that attempt  lol yea i luvd F1 to an extent @yellowshirts,"['bt', 'gamer', 'like', 'year', 'made', 'attempt', 'lol', 'yea', 'luvd', 'F1', 'extent', 'yellowshirts']"
863,1957161380,love,I wish I was going to we love sounds,"['wish', 'going', 'love', 'sound']"
877,1957164607,love,@kirstiealley funny u havent showed me any love yet at all,"['kirstiealley', 'funny', 'u', 'havent', 'showed', 'love', 'yet']"
879,1957165693,love,@AnnetteStatus I luv urs! admitting niley with a kiss (: but then they change their minds  haha &amp; demi/sterling (: not jemi but still cute,"['AnnetteStatus', 'luv', 'ur', 'admitting', 'niley', 'kiss', 'change', 'mind', 'haha', 'amp', 'demi/sterling', 'jemi', 'still', 'cute']"
929,1957176189,love,"@jamasweetie06 see...u shouldn't be comin' 4 the city, u should be comin' 4 me","['jamasweetie06', 'see', '...', 'u', ""n't"", 'comin', 'city', 'u', 'comin']"
943,1957181030,love,"I can't wait till it's Sunday, a new episode of Supernatural but then there are only 6 episodes left now","['ca', ""n't"", 'wait', 'till', ""'s"", 'Sunday', 'new', 'episode', 'Supernatural', 'episode', 'left']"
974,1957189228,love,@markiti The sweety sat on the table this morning...Just woke up! Very sweet! Oh...btw...I think i'll be home around 7 pm!!!  Xxx,"['markiti', 'sweety', 'sat', 'table', 'morning', '...', 'woke', 'sweet', 'Oh', '...', 'btw', '...', 'think', ""'ll"", 'home', 'around', 'pm', 'Xxx']"
981,1957190628,love,@mattpro13 Maatt Havent spoken to you in ages dudeee  Dont forget bout ur Aussie fan  ;) lool. Love ya xx,"['mattpro13', 'Maatt', 'Havent', 'spoken', 'age', 'dudeee', 'Dont', 'forget', 'bout', 'ur', 'Aussie', 'fan', 'lool', 'Love', 'ya', 'xx']"
1016,1957196056,love,"Trying to learn how to do this &quot;twitter&quot; thing... I'll get there. Welcome to all my followers, though Im not that interesting","['Trying', 'learn', 'quot', 'twitter', 'quot', 'thing', '...', ""'ll"", 'get', 'Welcome', 'follower', 'though', 'Im', 'interesting']"
1063,1957206634,love,@craftjoshua I CAN'T!!! My heart aches for her children  I wanna adopt alexis,"['craftjoshua', 'CA', ""N'T"", 'heart', 'ache', 'child', 'wan', 'na', 'adopt', 'alexis']"
1064,1957206666,love,@TicketChoice lunch was going home to rest...not well today,"['TicketChoice', 'lunch', 'going', 'home', 'rest', '...', 'well', 'today']"
1118,1957220804,love,i wanna be love drunk,"['wan', 'na', 'love', 'drunk']"
1156,1957230190,love,@MaritessDeLeon aww tessy wanna hug?,"['MaritessDeLeon', 'aww', 'tessy', 'wan', 'na', 'hug']"
1160,1957230570,love,just got Up and going to get ready to go to meadowhall ;) can't believe my internet broke yesterday  GUTTED,"['got', 'going', 'get', 'ready', 'go', 'meadowhall', 'ca', ""n't"", 'believe', 'internet', 'broke', 'yesterday', 'GUTTED']"
1167,1957232185,love,I am watching Blood + on veoh episode 19 love the music.wishing i could watch the live action but not old enough,"['watching', 'Blood', 'veoh', 'episode', '19', 'love', 'music.wishing', 'could', 'watch', 'live', 'action', 'old', 'enough']"
1186,1957238059,love,@Snuva Mmmmmm I love curry. Don't have an Oregan though.,"['Snuva', 'Mmmmmm', 'love', 'curry', ""n't"", 'Oregan', 'though']"
1209,1957242975,love,wth is happening with my neck. this is definitely not stiff neck :|,"['wth', 'happening', 'neck', 'definitely', 'stiff', 'neck']"
1210,1957243017,love,Looking at old pictures... I love it &amp; miss the good ol days,"['Looking', 'old', 'picture', '...', 'love', 'amp', 'miss', 'good', 'ol', 'day']"
1229,1957247325,love,Just finished The Minish Cap. It's a great game! I'll miss Ezlo and Link.,"['finished', 'Minish', 'Cap', ""'s"", 'great', 'game', ""'ll"", 'miss', 'Ezlo', 'Link']"
1264,1957259101,love,@cheri two macaroons go into a bar....one says oh your a nut.  wow I need to get out more.,"['cheri', 'two', 'macaroon', 'go', 'bar', '....', 'one', 'say', 'oh', 'nut', 'wow', 'need', 'get']"
1283,1957264031,love,@TheKJA finished listening to Last Days of Krypton's audio book! Loved it...so sad though...,"['TheKJA', 'finished', 'listening', 'Last', 'Days', 'Krypton', ""'s"", 'audio', 'book', 'Loved', '...', 'sad', 'though', '...']"
1315,1957272236,love,wishing i had marvelous misadventures of flap jack on DVD,"['wishing', 'marvelous', 'misadventure', 'flap', 'jack', 'DVD']"
1316,1957272611,love,@MitchBenn Waah! You were in Aberdeen? F**K why do I miss all the best gigs?!,"['MitchBenn', 'Waah', 'Aberdeen', 'F', 'K', 'miss', 'best', 'gig']"
1357,1957284576,love,"oooooh!  this guy is so amazing, he's so cute, and he sent me a photo!  and no...i can't show","['oooooh', 'guy', 'amazing', ""'s"", 'cute', 'sent', 'photo', '...', 'ca', ""n't"", 'show']"
1405,1957297096,love,"@LMA_xo My daddy lives in Manchester, I love it there :-D HULL?! :O bitch! I have a mate there and I wanna go","['LMA_xo', 'daddy', 'life', 'Manchester', 'love', '-D', 'HULL', 'bitch', 'mate', 'wan', 'na', 'go']"
1412,1957299195,love,There is something wrong with me! I'm so tired I can barely keep my eyes open. Yet all I've done for the last 3hrs is toss &amp; turn in bed,"['something', 'wrong', ""'m"", 'tired', 'barely', 'keep', 'eye', 'open', 'Yet', ""'ve"", 'done', 'last', '3hrs', 'toss', 'amp', 'turn', 'bed']"
1424,1957301684,love,I really wanted to watch Mary Poppins and sing along.,"['really', 'wanted', 'watch', 'Mary', 'Poppins', 'sing', 'along']"
1446,1957307429,love,@kellanator I don't mind Sam. But I liked Kate more.  I don't like Chris. He's smarmy.,"['kellanator', ""n't"", 'mind', 'Sam', 'liked', 'Kate', ""n't"", 'like', 'Chris', ""'s"", 'smarmy']"
1450,1957308753,love,aw. nick got his heart broken.  poor baby. i love you!,"['aw', 'nick', 'got', 'heart', 'broken', 'poor', 'baby', 'love']"
1509,1957323292,love,@thomasfiss i think you should come tomarrow....because i was really really really looking foreword to seeing you.......please come?,"['thomasfiss', 'think', 'come', 'tomarrow', '....', 'really', 'really', 'really', 'looking', 'foreword', 'seeing', '.......', 'please', 'come']"
1557,1957339420,love,Jus Got Hom Fr. TDa Funeral... I'm So Sad! I Cried So Much Times! Much Love Grandpa!&lt;3 I Never Got To Say My Last &quot;Goodbye&quot; to Him.,"['Jus', 'Got', 'Hom', 'Fr', 'TDa', 'Funeral', '...', ""'m"", 'Sad', 'Cried', 'Much', 'Times', 'Much', 'Love', 'Grandpa', 'lt', 'Never', 'Got', 'Say', 'Last', 'quot', 'Goodbye', 'quot']"
1587,1957346788,love,kewl the JB chat was awesome. I had to miss lots of it though cause i had 2 go 2 skewl,"['kewl', 'JB', 'chat', 'awesome', 'miss', 'lot', 'though', 'cause', 'go', 'skewl']"
1625,1957356105,love,"@marjorielu MISS YOU, TOO!","['marjorielu', 'MISS']"
1739,1957387122,love,@mimiwinfrey i wish i could find my camera cause i really wanna record some too...,"['mimiwinfrey', 'wish', 'could', 'find', 'camera', 'cause', 'really', 'wan', 'na', 'record', '...']"
1760,1957391560,love,I love music so much that i've gone through pain to play :S my sides of my fingers now are peeling and have blisters from playing so much,"['love', 'music', 'much', ""'ve"", 'gone', 'pain', 'play', 'side', 'finger', 'peeling', 'blister', 'playing', 'much']"
1772,1957393560,love,"All this talk of buttershots has me wanting some!  Maybe I'll have a small bit over ice, I haven't had any since faire.","['talk', 'buttershots', 'wanting', 'Maybe', ""'ll"", 'small', 'bit', 'ice', ""n't"", 'since', 'faire']"
1775,1957394130,love,@westonbuck i want a zune but i looove my pod  hahah,"['westonbuck', 'want', 'zune', 'looove', 'pod', 'hahah']"
1781,1957396566,love,"standing here open hands and i know i can't do this alone hold on, hold on, baby, hold on...geeez","['standing', 'open', 'hand', 'know', 'ca', ""n't"", 'alone', 'hold', 'hold', 'baby', 'hold', '...', 'geeez']"
1835,1957409145,love,"@LishaKatherine i hope your doing great! I, your friends, and california miss you!!!","['LishaKatherine', 'hope', 'great', 'friend', 'california', 'miss']"
1913,1957429148,love,im gonna go to bed alone again.  Sad day for me. but itll get better.,"['im', 'gon', 'na', 'go', 'bed', 'alone', 'Sad', 'day', 'itll', 'get', 'better']"
1950,1957439470,love,@soscandalous love you ::hugs:but i'm not seeing anything...wondering if i'm doing something wrong),"['soscandalous', 'love', ':hugs', ""'m"", 'seeing', 'anything', '...', 'wondering', ""'m"", 'something', 'wrong']"
1975,1957445404,love,"@thoughtmecca still on track to move back, albeit in 2-3 years.  However, my buddy Jen is now moving with me, so we're on a FAST track!","['thoughtmecca', 'still', 'track', 'move', 'back', 'albeit', '2-3', 'year', 'However', 'buddy', 'Jen', 'moving', ""'re"", 'FAST', 'track']"
1978,1957445896,love,Ok so I did shed a few tears watching the preview for next weeks Medium. I'm so scared. I'm so addicted to this show. I love it,"['Ok', 'shed', 'tear', 'watching', 'preview', 'next', 'week', 'Medium', ""'m"", 'scared', ""'m"", 'addicted', 'show', 'love']"
2018,1957454380,love,"i really want to marry leighton meester. damn, can`t take my eyes of her.","['really', 'want', 'marry', 'leighton', 'meester', 'damn', 'take', 'eye']"
2043,1957460018,love,"@Jessicaveronica MARRRRRRRRRRY ME! &lt;3 have fun partying tonight, have a drink for me, if only i was 18 i wud come there just to see you!","['Jessicaveronica', 'MARRRRRRRRRRY', 'lt', 'fun', 'partying', 'tonight', 'drink', '18', 'wud', 'come', 'see']"
2052,1957461006,love,@Roberto958  awwww  thanks for follwin me thou. lol,"['Roberto958', 'awwww', 'thanks', 'follwin', 'thou', 'lol']"
2064,1957463311,love,using my brothers G1 phone.. love it! driving to vegas... my phone died this morning and my charger broke,"['using', 'brother', 'G1', 'phone', '..', 'love', 'driving', 'vega', '...', 'phone', 'died', 'morning', 'charger', 'broke']"
2078,1957465483,love,slept all day.. lol. now time to start on my UN article.. what fun (: ...,"['slept', 'day', '..', 'lol', 'time', 'start', 'UN', 'article', '..', 'fun', '...']"
2085,1957467645,love,@SexyKellyC hey chocolate chips is good.  i want a snack too but i'm out of snacks.,"['SexyKellyC', 'hey', 'chocolate', 'chip', 'good', 'want', 'snack', ""'m"", 'snack']"
2154,1957482294,love,im finally going home but didnt get to finish all my work  so ill be back tomorrow,"['im', 'finally', 'going', 'home', 'didnt', 'get', 'finish', 'work', 'ill', 'back', 'tomorrow']"
2165,1957483776,love,"@sweetavalanche haha yeah i know  yeah, things are okay, pretty much the same. i'm slowly sorting things out.. exams are coming D: haha","['sweetavalanche', 'haha', 'yeah', 'know', 'yeah', 'thing', 'okay', 'pretty', 'much', ""'m"", 'slowly', 'sorting', 'thing', '..', 'exam', 'coming', 'haha']"
2250,1957503296,love,I loved johnny carson now I'm going to hate seeing jay leno go  (via @womanschitchat) that's what I was waiting for someone to say!,"['loved', 'johnny', 'carson', ""'m"", 'going', 'hate', 'seeing', 'jay', 'leno', 'go', 'via', 'womanschitchat', ""'s"", 'waiting', 'someone', 'say']"
2252,1957503381,love,@diane4president visit si fr joemar dito bataan (frm camiguin) &amp; sum of my ofcmates&amp; i are supposed to meet him this saturday  can't luwas,"['diane4president', 'visit', 'si', 'fr', 'joemar', 'dito', 'bataan', 'frm', 'camiguin', 'amp', 'sum', 'ofcmates', 'amp', 'supposed', 'meet', 'saturday', 'ca', ""n't"", 'luwas']"
2259,1957504984,love,@BK_II It's foggy here,"['BK_II', ""'s"", 'foggy']"
2274,1957508686,love,@albamayo...I just posted my First video... A contest entry and my still is terrible too  boo...luv ur videos btw. Xxxrebelrebelxxx,"['albamayo', '...', 'posted', 'First', 'video', '...', 'contest', 'entry', 'still', 'terrible', 'boo', '...', 'luv', 'ur', 'video', 'btw', 'Xxxrebelrebelxxx']"
2336,1957521722,love,Friends! Come over and give me a massage  I can't sleep.,"['Friends', 'Come', 'give', 'massage', 'ca', ""n't"", 'sleep']"
2346,1957523236,love,"@ddlovato july 21st!?? that means at your concert I won't know all the songs.  oh well, yay demi!! &lt;3","['ddlovato', 'july', '21st', 'mean', 'concert', 'wo', ""n't"", 'know', 'song', 'oh', 'well', 'yay', 'demi', 'lt']"
2366,1957528883,love,@sevinnyne6126 Lindsay we are your spanish fansite and we love you www.ultimatelohan.org please reply us  I wish you a good flight &lt;3,"['sevinnyne6126', 'Lindsay', 'spanish', 'fansite', 'love', 'www.ultimatelohan.org', 'please', 'reply', 'u', 'wish', 'good', 'flight', 'lt']"
2376,1957530722,love,@sevinnyne6126 Lindsay we are your spanish fansite and we love you www.ultimatelohan.org please reply us  I wish you good luck,"['sevinnyne6126', 'Lindsay', 'spanish', 'fansite', 'love', 'www.ultimatelohan.org', 'please', 'reply', 'u', 'wish', 'good', 'luck']"
2403,1957534934,love,I miss you sweetie!,"['miss', 'sweetie']"
2405,1957535434,love,@AntBoogieWorld Wish you were coming to Australia &amp; New Zealand with the Sticky Tour Ant,"['AntBoogieWorld', 'Wish', 'coming', 'Australia', 'amp', 'New', 'Zealand', 'Sticky', 'Tour', 'Ant']"
2411,1957537716,love,what a bummer that tomorrow is friday again!,"['bummer', 'tomorrow', 'friday']"
2415,1957538752,love,@IljaCoolen Thanks! Just used a therm to pry it out. Was like concrete! Blood and everything!  He's doing a lot better now. Thank god.,"['IljaCoolen', 'Thanks', 'used', 'therm', 'pry', 'like', 'concrete', 'Blood', 'everything', ""'s"", 'lot', 'better', 'Thank', 'god']"
2435,1957543295,love,"Just finished The Village. So in love,could watch it over and over! Wonder why I can't get to sleep tonight","['finished', 'Village', 'love', 'could', 'watch', 'Wonder', 'ca', ""n't"", 'get', 'sleep', 'tonight']"
2440,1957544941,love,http://twitpic.com/666gy - My glass is empty. Will someone be a dear and fetch me another?,"['http', '//twitpic.com/666gy', 'glass', 'empty', 'someone', 'dear', 'fetch', 'another']"
2457,1957549337,love,All of you can have fun tweeting all day while im cleaning hair  LOL,"['fun', 'tweeting', 'day', 'im', 'cleaning', 'hair', 'LOL']"
2471,1957552960,love,Summer is really ending. It's raining.,"['Summer', 'really', 'ending', ""'s"", 'raining']"
2523,1957563297,love,"Oh Cr*p.... Here goes my head again, &quot;I'm Spinning Around&quot;","['Oh', 'Cr', 'p', '....', 'go', 'head', 'quot', ""'m"", 'Spinning', 'Around', 'quot']"
2652,1957594789,love,@melissaohh omg  when do they finish??,"['melissaohh', 'omg', 'finish']"
2665,1957597414,love,is not ready for school yet!!!  http://plurk.com/p/wy69d,"['ready', 'school', 'yet', 'http', '//plurk.com/p/wy69d']"
2666,1957598181,love,"@KarenAnn_P i'm so sorry about that  i was really excited about it too! but i might continue posting externally, so fingers crossed!","['KarenAnn_P', ""'m"", 'sorry', 'really', 'excited', 'might', 'continue', 'posting', 'externally', 'finger', 'crossed']"
2687,1957604270,love,@Dichenlachman oh I love oreos!! U can't get many varieties in the uk,"['Dichenlachman', 'oh', 'love', 'oreo', 'U', 'ca', ""n't"", 'get', 'many', 'variety', 'uk']"
2691,1957605334,love,"@jassily but ... but it's michael bay ...*sigh* i'm sorry, love - didn't know you felt that way about it   XD","['jassily', '...', ""'s"", 'michael', 'bay', '...', 'sigh', ""'m"", 'sorry', 'love', ""n't"", 'know', 'felt', 'way', 'XD']"
2729,1957614712,love,@BrianLimond but lorraine kelly is a sexy mama!,"['BrianLimond', 'lorraine', 'kelly', 'sexy', 'mama']"
2773,1957624138,love,@HaylieK can't do class tomorrow audition at 10am  but free from 11 to 3 if u wanna work out!,"['HaylieK', 'ca', ""n't"", 'class', 'tomorrow', 'audition', '10am', 'free', '11', 'u', 'wan', 'na', 'work']"
2790,1957629160,love,No http://twtvite.com/3koyqo #twtvite #aptw Have to miss this now because of other engagements,"['http', '//twtvite.com/3koyqo', 'twtvite', 'aptw', 'miss', 'engagement']"
2820,1957634550,love,They changed the way Golden Gaytimes are made. They used to be awesome.,"['changed', 'way', 'Golden', 'Gaytimes', 'made', 'used', 'awesome']"
2847,1957638771,love,"Oh ffs :@ a don't get paid till monday :@:@:@ :$. Sorry william, gonna have to wait till next weekend till I give you ï¿½  :@","['Oh', 'ffs', ""n't"", 'get', 'paid', 'till', 'monday', 'Sorry', 'william', 'gon', 'na', 'wait', 'till', 'next', 'weekend', 'till', 'give', 'ï¿½']"
2879,1957646478,love,@mizplunderbunny *hugs* why?,"['mizplunderbunny', 'hug']"
2896,1957649481,love,"@sarahkate1 sleepover's the shit! I love those guy, I totally forgot they played tonight","['sarahkate1', 'sleepover', ""'s"", 'shit', 'love', 'guy', 'totally', 'forgot', 'played', 'tonight']"
2943,1957660486,love,SAD day! love you Maï¿½ (8 years ago!) miss you so much!!!!,"['SAD', 'day', 'love', 'Maï¿½', 'year', 'ago', 'miss', 'much']"
2973,1957668210,love,@MrsSOsbourne Hi Sharon Missed you on our x factor last year!!  Come Back!! x,"['MrsSOsbourne', 'Hi', 'Sharon', 'Missed', 'x', 'factor', 'last', 'year', 'Come', 'Back', 'x']"
3055,1957687772,love,aww @iCONtips you are too kind!! Hi sweetie! Are you guys out partying without me   I'm the only person who came to work 2nite lol,"['aww', 'iCONtips', 'kind', 'Hi', 'sweetie', 'guy', 'partying', 'without', ""'m"", 'person', 'came', 'work', '2nite', 'lol']"
3085,1957697529,love,I thought when u go #2 your tummy is supposed to feel better not worse,"['thought', 'u', 'go', 'tummy', 'supposed', 'feel', 'better', 'worse']"
3092,1957698707,love,@benmatewe being updated to have multiple 'skins' for different GT members. Nightmare. 82k of CSS to hack!  No time to redo; woe is me.,"['benmatewe', 'updated', 'multiple', ""'skins"", 'different', 'GT', 'member', 'Nightmare', '82k', 'CSS', 'hack', 'time', 'redo', 'woe']"
3115,1957704889,love,"lovely day again... hope it continues all weekend, I'm stuck at my desk today","['lovely', 'day', '...', 'hope', 'continues', 'weekend', ""'m"", 'stuck', 'desk', 'today']"
3135,1957710304,love,"@RikkAlaniz I'm glad he didn't get too hurt, I know some bad things can happen on motorcycles  you and everyone else are okay too, right?","['RikkAlaniz', ""'m"", 'glad', ""n't"", 'get', 'hurt', 'know', 'bad', 'thing', 'happen', 'motorcycle', 'everyone', 'else', 'okay', 'right']"
3166,1957717420,love,The Blowout ended,"['Blowout', 'ended']"
3183,1957722577,love,@Nasnous Thanks bro but I'm awake already  How are you?,"['Nasnous', 'Thanks', 'bro', ""'m"", 'awake', 'already']"
3191,1957725236,love,@Kellyke28 You poor thing  Hang in there. -xxx- luf joe,"['Kellyke28', 'poor', 'thing', 'Hang', '-xxx-', 'luf', 'joe']"
3229,1957733765,love,Archie Proposes Veronica in the Latest Archie's Comic. The Longest known Love Triangle is coming to an End. Poor Betty.,"['Archie', 'Proposes', 'Veronica', 'Latest', 'Archie', ""'s"", 'Comic', 'Longest', 'known', 'Love', 'Triangle', 'coming', 'End', 'Poor', 'Betty']"
3296,1957747226,love,"I was glorious at 6.50 when I went outside, so why has it gone cold and cloudy now","['glorious', '6.50', 'went', 'outside', 'gone', 'cold', 'cloudy']"
3328,1957756204,love,I think I love a part of me saying some cynical words. Even though I smile when I say them. Do you think it's bad?,"['think', 'love', 'part', 'saying', 'cynical', 'word', 'Even', 'though', 'smile', 'say', 'think', ""'s"", 'bad']"
3336,1957758561,love,@SexySkins Miss you!!,"['SexySkins', 'Miss']"
3382,1958035829,love,"@truestepper Other people have their Glasgow ones, standing and seats, for all nights.","['truestepper', 'people', 'Glasgow', 'one', 'standing', 'seat', 'night']"
3442,1958048749,love,"@effyobie LOL. dood, i love you and miss you.","['effyobie', 'LOL', 'dood', 'love', 'miss']"
3457,1958051516,love,@Impala_Guy Maybe we will meet later again my friend - would luv too )) Iï¿½m still at the office and have a lot of work,"['Impala_Guy', 'Maybe', 'meet', 'later', 'friend', 'would', 'luv', 'Iï¿½m', 'still', 'office', 'lot', 'work']"
3461,1958052100,love,@TaylaMe3 id poke u...on face book but u dont have 1  lol,"['TaylaMe3', 'id', 'poke', 'u', '...', 'face', 'book', 'u', 'dont', 'lol']"
3505,1958063259,love,"Aaaagh, aircon not working in my office","['Aaaagh', 'aircon', 'working', 'office']"
3543,1958071153,love,baby alex i miss you  ily&lt;3 good night&lt;/3,"['baby', 'alex', 'miss', 'ily', 'lt', 'good', 'night', 'lt', '/3']"
3544,1958071294,love,"Japan is treating me good as of now...don,'t know how long","['Japan', 'treating', 'good', '...', ""'t"", 'know', 'long']"
3569,1958075918,love,@sabrepulse you've got the H1N1 tsk tsk tsk it's a shame  haha feel better bro,"['sabrepulse', ""'ve"", 'got', 'H1N1', 'tsk', 'tsk', 'tsk', ""'s"", 'shame', 'haha', 'feel', 'better', 'bro']"
3593,1958082587,love,@CristaltheGreat  ok Cristal we gonna tweet talk again when its not so late...just follow sweetie....tweethug 4 ya,"['CristaltheGreat', 'ok', 'Cristal', 'gon', 'na', 'tweet', 'talk', 'late', '...', 'follow', 'sweetie', '....', 'tweethug', 'ya']"
3606,1958086017,love,@HospitalityMan  got the laptop but no golden rings  This weekend's job is to get it all set up - oh joy,"['HospitalityMan', 'got', 'laptop', 'golden', 'ring', 'weekend', ""'s"", 'job', 'get', 'set', 'oh', 'joy']"
3619,1958088599,love,@jwpage your SMS managed to crash my phone.,"['jwpage', 'SMS', 'managed', 'crash', 'phone']"
3646,1958094192,love,@Iam04 tea...  Mmmm crispy but no cake  Have headphones!,"['Iam04', 'tea', '...', 'Mmmm', 'crispy', 'cake', 'headphone']"
3658,1958096947,love,"i want my WOOSOO like now plz  i gant wait, knowing she's so close is driveing me NUTTS","['want', 'WOOSOO', 'like', 'plz', 'gant', 'wait', 'knowing', ""'s"", 'close', 'driveing', 'NUTTS']"
3681,1958102506,love,@harrisongilmore if only that was really my job title,"['harrisongilmore', 'really', 'job', 'title']"
3756,1958118994,love,lovely day and i have to work,"['lovely', 'day', 'work']"
3759,1958119384,love,"@cjwilliams1975 @barmanandy We were in Lindos, and it absolutely ruled. Will post some pictures somewhere, some time. Back to work today","['cjwilliams1975', 'barmanandy', 'Lindos', 'absolutely', 'ruled', 'post', 'picture', 'somewhere', 'time', 'Back', 'work', 'today']"
3778,1958121511,love,@kekeinaction Thats ok...ur a good person + My Idol soo good people deserve sum good comments..hows the weather ova der --London is cold,"['kekeinaction', 'Thats', 'ok', '...', 'ur', 'good', 'person', 'Idol', 'soo', 'good', 'people', 'deserve', 'sum', 'good', 'comment', '..', 'hows', 'weather', 'ovum', 'der', '--', 'London', 'cold']"
3798,1958126037,love,I miss @abhorredlife so much  I wish I had enough money to be with him again,"['miss', 'abhorredlife', 'much', 'wish', 'enough', 'money']"
3818,1958128385,love,@pleasurep Just read that message about u being at Stephanie's in Greensboro.....love it! I miss my home!,"['pleasurep', 'read', 'message', 'u', 'Stephanie', ""'s"", 'Greensboro', '.....', 'love', 'miss', 'home']"
3868,1960125646,love,I KnO they're my guilty pleasure like shopping   @diorchick0420,"['KnO', ""'re"", 'guilty', 'pleasure', 'like', 'shopping', 'diorchick0420']"
3872,1960126195,love,ugh-cold and dank out,"['ugh-cold', 'dank']"
3894,1960132737,love,@thomasfiss @drewryanscott i jus listened 2 'not okay' it's nice i lik it.. I've been thinkin abt thomas throughout e whole song..  luv ya,"['thomasfiss', 'drewryanscott', 'jus', 'listened', ""'not"", 'okay', ""'s"", 'nice', 'lik', '..', ""'ve"", 'thinkin', 'abt', 'thomas', 'throughout', 'e', 'whole', 'song', '..', 'luv', 'ya']"
3955,1960149874,love,"@Rockergirl75 And now she also rides giant squids...who knew! Ama hafta go now  i'll try and get on later, love to you xxx","['Rockergirl75', 'also', 'ride', 'giant', 'squid', '...', 'knew', 'Ama', 'hafta', 'go', ""'ll"", 'try', 'get', 'later', 'love', 'xxx']"
3965,1960152252,love,@thereallilza  wut itell u yesterday lol,"['thereallilza', 'wut', 'itell', 'u', 'yesterday', 'lol']"
3977,1960154731,love,@knightinqs O noes!       &lt;3  Nathan said he'd wear the tie to the rally.  If you missed that.,"['knightinqs', 'no', 'lt', 'Nathan', 'said', ""'d"", 'wear', 'tie', 'rally', 'missed']"
3989,1960158758,love,wants to smoke a cig but doesn't have a lighter.,"['want', 'smoke', 'cig', ""n't"", 'lighter']"
3992,1960159892,love,@c0v89 i know!  This season has just zoomed by!,"['c0v89', 'know', 'season', 'zoomed']"
3994,1960160194,love,"Goooooodmoring , I don't want to be up I am YAT   happy birthday again @its_aygee !","['Goooooodmoring', ""n't"", 'want', 'YAT', 'happy', 'birthday', 'its_aygee']"
4042,1960192921,love,I hope you come over today...its almost 8  Ill be leaving at 8:30 if you dont show up...I love you &amp; good morning.,"['hope', 'come', 'today', '...', 'almost', 'Ill', 'leaving', '8:30', 'dont', 'show', '...', 'love', 'amp', 'good', 'morning']"
4080,1960203024,love,@MYoungPSU  i must have just missed you. I was down there until 9:40 or so. Not sure if I'll make it down again,"['MYoungPSU', 'must', 'missed', '9:40', 'sure', ""'ll"", 'make']"
4088,1960205095,love,"@TrixieStilletto Oh, sweetie, I'm so sorry.  That's the last thing you needed right now. *hugs*","['TrixieStilletto', 'Oh', 'sweetie', ""'m"", 'sorry', ""'s"", 'last', 'thing', 'needed', 'right', 'hug']"
4114,1960210509,love,"@AnikoHeartsJon I am a little bit sick  (voice, nose and head). My brother has shared his microbes with me *sigh* See you later !","['AnikoHeartsJon', 'little', 'bit', 'sick', 'voice', 'nose', 'head', 'brother', 'shared', 'microbe', 'sigh', 'See', 'later']"
4123,1960213478,love,@Famousnae i know.  i would of gone to red river but i forgot bout it and was tired from work. we need a donut hole eating date soon!,"['Famousnae', 'know', 'would', 'gone', 'red', 'river', 'forgot', 'bout', 'tired', 'work', 'need', 'donut', 'hole', 'eating', 'date', 'soon']"
4186,1960262681,love,@ddlovato hey! im a fan form Puerto Rico .. can'wait for your next CD ... xoxoxoxo Come back on tour here please  !!,"['ddlovato', 'hey', 'im', 'fan', 'form', 'Puerto', 'Rico', '..', ""can'wait"", 'next', 'CD', '...', 'xoxoxoxo', 'Come', 'back', 'tour', 'please']"
4198,1960266036,love,"@JenRajpura HAHAHA, I'm going to be so disappointed that I miss this   But if you go HAVE FUN!!!","['JenRajpura', 'HAHAHA', ""'m"", 'going', 'disappointed', 'miss', 'go', 'FUN']"
4210,1960269399,love,weekend along with the summer is here so why do I feel sad?,"['weekend', 'along', 'summer', 'feel', 'sad']"
4218,1960293602,love,@RennaSuicide Alright...you missed one crazy party last night,"['RennaSuicide', 'Alright', '...', 'missed', 'one', 'crazy', 'party', 'last', 'night']"
4232,1960296965,love,Really fucking loved him,"['Really', 'fucking', 'loved']"
4237,1960298202,love,@almcheese alms ur tweets r all delicious. Haha! Since its about foodddd... Anyway gatau nih aku mau pindah dr binus,"['almcheese', 'alms', 'ur', 'tweet', 'r', 'delicious', 'Haha', 'Since', 'foodddd', '...', 'Anyway', 'gatau', 'nih', 'aku', 'mau', 'pindah', 'dr', 'binus']"
4298,1960318129,love,watchin' a moovie...and im sited about going 2 ma friend Sara's tomorrow at 9:00 a.m. She was injured   I luv ya'll. i will keep u updated,"['watchin', 'moovie', '...', 'im', 'sited', 'going', 'friend', 'Sara', ""'s"", 'tomorrow', '9:00', 'a.m.', 'injured', 'luv', 'ya', ""'ll"", 'keep', 'u', 'updated']"
4314,1960322600,love,contemplating borrowing one of my moms dogs just for today..i want to take care of someone.,"['contemplating', 'borrowing', 'one', 'mom', 'dog', 'today', '..', 'want', 'take', 'care', 'someone']"
4348,1960329437,love,@LifewithMikey82 this is the end of the semester so i am really busy... have got no time for twitting  what a pity cause i love it,"['LifewithMikey82', 'end', 'semester', 'really', 'busy', '...', 'got', 'time', 'twitting', 'pity', 'cause', 'love']"
4377,1960338852,love,@_supernatural_ http://twitpic.com/66l83 - i liked old ruby best.,"['_supernatural_', 'http', '//twitpic.com/66l83', 'liked', 'old', 'ruby', 'best']"
4441,1960379746,love,"@anijade she was wonderful, did not get to meet her though","['anijade', 'wonderful', 'get', 'meet', 'though']"
4474,1960387470,love,"@jennyrae Wow, I really hope it gets better. Asthma sucks","['jennyrae', 'Wow', 'really', 'hope', 'get', 'better', 'Asthma', 'suck']"
4479,1960387975,love,I'm going to blow ticketmaster up. I had 8th row tickets for @taylorswift13 and ticketmaster messed up. Just like my life.  im sad,"[""'m"", 'going', 'blow', 'ticketmaster', '8th', 'row', 'ticket', 'taylorswift13', 'ticketmaster', 'messed', 'like', 'life', 'im', 'sad']"
4492,1960391282,love,@LaurenConrad    the hills is gunna be so different!! gl with your designing etc.,"['LaurenConrad', 'hill', 'gunna', 'different', 'gl', 'designing', 'etc']"
4515,1960424249,love,"@lowkeyriez nnnaaa uhhhh playah! shawty aint got nun, maybe it was ur phone or mines  but I wanted to hit me up when u left the studio","['lowkeyriez', 'nnnaaa', 'uhhhh', 'playah', 'shawty', 'aint', 'got', 'nun', 'maybe', 'ur', 'phone', 'mine', 'wanted', 'hit', 'u', 'left', 'studio']"
4525,1960426853,love,@Rob_Hammond Were on the way home from a night in London! Was lovely! Now working all weekend and Monday  when the weathers nice x,"['Rob_Hammond', 'way', 'home', 'night', 'London', 'lovely', 'working', 'weekend', 'Monday', 'weather', 'nice', 'x']"
4534,1960430302,love,@_Trystianity_ you got some sexy pics girl!!!  Love the eyebrow piercing!  I used to have a ton of piercings now I only have my ears  lol,"['_Trystianity_', 'got', 'sexy', 'pic', 'girl', 'Love', 'eyebrow', 'piercing', 'used', 'ton', 'piercings', 'ear', 'lol']"
4557,1960434953,love,i ditched school ( i hate it ) and im taking a huge dump.......    it hurts REAL BAD!,"['ditched', 'school', 'hate', 'im', 'taking', 'huge', 'dump', '.......', 'hurt', 'REAL', 'BAD']"
4563,1960445085,love,"Just had my teeth checked, now my eyes. I'm dying for a coffee but can't drink for an hour.","['teeth', 'checked', 'eye', ""'m"", 'dying', 'coffee', 'ca', ""n't"", 'drink', 'hour']"
4586,1960449624,love,Got approximately 3 hours of sleep last night....I love my life,"['Got', 'approximately', 'hour', 'sleep', 'last', 'night', '....', 'love', 'life']"
4595,1960451048,love,Watching French Open tennis - sad to see Venus make an early exit this morning!,"['Watching', 'French', 'Open', 'tennis', 'sad', 'see', 'Venus', 'make', 'early', 'exit', 'morning']"
4610,1960454646,love,inside on a beautiful day!,"['inside', 'beautiful', 'day']"
4714,1960490034,love,"@Jackobeanz I'm blue.  In other news, you will love tonight's DC!","['Jackobeanz', ""'m"", 'blue', 'news', 'love', 'tonight', ""'s"", 'DC']"
4723,1960492482,love,"i saw some lovely skinny jeans today for ï¿½3 at a charity shop, but they were just a little bit tight on my thighs.  ahhh so annoying","['saw', 'lovely', 'skinny', 'jean', 'today', 'ï¿½3', 'charity', 'shop', 'little', 'bit', 'tight', 'thigh', 'ahhh', 'annoying']"
4734,1960495618,love,"Muffins: Muffins are delicious, Muffins are neat, I have no more muffins to eat.","['Muffins', 'Muffins', 'delicious', 'Muffins', 'neat', 'muffin', 'eat']"
4799,1960514520,love,"@mockingbird_ I'm good thanks! Did you have a good drive? Careful with your blackberry, we don't want you getting screamed at","['mockingbird_', ""'m"", 'good', 'thanks', 'good', 'drive', 'Careful', 'blackberry', ""n't"", 'want', 'getting', 'screamed']"
4871,1960539110,love,I just made myself a wonderful breakfast!!!!!!!! Now I have to get ready to workout,"['made', 'wonderful', 'breakfast', 'get', 'ready', 'workout']"
4918,1960559604,love,"@Td_keepsitreal haha awe. Well right now, I could be at home but I have to be here. It's horrible  Lol","['Td_keepsitreal', 'haha', 'awe', 'Well', 'right', 'could', 'home', ""'s"", 'horrible', 'Lol']"
4976,1960577145,love,"So far absolutely perfect. Great view, directly across from the elevators and ice machine and impecible weather. I need my bike.","['far', 'absolutely', 'perfect', 'Great', 'view', 'directly', 'across', 'elevator', 'ice', 'machine', 'impecible', 'weather', 'need', 'bike']"
4989,1960580315,love,"Altona... Wogs, Gota love em.. All I can smell is awsome food and makes me hungry","['Altona', '...', 'Wogs', 'Gota', 'love', 'em', '..', 'smell', 'awsome', 'food', 'make', 'hungry']"
5008,1960585404,love,"little beetle not feeling any love  Searches are bring up zilch, bar 2 peeps that appear funny !!!","['little', 'beetle', 'feeling', 'love', 'Searches', 'bring', 'zilch', 'bar', 'peep', 'appear', 'funny']"
5012,1960586640,love,im not feeling like getting myself in motion to go to work...,"['im', 'feeling', 'like', 'getting', 'motion', 'go', 'work', '...']"
5042,1960600394,love,@mileycyrus http://twitpic.com/336u5 - i love her too !!! she shouldve won,"['mileycyrus', 'http', '//twitpic.com/336u5', 'love', 'shouldve']"
5064,1960605943,love,Noo! I Don't wanna leave! i love it here,"['Noo', ""n't"", 'wan', 'na', 'leave', 'love']"
5074,1960607942,love,@miztrouble89 love you loads hun ) hot weather gutted i aint with you now chillaxing  but we got tomoz  xxxx,"['miztrouble89', 'love', 'load', 'hun', 'hot', 'weather', 'gutted', 'aint', 'chillaxing', 'got', 'tomoz', 'xxxx']"
5084,1960611693,love,Not feeling very well.,"['feeling', 'well']"
5089,1960612135,love,at starbucks with my love. eff school. i have work later too.,"['starbucks', 'love', 'eff', 'school', 'work', 'later']"
5099,1960619920,love,"@karleemay Thank You, Sweetie. I just don' understand how people can be mad at me for something THEY made as a choice in life..","['karleemay', 'Thank', 'Sweetie', 'understand', 'people', 'mad', 'something', 'made', 'choice', 'life', '..']"
5114,1960623426,love,at a auto shop getting m suv fix ugh more $   http://twitpic.com/66of2,"['auto', 'shop', 'getting', 'suv', 'fix', 'ugh', 'http', '//twitpic.com/66of2']"
5133,1960628037,love,Booo. Finally I could get back on here. My Internet went out,"['Booo', 'Finally', 'could', 'get', 'back', 'Internet', 'went']"
5149,1960631393,love,@miss_devi thankyou. i wont but you know,"['miss_devi', 'thankyou', 'wont', 'know']"
5167,1960660078,love,watching midsomer murders... totally in love with this show. Should have pursued forensic psychology instead of this brain thingy,"['watching', 'midsomer', 'murder', '...', 'totally', 'love', 'show', 'pursued', 'forensic', 'psychology', 'instead', 'brain', 'thingy']"
5175,1960662950,love,"@katismonster i wnt there yesterday!  wish u could go with me someday u,u LOOVE YA &lt;3","['katismonster', 'wnt', 'yesterday', 'wish', 'u', 'could', 'go', 'someday', 'u', 'u', 'LOOVE', 'YA', 'lt']"
5187,1960666009,love,@zincroof ahh ok! Enjoy! I'll miss it,"['zincroof', 'ahh', 'ok', 'Enjoy', ""'ll"", 'miss']"
5223,1960674331,love,@aliis32 LoL....heeeyyy love! Not much working   and you,"['aliis32', 'LoL', '....', 'heeeyyy', 'love', 'much', 'working']"
5253,1960709405,love,@mr2oh2 So you're gonna make me go alllll the way to the store??? LOL  I have to find one...I'll Google.  Thanks.    LOL,"['mr2oh2', ""'re"", 'gon', 'na', 'make', 'go', 'alllll', 'way', 'store', 'LOL', 'find', 'one', '...', ""'ll"", 'Google', 'Thanks', 'LOL']"
5257,1960710222,love,@rcf89 you have GH:WT? i hate you! i &quot;got&quot; it but it was DVD9  and i need it now the drums are being sold separately,"['rcf89', 'GH', 'WT', 'hate', 'quot', 'got', 'quot', 'DVD9', 'need', 'drum', 'sold', 'separately']"
5276,1960714890,love,@OfficialBabyV : yes she got all lovey with him&amp;he returned the love&amp;1thing led2 another&amp;  also @BrittanyASnow wants2 know y ur mad at her,"['OfficialBabyV', 'yes', 'got', 'lovey', 'amp', 'returned', 'love', 'amp', '1thing', 'led2', 'another', 'amp', 'also', 'BrittanyASnow', 'wants2', 'know', 'ur', 'mad']"
5281,1960715733,love,i &lt;3 maria but i wish she was in my class!!!  i love her lol bored in class again!!,"['lt', 'maria', 'wish', 'class', 'love', 'lol', 'bored', 'class']"
5282,1960715778,love,@dopegirlfresh YAY!!  I was supposed to be there next weekend. But its off now.   But I'ma make it out there...I &lt;3 Philly.,"['dopegirlfresh', 'YAY', 'supposed', 'next', 'weekend', ""I'ma"", 'make', '...', 'lt', 'Philly']"
5304,1960751420,love,Jesus Christ meadowhall could do with better air con! Too hot,"['Jesus', 'Christ', 'meadowhall', 'could', 'better', 'air', 'con', 'hot']"
5379,1960808720,love,"35mins through the 1hr 20mins Google Wave demo, that looks a lot of fun, would love to test it though.  http://bit.ly/WnMSc","['35mins', '1hr', '20mins', 'Google', 'Wave', 'demo', 'look', 'lot', 'fun', 'would', 'love', 'test', 'though', 'http', '//bit.ly/WnMSc']"
5396,1960811611,love,I THINK EVERYONE HATES ME ON HERE   lol,"['THINK', 'EVERYONE', 'HATES', 'lol']"
5413,1960815535,love,"it's you and me forever ?, it's you and me right now   flywithmeobsessive. Im crying","[""'s"", 'forever', ""'s"", 'right', 'flywithmeobsessive', 'Im', 'cry']"
5422,1960817125,love,@Mpisthename Kisses! or its screwed. i'll be a raggy old cat woman ha i'm pretty sure of it,"['Mpisthename', 'Kisses', 'screwed', ""'ll"", 'raggy', 'old', 'cat', 'woman', 'ha', ""'m"", 'pretty', 'sure']"
5453,1960859266,love,@kamy775 It's gonna be hot here today too. today is Ryan's last day of pre-k. I can't believe it!  I've been a SAHM since I had him!,"['kamy775', ""'s"", 'gon', 'na', 'hot', 'today', 'today', 'Ryan', ""'s"", 'last', 'day', 'pre-k', 'ca', ""n't"", 'believe', ""'ve"", 'SAHM', 'since']"
5475,1960866055,love,@clovisdied *hugs* me too.,"['clovisdied', 'hug']"
5481,1960867380,love,"i forgot to put my work clothes in the dryer  also, i love my new slippers!","['forgot', 'put', 'work', 'clothes', 'dryer', 'also', 'love', 'new', 'slipper']"
5565,1960909714,love,@enrapture_ I'm still waiting for them to recontinue their &quot;breathless&quot; scent..  lol,"['enrapture_', ""'m"", 'still', 'waiting', 'recontinue', 'quot', 'breathless', 'quot', 'scent', '..', 'lol']"
5584,1960915698,love,"Now that Hugh Laurie has mentioned he follows @stephenfry on twitter, thousands of idiots think this (@hughlaurie) is him. IDIOTS!","['Hugh', 'Laurie', 'mentioned', 'follows', 'stephenfry', 'twitter', 'thousand', 'idiot', 'think', 'hughlaurie', 'IDIOTS']"
5638,1960954462,love,Fallen in love with enter shikari again. Might go for a walk with the lady later. @work now though,"['Fallen', 'love', 'enter', 'shikari', 'Might', 'go', 'walk', 'lady', 'later', 'work', 'though']"
5731,1961035277,love,"Not feeling it 2day, just left the glasses on  peace and unity.","['feeling', '2day', 'left', 'glass', 'peace', 'unity']"
5804,1961057973,love,@ArtOfCarbo Surely you knew this before hand? A good book or a hand held has to be essential. Just no PSPs unless you have a charger.,"['ArtOfCarbo', 'Surely', 'knew', 'hand', 'good', 'book', 'hand', 'held', 'essential', 'PSPs', 'unless', 'charger']"
5892,1961086177,love,@kweenie Are you in Galbladia Garden? That shit is hard.,"['kweenie', 'Galbladia', 'Garden', 'shit', 'hard']"
5897,1961087162,love,"@tommcfly Would love it if you guys toured here, really! Philippines tour?","['tommcfly', 'Would', 'love', 'guy', 'toured', 'really', 'Philippines', 'tour']"
5954,1961102284,love,OMGoodness back to school soon FUN!,"['OMGoodness', 'back', 'school', 'soon', 'FUN']"
5982,1961107660,love,Don't you hate it when you're left with one slice of bread left in the bag? Half sandwich.,"[""n't"", 'hate', ""'re"", 'left', 'one', 'slice', 'bread', 'left', 'bag', 'Half', 'sandwich']"
6027,1961127283,love,@mommyto6kids oh great.,"['mommyto6kids', 'oh', 'great']"
6059,1961134870,love,@Leikela4 glad its nice there. Gray skies and rainy in wisconsin.,"['Leikela4', 'glad', 'nice', 'Gray', 'sky', 'rainy', 'wisconsin']"
6080,1961140852,love,"oh noes, my puma hoodie is coming apart  i love this thing!","['oh', 'no', 'puma', 'hoodie', 'coming', 'apart', 'love', 'thing']"
6102,1961146111,love,i realy wanted to go out cause its so nice but everybodys busy,"['realy', 'wanted', 'go', 'cause', 'nice', 'everybodys', 'busy']"
6108,1961147686,love,@claireyjonesy mines curly atm  i want mine to be straight lmao,"['claireyjonesy', 'mine', 'curly', 'atm', 'want', 'mine', 'straight', 'lmao']"
6124,1961151360,love,Awww the boys have no beards?    I LIKED THEIR MANLY MAN-NESS [via @zepinklady] #asylm,"['Awww', 'boy', 'beard', 'LIKED', 'MANLY', 'MAN-NESS', 'via', 'zepinklady', 'asylm']"
6157,1961172825,love,"@tommcfly It's 12AM! @buonotomato, @bluejeriberry and I are still up, sending you as much tweets as we can! Philippines tour please?","['tommcfly', ""'s"", '12AM', 'buonotomato', 'bluejeriberry', 'still', 'sending', 'much', 'tweet', 'Philippines', 'tour', 'please']"
6175,1961175640,love,Countdown to launch! June 2nd is oh so temptingly close ... If only my lovely puter weren't so faaaaar away,"['Countdown', 'launch', 'June', '2nd', 'oh', 'temptingly', 'close', '...', 'lovely', 'puter', ""n't"", 'faaaaar', 'away']"
6200,1961179513,love,@ChrisandCal Thats soooo pretty. Mine havnt flowered for years,"['ChrisandCal', 'Thats', 'soooo', 'pretty', 'Mine', 'havnt', 'flowered', 'year']"
6207,1961181483,love,@tommcfly I need to watch Star Trek,"['tommcfly', 'need', 'watch', 'Star', 'Trek']"
6235,1961188464,love,really want to go to the nets,"['really', 'want', 'go', 'net']"
6272,1961213958,love,@tommcfly Do a tour in the Philippines sometime.  A lot of fans here would really love that!,"['tommcfly', 'tour', 'Philippines', 'sometime', 'lot', 'fan', 'would', 'really', 'love']"
6273,1961214088,love,@INTYCEYOU hey love whats up! my voice is shot  whats new with you,"['INTYCEYOU', 'hey', 'love', 'whats', 'voice', 'shot', 'whats', 'new']"
6292,1961218285,love,@dever  Hope you have a better weekend then..,"['dever', 'Hope', 'better', 'weekend', '..']"
6303,1961220489,love,@mrinal and the other variable types that we have are not going to be any helpful here!  what is the margin of error here?,"['mrinal', 'variable', 'type', 'going', 'helpful', 'margin', 'error']"
6336,1961235234,love,"aww twiter i miss you.. today i'll post a little more.. i mea, after the movie theater..ahah soo coold here","['aww', 'twiter', 'miss', '..', 'today', ""'ll"", 'post', 'little', '..', 'mea', 'movie', 'theater', '..', 'ahah', 'soo', 'coold']"
6399,1961248597,love,changos el link no me sirve mta,"['changos', 'el', 'link', 'sirve', 'mta']"
6427,1961257170,love,"@sarrasina OMG...thank you so much for sending that, I hadn't seen yet. So loving the new Phoenix, too bad they're not coming to Seattle","['sarrasina', 'OMG', '...', 'thank', 'much', 'sending', ""n't"", 'seen', 'yet', 'loving', 'new', 'Phoenix', 'bad', ""'re"", 'coming', 'Seattle']"
6453,1961264292,love,It's officially the start and the end of my summer. Oh summer school,"[""'s"", 'officially', 'start', 'end', 'summer', 'Oh', 'summer', 'school']"
6480,1961277154,love,Just read McDonald's is actually running more ads than before the economic slowdown. Great. I'm lovin it.,"['read', 'McDonald', ""'s"", 'actually', 'running', 'ad', 'economic', 'slowdown', 'Great', ""'m"", 'lovin']"
6504,1961284163,love,@ispybeauty philly was soooo fun. im trying to come to sea isle asap. im working alot the next two weeks tho b/c alot of peole asked off,"['ispybeauty', 'philly', 'soooo', 'fun', 'im', 'trying', 'come', 'sea', 'isle', 'asap', 'im', 'working', 'alot', 'next', 'two', 'week', 'tho', 'b/c', 'alot', 'peole', 'asked']"
6522,1961287800,love,"@tommcfly My eyes are starting to hurt! It's getting super late. But I just gotta keep tweeting. Haha! Philippines tour, please, Tom?","['tommcfly', 'eye', 'starting', 'hurt', ""'s"", 'getting', 'super', 'late', 'got', 'ta', 'keep', 'tweeting', 'Haha', 'Philippines', 'tour', 'please', 'Tom']"
6549,1961294566,love,is back home now      gonna miss every one,"['back', 'home', 'gon', 'na', 'miss', 'every', 'one']"
6592,1961367066,love,Happy Friday. Just pulled some yummy radishes out of the garden. Hope the strawberries turn out. Still no blooms.,"['Happy', 'Friday', 'pulled', 'yummy', 'radish', 'garden', 'Hope', 'strawberry', 'turn', 'Still', 'bloom']"
6601,1961369135,love,i love mandy moore so much  and also angela,"['love', 'mandy', 'moore', 'much', 'also', 'angela']"
6637,1961377689,love,"@LILPARADIVA @spookyjenb and Em, my baby, starts kindergarten.  What a crazy summer it's going to be.","['LILPARADIVA', 'spookyjenb', 'Em', 'baby', 'start', 'kindergarten', 'crazy', 'summer', ""'s"", 'going']"
6648,1961409028,love,Already feel like such an idiot on the phone and it makes it worse when Brandon says I didn't say the right stuff,"['Already', 'feel', 'like', 'idiot', 'phone', 'make', 'worse', 'Brandon', 'say', ""n't"", 'say', 'right', 'stuff']"
6672,1961413380,love,"Tweeting to tweeple about my tweens, for tomorrow I am 30","['Tweeting', 'tweeple', 'tweens', 'tomorrow', '30']"
6720,1961422722,love,"goodnight loveee, i have to attend extra classes at school tmrw. urgh","['goodnight', 'loveee', 'attend', 'extra', 'class', 'school', 'tmrw', 'urgh']"
6723,1961423558,love,@amandagelso i know  mark is still one of my favorite boys ever. So nice and adorable.,"['amandagelso', 'know', 'mark', 'still', 'one', 'favorite', 'boy', 'ever', 'nice', 'adorable']"
6729,1961424843,love,@adlounge  Hey! Wanted to confirm we're still meeting at Rivoli @ 6pm?  I can only stay for an hour and a bit  #adlounge,"['adlounge', 'Hey', 'Wanted', 'confirm', ""'re"", 'still', 'meeting', 'Rivoli', '6pm', 'stay', 'hour', 'bit', 'adlounge']"
6746,1961429900,love,@KirstenAlexa I KNOW! I love Nicholas Braun &amp; I think he'll make an okay Cameron but I don't wanna see it either,"['KirstenAlexa', 'KNOW', 'love', 'Nicholas', 'Braun', 'amp', 'think', ""'ll"", 'make', 'okay', 'Cameron', ""n't"", 'wan', 'na', 'see', 'either']"
6762,1961433178,love,want to see him so badly,"['want', 'see', 'badly']"
6764,1961433491,love,NOOOO!!!  &quot;thehannabeth: i have a crush... ;)&quot;,"['NOOOO', 'quot', 'thehannabeth', 'crush', '...', 'quot']"
6790,1961449908,love,"@fifthroom I tried TD, but it battled with CS3 over my processor. Nambu is really good, but unintuitive","['fifthroom', 'tried', 'TD', 'battled', 'CS3', 'processor', 'Nambu', 'really', 'good', 'unintuitive']"
6818,1961457302,love,another song that  makes me cry and cry all day  and night long.,"['another', 'song', 'make', 'cry', 'cry', 'day', 'night', 'long']"
6832,1961462700,love,"@claudiatan yes! fb, ah i miss you","['claudiatan', 'yes', 'fb', 'ah', 'miss']"
6890,1961480778,love,@Mo4Sho87 im following you! im following you! im sorry!  ahhahah i missed you!,"['Mo4Sho87', 'im', 'following', 'im', 'following', 'im', 'sorry', 'ahhahah', 'missed']"
6961,1961498975,love,@marebear521 its open now??? Its so good!!! But didn't agree w/me,"['marebear521', 'open', 'good', ""n't"", 'agree', 'w/me']"
6981,1961504617,love,Sick  Right now very thankful for my chicken soup and my bed!,"['Sick', 'Right', 'thankful', 'chicken', 'soup', 'bed']"
7017,1961522537,love,"turns 26 on june 22. no more a youth   shelton for my bday is going to snag me a piece of mancandy. miss u everyday, my hot chocolate &lt;3.","['turn', '26', 'june', '22.', 'youth', 'shelton', 'bday', 'going', 'snag', 'piece', 'mancandy', 'miss', 'u', 'everyday', 'hot', 'chocolate', 'lt']"
7025,1961524549,love,"Going home  but when i get home , BLACK BERRY ! WOO HOO  . . . and get to see presten ! &lt;3","['Going', 'home', 'get', 'home', 'BLACK', 'BERRY', 'WOO', 'HOO', 'get', 'see', 'presten', 'lt']"
7076,1961536179,love,"At work again, when the weather is beautifullll","['work', 'weather', 'beautifullll']"
7103,1961542599,love,wish i can be with her every day,"['wish', 'every', 'day']"
7108,1961543703,love,weekend!! even though I have work,"['weekend', 'even', 'though', 'work']"
7171,1961556939,love,I wish I had a dog,"['wish', 'dog']"
7177,1961558172,love,@JohnAmussen @amadril @1txsage1957 @Vickie09 #followfriday thank you so much. I'm so behind. Still at about half of what I had.,"['JohnAmussen', 'amadril', '1txsage1957', 'Vickie09', 'followfriday', 'thank', 'much', ""'m"", 'behind', 'Still', 'half']"
7201,1961568315,love,Back with a great time spent with my cousins...technically uncles and aunts!also had an icecream...it dint taste that good,"['Back', 'great', 'time', 'spent', 'cousin', '...', 'technically', 'uncle', 'aunt', 'also', 'icecream', '...', 'dint', 'taste', 'good']"
7283,1961611230,love,"Home until tomorrow. Did my running and spinning. Now time for chiropractor, laundry, shopping, and visiting family. Missing nathan","['Home', 'tomorrow', 'running', 'spinning', 'time', 'chiropractor', 'laundry', 'shopping', 'visiting', 'family', 'Missing', 'nathan']"
7287,1961612597,love,"@DerrickJWyatt Yeah, I'm not really feeling it either. Of course, I don't like the movie line, I wish that we were getting more Animated.","['DerrickJWyatt', 'Yeah', ""'m"", 'really', 'feeling', 'either', 'course', ""n't"", 'like', 'movie', 'line', 'wish', 'getting', 'Animated']"
7322,1961618176,love,Just looked at the date...today the one year anniversary of my Grandmother...miss her mane   um sad,"['looked', 'date', '...', 'today', 'one', 'year', 'anniversary', 'Grandmother', '...', 'miss', 'mane', 'um', 'sad']"
7337,1961643116,love,"Photo: So I still havnï¿½t hooked up my editing comp  I know you guys miss my artwork, so Iï¿½ve decided to... http://tumblr.com/xeh1wetiq","['Photo', 'still', 'havnï¿½t', 'hooked', 'editing', 'comp', 'know', 'guy', 'miss', 'artwork', 'Iï¿½ve', 'decided', '...', 'http', '//tumblr.com/xeh1wetiq']"
7380,1961655331,love,? THANK YOU @WINKII sana matanggap ako  http://plurk.com/p/x1yts,"['THANK', 'WINKII', 'sana', 'matanggap', 'ako', 'http', '//plurk.com/p/x1yts']"
7407,1961687378,love,"@DissidentFury Good morning, sis! Alas, it'll be time for me to say goodnight soon.","['DissidentFury', 'Good', 'morning', 'si', 'Alas', ""'ll"", 'time', 'say', 'goodnight', 'soon']"
7442,1961697141,love,"Maaaaaan what a lovely day, shame that the ice-cream man near our workplace decided there was business elsewhere before we got a 99","['Maaaaaan', 'lovely', 'day', 'shame', 'ice-cream', 'man', 'near', 'workplace', 'decided', 'business', 'elsewhere', 'got', '99']"
7478,1961741993,love,@cwpicketandco It's pretty warm out now! I forgot K was sick though.,"['cwpicketandco', ""'s"", 'pretty', 'warm', 'forgot', 'K', 'sick', 'though']"
7484,1961742564,love,@pixiexlee Ahh but but  haha They're so cute together!! &gt;_&lt; cutest couple really! he's so sweet !,"['pixiexlee', 'Ahh', 'haha', ""'re"", 'cute', 'together', 'gt', 'lt', 'cutest', 'couple', 'really', ""'s"", 'sweet']"
7520,1961749964,love,thinking of you - Katy Perry,"['thinking', 'Katy', 'Perry']"
7545,1961755611,love,"damnnn this day came to fast, but i cherished all the moment i had","['damnnn', 'day', 'came', 'fast', 'cherished', 'moment']"
7558,1961760434,love,"David Mitchell's presenting 'Have I Got News For You' tonight &lt;3 I love him! I think he's ace &lt;3 On another note, damn this headache","['David', 'Mitchell', ""'s"", 'presenting', ""'Have"", 'Got', 'News', 'tonight', 'lt', 'love', 'think', ""'s"", 'ace', 'lt', 'another', 'note', 'damn', 'headache']"
7560,1961761201,love,i love him..i hate him..i loved him yesterday...ill hate him tomorrow....damn im confused,"['love', '..', 'hate', '..', 'loved', 'yesterday', '...', 'ill', 'hate', 'tomorrow', '....', 'damn', 'im', 'confused']"
7614,1961815831,love,@anthonycashcash  you better come back soon! &lt;3,"['anthonycashcash', 'better', 'come', 'back', 'soon', 'lt']"
7620,1961816374,love,I'm having a fantastically miserable time so far...,"[""'m"", 'fantastically', 'miserable', 'time', 'far', '...']"
7660,1961826886,love,cant decide on wht i wanna do with the rest of my day...i think i may go bk 2 sleep  woe is me! uugghh! lol,"['cant', 'decide', 'wht', 'wan', 'na', 'rest', 'day', '...', 'think', 'may', 'go', 'bk', 'sleep', 'woe', 'uugghh', 'lol']"
7669,1961830363,love,@Sicknastyjessie  i know. it sucks,"['Sicknastyjessie', 'know', 'suck']"
7681,1961833498,love,"No more drinking for Harm   Doc is convinced that it's the cause of my PCVs (look it up).Told not to stop smoking just yet, that will come","['drinking', 'Harm', 'Doc', 'convinced', ""'s"", 'cause', 'PCVs', 'look', '.Told', 'stop', 'smoking', 'yet', 'come']"
7751,1961876952,love,"@livefrombrazil -I don't have a ticket, my boyfriend isn't that into them, it might rain, and I'm on a budget...boo!  I &lt;3 @coldplay tho","['livefrombrazil', '-I', ""n't"", 'ticket', 'boyfriend', ""n't"", 'might', 'rain', ""'m"", 'budget', '...', 'boo', 'lt', 'coldplay', 'tho']"
7752,1961877434,love,"@carinacani DAMN @-) That's a lot of messages from him @-) HOW SWEET. :&quot;&gt; And yeah, sayang","['carinacani', 'DAMN', ""'s"", 'lot', 'message', 'SWEET', 'quot', 'gt', 'yeah', 'sayang']"
7803,1961895785,love,@thomasfiss we want you back !!!,"['thomasfiss', 'want', 'back']"
7810,1961897193,love,dang i miss you  goodnight,"['dang', 'miss', 'goodnight']"
7856,1961912738,love,@iamdiddy i need a hug i dnt feel so good,"['iamdiddy', 'need', 'hug', 'dnt', 'feel', 'good']"
7878,1961918522,love,"Steve makes fruit smoothies for me each day &amp; they are berry delicious, I made mine today &amp; it was berry, berry bad","['Steve', 'make', 'fruit', 'smoothy', 'day', 'amp', 'berry', 'delicious', 'made', 'mine', 'today', 'amp', 'berry', 'berry', 'bad']"
7893,1961921563,love,"@iamdiddy my lil sister Charese, her best friend passed today","['iamdiddy', 'lil', 'sister', 'Charese', 'best', 'friend', 'passed', 'today']"
7901,1961922540,love,joe: 2.30pm Kevin pics up a new pair of pjs :') PMSL i could have died!!! lmfaoo :') I MISS MY BOYS,"['joe', '2.30pm', 'Kevin', 'pic', 'new', 'pair', 'pjs', 'PMSL', 'could', 'died', 'lmfaoo', 'MISS', 'BOYS']"
7908,1961923608,love,Ahhh I am sooo happy Ashley Tisdale is in Germany but I am not in Oberhausen...  But i will show it in the TV at 8 o' clock yeah I love it,"['Ahhh', 'sooo', 'happy', 'Ashley', 'Tisdale', 'Germany', 'Oberhausen', '...', 'show', 'TV', 'clock', 'yeah', 'love']"
7922,1961926127,love,going to the library. I miss u already!,"['going', 'library', 'miss', 'u', 'already']"
7952,1961964001,love,Had a fantastic day with an amazing girl! Just wish Sara didn't have to go home.  #fb,"['fantastic', 'day', 'amazing', 'girl', 'wish', 'Sara', ""n't"", 'go', 'home', 'fb']"
7973,1961967308,love,@lewdogg I wish I could afford to attend those benefits.,"['lewdogg', 'wish', 'could', 'afford', 'attend', 'benefit']"
8001,1961973842,love,"Lunching and bike riding around the village today with Lulu. Love my new bike, just wish I didn't have to lock it up all the time","['Lunching', 'bike', 'riding', 'around', 'village', 'today', 'Lulu', 'Love', 'new', 'bike', 'wish', ""n't"", 'lock', 'time']"
8017,1961993261,love,come and save me from my packing please?!,"['come', 'save', 'packing', 'please']"
8019,1961993638,love,My break is over  back to the inferno  [ I Love Her ],"['break', 'back', 'inferno', 'Love']"
8020,1961993660,love,"eating some breakfast at Panera Bread. boring cloudy weather, lil drizzle","['eating', 'breakfast', 'Panera', 'Bread', 'boring', 'cloudy', 'weather', 'lil', 'drizzle']"
8023,1961993997,love,I have a job at camp!!  Only downfall? No midnight showing of Harry Potter for me,"['job', 'camp', 'downfall', 'midnight', 'showing', 'Harry', 'Potter']"
8032,1961997106,love,pondering OC/LA day trip tmr. after yoga/work. hmm n then see school of 7bells in irvine tmr nite. ponder ponder... gota work on sun tho,"['pondering', 'OC/LA', 'day', 'trip', 'tmr', 'yoga/work', 'hmm', 'n', 'see', 'school', '7bells', 'irvine', 'tmr', 'nite', 'ponder', 'ponder', '...', 'gota', 'work', 'sun', 'tho']"
8063,1962004607,love,"Every time I hear someone from Vancouver, it makes me follow them. I'm hopelessly in love with #vancouver","['Every', 'time', 'hear', 'someone', 'Vancouver', 'make', 'follow', ""'m"", 'hopelessly', 'love', 'vancouver']"
8084,1962015929,love,rip grandpa  graduation today...,"['rip', 'grandpa', 'graduation', 'today', '...']"
8096,1962018147,love,I ate to much lunch...now I don't want to work,"['ate', 'much', 'lunch', '...', ""n't"", 'want', 'work']"
8151,1962054018,love,i have an ipod nano i never use.tut for the love of all things Apple,"['ipod', 'nano', 'never', 'use.tut', 'love', 'thing', 'Apple']"
8187,1962063100,love,"@Lidybeth inoo thats why i sed ino how u feel coz im in love with kyle, i feel like such a saddo but its true ha i wanna see him tuesday","['Lidybeth', 'inoo', 'thats', 'sed', 'ino', 'u', 'feel', 'coz', 'im', 'love', 'kyle', 'feel', 'like', 'saddo', 'true', 'ha', 'wan', 'na', 'see', 'tuesday']"
8204,1962066538,love,@ginjagin I think you're pretty! I'm sorry they made you feel bad,"['ginjagin', 'think', ""'re"", 'pretty', ""'m"", 'sorry', 'made', 'feel', 'bad']"
8277,1962112003,love,@jroberson4 Good luck at the services tomorrow!! I wish I could see you guys on your vacation!,"['jroberson4', 'Good', 'luck', 'service', 'tomorrow', 'wish', 'could', 'see', 'guy', 'vacation']"
8313,1962136739,love,@Irish_Jean awessomee! cut my hurrr i give massage? orr alkie? or foodtour? yeaaah! &amp;i'll pray for ur cousin,"['Irish_Jean', 'awessomee', 'cut', 'hurrr', 'give', 'massage', 'orr', 'alkie', 'foodtour', 'yeaaah', 'amp', ""'ll"", 'pray', 'ur', 'cousin']"
8319,1962137190,love,"Goood Dayy  Beeen shopping, didn't get what I wanted though  But my best friend has comeeee homeeee!! XD Ily Shannii x","['Goood', 'Dayy', 'Beeen', 'shopping', ""n't"", 'get', 'wanted', 'though', 'best', 'friend', 'comeeee', 'homeeee', 'XD', 'Ily', 'Shannii', 'x']"
8395,1962168164,love,Beautiful day on Ocracoke just hope the thunderstorms stay away this afternoon...it's not looking good,"['Beautiful', 'day', 'Ocracoke', 'hope', 'thunderstorm', 'stay', 'away', 'afternoon', '...', ""'s"", 'looking', 'good']"
8399,1962169447,love,@Auggie5000 lmao boss ross don't come on out here  I love that man he was the truth,"['Auggie5000', 'lmao', 'bos', 'ross', ""n't"", 'come', 'love', 'man', 'truth']"
8402,1962170180,love,"Went to the hairdresser today, she cutted my hair off  I loved my long hair! Dad said he couldn't even see I got a haircut! LAAAME","['Went', 'hairdresser', 'today', 'cutted', 'hair', 'loved', 'long', 'hair', 'Dad', 'said', 'could', ""n't"", 'even', 'see', 'got', 'haircut', 'LAAAME']"
8427,1962177936,love,@bondsbustyblond We've just 16ï¿½C today&amp;cold wind..  Want it 2b like 25ï¿½ to 30ï¿½! I love hot weather! But I reaped the 1st strawberry yday!,"['bondsbustyblond', ""'ve"", '16ï¿½C', 'today', 'amp', 'cold', 'wind', '..', 'Want', '2b', 'like', '25ï¿½', '30ï¿½', 'love', 'hot', 'weather', 'reaped', '1st', 'strawberry', 'yday']"
8430,1962178497,love,"@SU2C What about having one in TAMPA? I've been all excited to do the hunt, but I'm too far from any of those cities","['SU2C', 'one', 'TAMPA', ""'ve"", 'excited', 'hunt', ""'m"", 'far', 'city']"
8457,1962190871,love,@marianalizbeth yayy!!! Im gonna see you today! I miss you!,"['marianalizbeth', 'yayy', 'Im', 'gon', 'na', 'see', 'today', 'miss']"
8471,1962195160,love,Yeah it's Friday but I have to work at 5am tomorrow  oh well going shopping afterwork,"['Yeah', ""'s"", 'Friday', 'work', '5am', 'tomorrow', 'oh', 'well', 'going', 'shopping', 'afterwork']"
8486,1962198019,love,"fourteen hours later, i'm still having the worst allergy flare-up in my life from shooting an engagement session in a field last night...","['fourteen', 'hour', 'later', ""'m"", 'still', 'worst', 'allergy', 'flare-up', 'life', 'shooting', 'engagement', 'session', 'field', 'last', 'night', '...']"
8516,1962203765,love,"Man, the French Open has been on for a week and I haven't had the opportunity to catch a single match","['Man', 'French', 'Open', 'week', ""n't"", 'opportunity', 'catch', 'single', 'match']"
8522,1962209368,love,Wishing I could have seen my nephew graduate from kindergarten!,"['Wishing', 'could', 'seen', 'nephew', 'graduate', 'kindergarten']"
8592,1962228001,love,"@kaylee2o3 HA! finally found someone I know! happy summer Kaylee, too bad I dont get to kick next to you anymore","['kaylee2o3', 'HA', 'finally', 'found', 'someone', 'know', 'happy', 'summer', 'Kaylee', 'bad', 'dont', 'get', 'kick', 'next', 'anymore']"
8661,1962245057,love,@jazzjeet haha you would do that =P that's cute. nobody ever comes to visit me  god damn lake geneva and how far it is from civilizati ...,"['jazzjeet', 'haha', 'would', '=P', ""'s"", 'cute', 'nobody', 'ever', 'come', 'visit', 'god', 'damn', 'lake', 'geneva', 'far', 'civilizati', '...']"
8685,1962258156,love,"Field day over. Lots of great action fotos. Ate lunch, need 2 showr, tidy hse, get ready 4 stamp club. Btw Mexican skin got 2 tan 2day","['Field', 'day', 'Lots', 'great', 'action', 'fotos', 'Ate', 'lunch', 'need', 'showr', 'tidy', 'hse', 'get', 'ready', 'stamp', 'club', 'Btw', 'Mexican', 'skin', 'got', 'tan', '2day']"
8723,1962266091,love,@babyblueonline omg I'm so sorry to hear that!  If you really need to talk to someone I'm always on here. I'm a shoulder you lean on,"['babyblueonline', 'omg', ""'m"", 'sorry', 'hear', 'really', 'need', 'talk', 'someone', ""'m"", 'always', ""'m"", 'shoulder', 'lean']"
8726,1962266855,love,I miss having nothing to do except lay out beside the pool every day of the summer.  That was much better than spending all day in class.,"['miss', 'nothing', 'except', 'lay', 'beside', 'pool', 'every', 'day', 'summer', 'much', 'better', 'spending', 'day', 'class']"
8727,1962266890,love,"@Kenzielee_ Oh god, yeah! I forgot about that","['Kenzielee_', 'Oh', 'god', 'yeah', 'forgot']"
8795,1962307567,love,shopping! Migawd. i don't want to surf the net anymore.,"['shopping', 'Migawd', ""n't"", 'want', 'surf', 'net', 'anymore']"
8796,1962308105,love,@LolliroyAngel yep im very jelous too  id love to be in miley position haha x,"['LolliroyAngel', 'yep', 'im', 'jelous', 'id', 'love', 'miley', 'position', 'haha', 'x']"
8818,1962318209,love,@2TuffDC i dunno what i'm gonna do. i love my skinny jeans!,"['2TuffDC', 'dunno', ""'m"", 'gon', 'na', 'love', 'skinny', 'jean']"
8819,1962318319,love,"I wanna go, I wanna go!!!! but I can't","['wan', 'na', 'go', 'wan', 'na', 'go', 'ca', ""n't""]"
8841,1962323212,love,@StylistaMunchee I lluuvv u too..  ahhh im gonna miss u evenn moreee! lol,"['StylistaMunchee', 'lluuvv', 'u', '..', 'ahhh', 'im', 'gon', 'na', 'miss', 'u', 'evenn', 'moreee', 'lol']"
8846,1962324289,love,"can't wait to watch the Tonight Show, this evening last one with Jay","['ca', ""n't"", 'wait', 'watch', 'Tonight', 'Show', 'evening', 'last', 'one', 'Jay']"
8879,1962332503,love,@paulineee: I know!! Im so excited. We cant go earlierrr than the afternoon?  I love you tooz &lt;3,"['paulineee', 'know', 'Im', 'excited', 'cant', 'go', 'earlierrr', 'afternoon', 'love', 'tooz', 'lt']"
8888,1962364000,love,Anyone have a Super Nintendo Controller they want to sell me? Mine broke.,"['Anyone', 'Super', 'Nintendo', 'Controller', 'want', 'sell', 'Mine', 'broke']"
8959,1962380892,love,"@orbitaldiamonds awww bb, you sound lonely  I want to drive up there/fly and snuggle you too","['orbitaldiamonds', 'awww', 'bb', 'sound', 'lonely', 'want', 'drive', 'there/fly', 'snuggle']"
8982,1962387240,love,@SilveryBeing  *hug*,"['SilveryBeing', 'hug']"
9044,1962406657,love,Loves using remote access to use my desktop from my laptop.  -- Back from Emerge once again.,"['Loves', 'using', 'remote', 'access', 'use', 'desktop', 'laptop', '--', 'Back', 'Emerge']"
9047,1962407149,love,"@ChristinaHz no wayyy, that's too funny.  well he sure is missing out, but ever since you left, i feel i am too  when is your next visit?","['ChristinaHz', 'wayyy', ""'s"", 'funny', 'well', 'sure', 'missing', 'ever', 'since', 'left', 'feel', 'next', 'visit']"
9059,1962409646,love,I'm being held captive on my day of freedom.,"[""'m"", 'held', 'captive', 'day', 'freedom']"
9080,1962413094,love,@Caroljs Warren has just died.. hannah has been killed.. and I'm gutted!!! I love warren (even if he is nasty!!),"['Caroljs', 'Warren', 'died', '..', 'hannah', 'killed', '..', ""'m"", 'gutted', 'love', 'warren', 'even', 'nasty']"
9115,1962425497,love,I just need to go to the bank,"['need', 'go', 'bank']"
9149,1962436691,love,Am in the mix on the Galaxy weekend! Love(d) my Friday show! Sweet! Make the most of this one if your listening,"['mix', 'Galaxy', 'weekend', 'Love', 'Friday', 'show', 'Sweet', 'Make', 'one', 'listening']"
9156,1962438716,love,"http://bit.ly/6Jo0v  HOW GENIUS!! He looks  good in bret, LOV HIM WHY cancelled concert in france i was ready men","['http', '//bit.ly/6Jo0v', 'GENIUS', 'look', 'good', 'bret', 'LOV', 'cancelled', 'concert', 'france', 'ready', 'men']"
9160,1962441227,love,"@cocoacast I need to move to NY, SanFran, or Seattle to get worth-a-crap internet speeds","['cocoacast', 'need', 'move', 'NY', 'SanFran', 'Seattle', 'get', 'worth-a-crap', 'internet', 'speed']"
9212,1962459808,love,@raZeiger i think @taylorswift13 missed me tooo,"['raZeiger', 'think', 'taylorswift13', 'missed', 'tooo']"
9220,1962462133,love,@CRISCOKIDD this picture made me cry  lol http://www.twitpic.com/671w1,"['CRISCOKIDD', 'picture', 'made', 'cry', 'lol', 'http', '//www.twitpic.com/671w1']"
9231,1962472064,love,@arian_marie:my heart goes out to you,"['arian_marie', 'heart', 'go']"
9237,1962472799,love,@cupcake_nyc hey sweetie. Cnt go fri  but thnks so much,"['cupcake_nyc', 'hey', 'sweetie', 'Cnt', 'go', 'fri', 'thnks', 'much']"
9238,1962472894,love,Loving the sunshine! Wish poor Richie would feel better,"['Loving', 'sunshine', 'Wish', 'poor', 'Richie', 'would', 'feel', 'better']"
9257,1962477035,love,@hotnizz WAH! Sayang...,"['hotnizz', 'WAH', 'Sayang', '...']"
9292,1962485770,love,I just signed up for Japanese 123 at Clark College... it will be a night class with Kamei-sensei... only two days a week  KUSO!,"['signed', 'Japanese', 'Clark', 'College', '...', 'night', 'class', 'Kamei-sensei', '...', 'two', 'day', 'week', 'KUSO']"
9373,1962560776,love,@Welshracer I loved him and he was in a mini,"['Welshracer', 'loved', 'mini']"
9414,1962568411,love,Feelin a little blue tonight.. Love might be good,"['Feelin', 'little', 'blue', 'tonight', '..', 'Love', 'might', 'good']"
9434,1962572743,love,"@Genevieve Hey, I didn't get any !!!","['Genevieve', 'Hey', ""n't"", 'get']"
9443,1962575483,love,@anberlin Welcome to Seattle! I really wish I could see you guys tonight.,"['anberlin', 'Welcome', 'Seattle', 'really', 'wish', 'could', 'see', 'guy', 'tonight']"
9444,1962576550,love,"Enjoying sunshine in the park with friends, pale shirtless footballers are not attractive I'm afraid","['Enjoying', 'sunshine', 'park', 'friend', 'pale', 'shirtless', 'footballer', 'attractive', ""'m"", 'afraid']"
9454,1962581332,love,working again today  but off tomorrow for dan's party! yay!,"['working', 'today', 'tomorrow', 'dan', ""'s"", 'party', 'yay']"
9499,1962594410,love,@the5thletter i love dixie kitchen's peach wings and fried green tomatoes  i hope the one by river oaks stay open.,"['the5thletter', 'love', 'dixie', 'kitchen', ""'s"", 'peach', 'wing', 'fried', 'green', 'tomato', 'hope', 'one', 'river', 'oak', 'stay', 'open']"
9517,1962602542,love,"Very happy that @pricy landed safely, I miss her already  http://myloc.me/205R","['happy', 'pricy', 'landed', 'safely', 'miss', 'already', 'http', '//myloc.me/205R']"
9570,1962614322,love,@HeatXCL I wanna get an FF tweet too,"['HeatXCL', 'wan', 'na', 'get', 'FF', 'tweet']"
9693,1962687906,love,totally forgot she had soccer today. ugh  today was actually good too...,"['totally', 'forgot', 'soccer', 'today', 'ugh', 'today', 'actually', 'good', '...']"
9774,1962710048,love,@AYoungOne Yep that one works. I LOVE Potbelly but I can't get it in AZ  Have to wait for my Chi-town trips @PotbellySdchWks,"['AYoungOne', 'Yep', 'one', 'work', 'LOVE', 'Potbelly', 'ca', ""n't"", 'get', 'AZ', 'wait', 'Chi-town', 'trip', 'PotbellySdchWks']"
9779,1962711785,love,@DopeAlicious I'm sorry,"['DopeAlicious', ""'m"", 'sorry']"
9787,1962714039,love,@michemo Bristol's is the ish! I LOVE their brunch on Sundays. Ruth Chris is good too but I got sick there once.,"['michemo', 'Bristol', ""'s"", 'ish', 'LOVE', 'brunch', 'Sundays', 'Ruth', 'Chris', 'good', 'got', 'sick']"
9788,1962714118,love,@oneofthosefaces i know im inlove with  @katyperry actually..,"['oneofthosefaces', 'know', 'im', 'inlove', 'katyperry', 'actually', '..']"
9795,1962716384,love,"at the house home alone   , playing guitar some guitar hero loud.","['house', 'home', 'alone', 'playing', 'guitar', 'guitar', 'hero', 'loud']"
9816,1962720275,love,http://twitpic.com/670pn - she is so cute really i really want to meet her  wish one day,"['http', '//twitpic.com/670pn', 'cute', 'really', 'really', 'want', 'meet', 'wish', 'one', 'day']"
9841,1962725080,love,i love my new phone but hate that i didnt get my netbook today...,"['love', 'new', 'phone', 'hate', 'didnt', 'get', 'netbook', 'today', '...']"
9857,1962729019,love,@pixy88 Thank you! And I don't care for the look on his face.,"['pixy88', 'Thank', ""n't"", 'care', 'look', 'face']"
9884,1962736139,love,@IJsthee Or your mobile doesn't like me,"['IJsthee', 'mobile', ""n't"", 'like']"
9962,1962770603,love,"@cultofdusty thats what i love about you, you are as SHAMELESS as i am lol and no  not yet..but it aint over yet either lol #frehleyfriday","['cultofdusty', 'thats', 'love', 'SHAMELESS', 'lol', 'yet', '..', 'aint', 'yet', 'either', 'lol', 'frehleyfriday']"
10000,1962781538,love,@Crazy_Cindy  BIG HUGGS,"['Crazy_Cindy', 'BIG', 'HUGGS']"
10037,1962807637,love,@mileycyrus tell me where to vote and I will do so!!!! cause I'm from Germany I don't now where to do it..  btw: I love you and your music,"['mileycyrus', 'tell', 'vote', 'cause', ""'m"", 'Germany', ""n't"", '..', 'btw', 'love', 'music']"
10048,1962809967,love,My stomach is trying to eat itself. Is it time for lunch yet? *looks at clock* Damn... another hour 20 'til lunch.,"['stomach', 'trying', 'eat', 'time', 'lunch', 'yet', 'look', 'clock', 'Damn', '...', 'another', 'hour', '20', ""'til"", 'lunch']"
10073,1962814534,love,"A laodicean life for Kavya &amp; family probably got Kavya her spelling bee crown! Congrats! Note, spell check doesnt recognize laodicean","['laodicean', 'life', 'Kavya', 'amp', 'family', 'probably', 'got', 'Kavya', 'spelling', 'bee', 'crown', 'Congrats', 'Note', 'spell', 'check', 'doesnt', 'recognize', 'laodicean']"
10096,1962820988,love,"@SometimesITweet, totally worth it!! great movie cool 3D glasses! i miss ya! and i miss @jesicawesley  and i miss new york too","['SometimesITweet', 'totally', 'worth', 'great', 'movie', 'cool', '3D', 'glass', 'miss', 'ya', 'miss', 'jesicawesley', 'miss', 'new', 'york']"
10107,1962823903,love,Can anyone eat a Hot Pocket and be completely satisfied?? Not me.,"['anyone', 'eat', 'Hot', 'Pocket', 'completely', 'satisfied']"
10127,1962829370,love,@omar10points haha calm down. Youll get ur shades. I'm still sick tho. So I'll prolly knockout after,"['omar10points', 'haha', 'calm', 'Youll', 'get', 'ur', 'shade', ""'m"", 'still', 'sick', 'tho', ""'ll"", 'prolly', 'knockout']"
10195,1962845532,love,"mmm, pizza for dinner. yum. but i burnt my mouth though ..","['mmm', 'pizza', 'dinner', 'yum', 'burnt', 'mouth', 'though', '..']"
10270,1962864150,love,"Immediately regretting my decision to come into the office today, miss my bed","['Immediately', 'regretting', 'decision', 'come', 'office', 'today', 'miss', 'bed']"
10311,1962874481,love,I have the biggest crush on Pink but she doesn't know I'm alive,"['biggest', 'crush', 'Pink', ""n't"", 'know', ""'m"", 'alive']"
10316,1962875799,love,"@nzinghashakur for...the...loss. dumbface  ...him, not u. what u up to on the wknd? i wanna seeeeeee ya!","['nzinghashakur', '...', '...', 'loss', 'dumbface', '...', 'u.', 'u', 'wknd', 'wan', 'na', 'seeeeeee', 'ya']"
10327,1962877843,love,@loribot my music collection will be coming up to 250gb soon.  haha,"['loribot', 'music', 'collection', 'coming', '250gb', 'soon', 'haha']"
10352,1962883438,love,i haven't have had an weird kiss yet  ..all were damn romanticaly hot.. #twpp,"[""n't"", 'weird', 'kiss', 'yet', '..', 'damn', 'romanticaly', 'hot', '..', 'twpp']"
10378,1962892613,love,@alrapke the only thing is I'm not a chocolate fan  but the thought was yhere,"['alrapke', 'thing', ""'m"", 'chocolate', 'fan', 'thought', 'yhere']"
10390,1962894061,love,"@MandyyJiroux ah it doesnt work for me  but i just want to say i love the beach girl, you guys are acee! england loves you (: xx","['MandyyJiroux', 'ah', 'doesnt', 'work', 'want', 'say', 'love', 'beach', 'girl', 'guy', 'acee', 'england', 'love', 'xx']"
10428,1962900521,love,@HH4764 ...and there I miss you.,"['HH4764', '...', 'miss']"
10489,1962917573,love,ok @shaaqt @spitphyre @limeice @unitechy @punkpolkadots Love you girls. but work beckons.  Will come back later for #twpp,"['ok', 'shaaqt', 'spitphyre', 'limeice', 'unitechy', 'punkpolkadots', 'Love', 'girl', 'work', 'beckons', 'come', 'back', 'later', 'twpp']"
10492,1962918026,love,Just sitting waiting for my husband to get home,"['sitting', 'waiting', 'husband', 'get', 'home']"
10497,1962919197,love,@Shan_Shan_West Im so excited to see u!! Its been forever  My lil Shan Shan gettin married!!  PS Did u really get a tattoo?? Lol,"['Shan_Shan_West', 'Im', 'excited', 'see', 'u', 'forever', 'lil', 'gettin', 'married', 'PS', 'u', 'really', 'get', 'tattoo', 'Lol']"
10508,1962926738,love,Had wonderful company and a not so bad salad today at McDonalds for lunch. Now headed to my doctor's appt. booh hiss!,"['wonderful', 'company', 'bad', 'salad', 'today', 'McDonalds', 'lunch', 'headed', 'doctor', ""'s"", 'appt', 'booh', 'hiss']"
10545,1962935019,love,"@backstreetboys I'd love for Nicky Poo and Bri &amp; Howie &amp; Aj, to wish me a happy birthday  please please please please pleaseee guys..","['backstreetboys', ""'d"", 'love', 'Nicky', 'Poo', 'Bri', 'amp', 'Howie', 'amp', 'Aj', 'wish', 'happy', 'birthday', 'please', 'please', 'please', 'please', 'pleaseee', 'guy', '..']"
10593,1962951792,love,aw man. just watched hollyoaks again and it was very sad,"['aw', 'man', 'watched', 'hollyoaks', 'sad']"
10616,1962955758,love,@jasonwitmer you haven't drawn me yet,"['jasonwitmer', ""n't"", 'drawn', 'yet']"
10643,1962959903,love,really wants a puppy...,"['really', 'want', 'puppy', '...']"
10666,1962971915,love,@murdeek  i met him! hes from where i live !!! he goes clubbing the same places lol! i dont get twittter,"['murdeek', 'met', 'he', 'live', 'go', 'clubbing', 'place', 'lol', 'dont', 'get', 'twittter']"
10726,1962994684,love,O'Charleys? Pretty good. Especially when its free. Hot waitress? I think so. Back to work? Unfortunately.,"[""O'Charleys"", 'Pretty', 'good', 'Especially', 'free', 'Hot', 'waitress', 'think', 'Back', 'work', 'Unfortunately']"
10780,1963013279,love,"@IzaArtillero oh, coo; i was suppose to be an intern too!  but dangit, SAT. :| so how's the intern life? haha","['IzaArtillero', 'oh', 'coo', 'suppose', 'intern', 'dangit', 'SAT', ""'s"", 'intern', 'life', 'haha']"
10825,1963025396,love,is excited about tomorrow!!! but i gotta clean the house  CLEAN CLEAN CLEAN AHHHHHHH,"['excited', 'tomorrow', 'got', 'ta', 'clean', 'house', 'CLEAN', 'CLEAN', 'CLEAN', 'AHHHHHHH']"
10831,1963027823,love,Just got my heart ripped out  i love you guys,"['got', 'heart', 'ripped', 'love', 'guy']"
10836,1963036580,love,Ok so my sister is going camping I'm so mad because i have to work tomorrow      have fun,"['Ok', 'sister', 'going', 'camping', ""'m"", 'mad', 'work', 'tomorrow', 'fun']"
10837,1963036756,love,@JYmuzik Wish I was in ATL!!,"['JYmuzik', 'Wish', 'ATL']"
10840,1963037573,love,"@getemgirlfriday aw, I hope you feel better!","['getemgirlfriday', 'aw', 'hope', 'feel', 'better']"
10885,1963046979,love,One week until Race for the Cure! Please donate if you're able http://bit.ly/UFR1U and wish me luck on my 5 mile training run tomorrow,"['One', 'week', 'Race', 'Cure', 'Please', 'donate', ""'re"", 'able', 'http', '//bit.ly/UFR1U', 'wish', 'luck', 'mile', 'training', 'run', 'tomorrow']"
10898,1963050036,love,"Nice, Portland city commissioners vote a raise for city admin employees, while city police and sheriffs offices are having to cut staff.","['Nice', 'Portland', 'city', 'commissioner', 'vote', 'raise', 'city', 'admin', 'employee', 'city', 'police', 'sheriff', 'office', 'cut', 'staff']"
10900,1963050534,love,It's a nice day and I stuck inside!!,"[""'s"", 'nice', 'day', 'stuck', 'inside']"
10928,1963060262,love,I have just looked the time and it is #BGT in 20mins. I may hibernate for an hour or so.,"['looked', 'time', 'BGT', '20mins', 'may', 'hibernate', 'hour']"
10934,1963063403,love,@spencerpratt hey u havent spoken to ur london bff for a while Whats up! wish i can vote  brody's here soon ill tell him 2 vote 4u from me,"['spencerpratt', 'hey', 'u', 'havent', 'spoken', 'ur', 'london', 'bff', 'Whats', 'wish', 'vote', 'brody', ""'s"", 'soon', 'ill', 'tell', 'vote', '4u']"
10942,1963065130,love,"@tommcfly i miss so much the old animations... i really loved Hercules, from Disney. haha by the way, awesome show yesterday, guys.  Xx","['tommcfly', 'miss', 'much', 'old', 'animation', '...', 'really', 'loved', 'Hercules', 'Disney', 'haha', 'way', 'awesome', 'show', 'yesterday', 'guy', 'Xx']"
10969,1963072215,love,http://twitpic.com/677bi - IVA!!!! i already miss yoo my sweet  xx,"['http', '//twitpic.com/677bi', 'IVA', 'already', 'miss', 'yoo', 'sweet', 'xx']"
10979,1963080659,love,The arrival of cargo Red G5 to Toronto has been postponed til tomorrow afternoon.  gonna miss my lil bro's bday...he's been waiting 4 me!,"['arrival', 'cargo', 'Red', 'G5', 'Toronto', 'postponed', 'til', 'tomorrow', 'afternoon', 'gon', 'na', 'miss', 'lil', 'bro', ""'s"", 'bday', '...', ""'s"", 'waiting']"
10982,1963080946,love,getting my new cellphone on wednesday! the LG Voyager! its soo sweet! i can't wait that long though,"['getting', 'new', 'cellphone', 'wednesday', 'LG', 'Voyager', 'soo', 'sweet', 'ca', ""n't"", 'wait', 'long', 'though']"
10996,1963084850,love,@wishinghearts oh wow! I have to work on Sunday  but I'm off on Monday if you're still in town!,"['wishinghearts', 'oh', 'wow', 'work', 'Sunday', ""'m"", 'Monday', ""'re"", 'still', 'town']"
11004,1963086600,love,@OohLaLisa oh yes some are quite nice! and my 'photoshop' liep zojuist vast. so now I have to start over painting Rï¿½isï¿½ns glove,"['OohLaLisa', 'oh', 'yes', 'quite', 'nice', ""'photoshop"", 'liep', 'zojuist', 'vast', 'start', 'painting', 'Rï¿½isï¿½ns', 'glove']"
11010,1963088070,love,LOVE getting gifts in the mail from my very wonderful friends back home!! How I miss Myrtle Beach so much... A little homesick today,"['LOVE', 'getting', 'gift', 'mail', 'wonderful', 'friend', 'back', 'home', 'miss', 'Myrtle', 'Beach', 'much', '...', 'little', 'homesick', 'today']"
11040,1963094826,love,"Noooo my favorite coworker just got a new job, he's doing marc jacobs shows now, not fair! I don't want him 2 go!","['Noooo', 'favorite', 'coworker', 'got', 'new', 'job', ""'s"", 'marc', 'jacob', 'show', 'fair', ""n't"", 'want', 'go']"
11060,1963104923,love,@DarkGX pffffffffff... it's not a 100% triumph cuz u gone napping  LMAO!!,"['DarkGX', 'pffffffffff', '...', ""'s"", '100', 'triumph', 'cuz', 'u', 'gone', 'napping', 'LMAO']"
11066,1963105511,love,"at work, with a swollen face  thank god it's kohls though. I'm feelin fat. flip flops are about to break annnnd I get my hair done tonight","['work', 'swollen', 'face', 'thank', 'god', ""'s"", 'kohl', 'though', ""'m"", 'feelin', 'fat', 'flip', 'flop', 'break', 'annnnd', 'get', 'hair', 'done', 'tonight']"
11157,1963129149,love,@crystalmarieluv Your Highness...........................crystalmarieDONTluvSpiteAnymore,"['crystalmarieluv', 'Highness', '...........................', 'crystalmarieDONTluvSpiteAnymore']"
11188,1963135667,love,@Katwood30: you get to go home and i have to go to work,"['Katwood30', 'get', 'go', 'home', 'go', 'work']"
11194,1963137010,love,@voidspace Thanks man.  That sorted it. I only ever remember 222.222,"['voidspace', 'Thanks', 'man', 'sorted', 'ever', 'remember', '222.222']"
11201,1963144260,love,@Alexa997 Isnt it only like 3 episodes though? Sad,"['Alexa997', 'Isnt', 'like', 'episode', 'though', 'Sad']"
11207,1963145630,love,@JuicyFruits88 yeah it is I feel sad tho.,"['JuicyFruits88', 'yeah', 'feel', 'sad', 'tho']"
11329,1963179363,love,@nick_carter Hey Brian Littrell is there!! He doesnt really like this kinda pages rigth?  kisses! I loev you guys!,"['nick_carter', 'Hey', 'Brian', 'Littrell', 'doesnt', 'really', 'like', 'kinda', 'page', 'rigth', 'kiss', 'loev', 'guy']"
11361,1963194001,love,"@miqotu Oh no, that doesn't sound good! better get it checked out.","['miqotu', 'Oh', ""n't"", 'sound', 'good', 'better', 'get', 'checked']"
11386,1963199618,love,"@ebay_andy Got it, thanks! I mean really, how rude.","['ebay_andy', 'Got', 'thanks', 'mean', 'really', 'rude']"
11487,1963228987,love,"@yelyahwilliams Haaaayley, i saw some pictures from the tour, you're so pretty *-* i wanted to see u guys again","['yelyahwilliams', 'Haaaayley', 'saw', 'picture', 'tour', ""'re"", 'pretty', 'wanted', 'see', 'u', 'guy']"
11505,1963232952,love,@stormey09 You meanie! The one time you go to Lux and I wont be there!,"['stormey09', 'meanie', 'one', 'time', 'go', 'Lux', 'wont']"
11572,1963279707,love,"@laurenhobeast As much as I loved Texas, my dislike for needles could interfere.","['laurenhobeast', 'much', 'loved', 'Texas', 'dislike', 'needle', 'could', 'interfere']"
11581,1963280530,love,eating ice cream and then getting ready for graduation.,"['eating', 'ice', 'cream', 'getting', 'ready', 'graduation']"
11583,1963281677,love,FUCK! summer school in 3 days... some break,"['FUCK', 'summer', 'school', 'day', '...', 'break']"
11588,1963282736,love,"@madlymint And, yes. I &lt;3 mac, if only it weren't so expensive","['madlymint', 'yes', 'lt', 'mac', ""n't"", 'expensive']"
11616,1963298669,love,"@descendtorise i cant go on fb. i found out im an alien one morning, and aliens aren't allowed on fb  but YAYY CONGRATSES!! i miss yew tew","['descendtorise', 'cant', 'go', 'fb', 'found', 'im', 'alien', 'one', 'morning', 'alien', ""n't"", 'allowed', 'fb', 'YAYY', 'CONGRATSES', 'miss', 'yew', 'tew']"
11641,1963305056,love,Dropped off Baby A for her 1st day in the Toddler Room this AM.  She's officially a toddler.  Growing up way too fast,"['Dropped', 'Baby', '1st', 'day', 'Toddler', 'Room', ""'s"", 'officially', 'toddler', 'Growing', 'way', 'fast']"
11652,1963307279,love,@yargman i havent seen you all week,"['yargman', 'havent', 'seen', 'week']"
11690,1963321022,love,looking forward to seeing the relatives... maybe home from Toronto soon,"['looking', 'forward', 'seeing', 'relative', '...', 'maybe', 'home', 'Toronto', 'soon']"
11696,1963321786,love,"@crystalchappell Have a wonderful weekend at home! Good day today (it's Friday!), but no Otalia today (*tear*)  Lots of love to you!","['crystalchappell', 'wonderful', 'weekend', 'home', 'Good', 'day', 'today', ""'s"", 'Friday', 'Otalia', 'today', 'tear', 'Lots', 'love']"
11724,1963329748,love,"@RetroRewind Ahh Dave Canada isn't included  That's okay, we still love ya!  Let's get this!","['RetroRewind', 'Ahh', 'Dave', 'Canada', ""n't"", 'included', ""'s"", 'okay', 'still', 'love', 'ya', 'Let', ""'s"", 'get']"
11727,1963330337,love,@LauraManiscalco  I'll send you the youtube link &lt;3,"['LauraManiscalco', ""'ll"", 'send', 'youtube', 'link', 'lt']"
11739,1963340474,love,@Alexandria_Lee I loveee and missss my annie!!,"['Alexandria_Lee', 'loveee', 'missss', 'annie']"
11747,1963342432,love,"@acrossthemoat are you kidding me?! that looks incredible!!! Lay out and swim a lot for me, stuck in the cold NYC","['acrossthemoat', 'kidding', 'look', 'incredible', 'Lay', 'swim', 'lot', 'stuck', 'cold', 'NYC']"
11753,1963342994,love,if i had one wish it would be for my friend J to not have to work,"['one', 'wish', 'would', 'friend', 'J', 'work']"
11791,1963351312,love,saying goodbye to my parents at the airport.  it was great having them around.,"['saying', 'goodbye', 'parent', 'airport', 'great', 'around']"
11794,1963351744,love,Can't sleep rite now because of havin' so much tea!!! 2nite I've just failed the test of my Lpi course   Next week i'll make it better!,"['Ca', ""n't"", 'sleep', 'rite', 'havin', 'much', 'tea', '2nite', ""'ve"", 'failed', 'test', 'Lpi', 'course', 'Next', 'week', ""'ll"", 'make', 'better']"
11814,1963364664,love,"the scrubs finale was beautiful, just so so perfect. can't believe they're gonna do another season","['scrub', 'finale', 'beautiful', 'perfect', 'ca', ""n't"", 'believe', ""'re"", 'gon', 'na', 'another', 'season']"
11821,1963367575,love,turning in.  it's been a loooong day.  just got my new US edition Esquire so going to fantasize that I could one day look like Megan Fox.,"['turning', ""'s"", 'loooong', 'day', 'got', 'new', 'US', 'edition', 'Esquire', 'going', 'fantasize', 'could', 'one', 'day', 'look', 'like', 'Megan', 'Fox']"
11836,1963370225,love,@arian_marie hey girl i'm sorry about your loss. best wishes,"['arian_marie', 'hey', 'girl', ""'m"", 'sorry', 'loss', 'best', 'wish']"
11837,1963370346,love,I'm loving the humidity right now...great for the skin....another love that won't last,"[""'m"", 'loving', 'humidity', 'right', '...', 'great', 'skin', '....', 'another', 'love', 'wo', ""n't"", 'last']"
11841,1963370937,love,@lilmickee what dey do homie? I wish it would stop raining already!! Plus my vacay is almost over,"['lilmickee', 'dey', 'homie', 'wish', 'would', 'stop', 'raining', 'already', 'Plus', 'vacay', 'almost']"
11862,1963373392,love,britains got talent lets gooooooooo...and paige sorry k  haa xxxxx,"['britain', 'got', 'talent', 'let', 'gooooooooo', '...', 'paige', 'sorry', 'k', 'haa', 'xxxxx']"
11865,1963374129,love,@hollie__ Thanks. It's SO annoying!,"['hollie__', 'Thanks', ""'s"", 'annoying']"
11883,1963384069,love,I Wanna be @ JET in the Mirage...     Couldn't get to Hawaii either   *****Someday***** Much Love To THE_WOCKEEZ and SuperCr3w,"['Wan', 'na', 'JET', 'Mirage', '...', 'Could', ""n't"", 'get', 'Hawaii', 'either', 'Someday', 'Much', 'Love', 'THE_WOCKEEZ', 'SuperCr3w']"
11923,1963393882,love,not going out with them! there is another guy i like and hopefully ill see fatty when i'm in cali in 8 days. if hes not upset with me.,"['going', 'another', 'guy', 'like', 'hopefully', 'ill', 'see', 'fatty', ""'m"", 'cali', 'day', 'he', 'upset']"
11942,1963397841,love,@crystalchappell Jealous.. stuck here with Ohio sun  Safe travels...,"['crystalchappell', 'Jealous', '..', 'stuck', 'Ohio', 'sun', 'Safe', 'travel', '...']"
11944,1963398634,love,Re-pinging @NUNU_B: Is it pathetic that I .... Or am I just pathetic ?   naw you a cutie,"['Re-pinging', 'NUNU_B', 'pathetic', '....', 'pathetic', 'naw', 'cutie']"
11964,1963410418,love,got an email from my auntie bout fathers day... mothers day w/seven moms but fathers day will consist of 2 dads    #realitycheck,"['got', 'email', 'auntie', 'bout', 'father', 'day', '...', 'mother', 'day', 'w/seven', 'mom', 'father', 'day', 'consist', 'dad', 'realitycheck']"
11973,1963411670,love,NOOOOOOOOOOOOO! Amanda's cut her hair!  I LOVED her hair !,"['NOOOOOOOOOOOOO', 'Amanda', ""'s"", 'cut', 'hair', 'LOVED', 'hair']"
12003,1963418397,love,"Had a nice visit last night from a boy with voracious stubble, does anyone know what to do about a raw chin? haha","['nice', 'visit', 'last', 'night', 'boy', 'voracious', 'stubble', 'anyone', 'know', 'raw', 'chin', 'haha']"
12053,1963428009,love,@KTVL I gave up following @KimSherrell - She seems really nice but clutters the hell out of my feed.  It got annoying.,"['KTVL', 'gave', 'following', 'KimSherrell', 'seems', 'really', 'nice', 'clutter', 'hell', 'feed', 'got', 'annoying']"
12066,1963454786,love,@richardepryor You missed me!  lol,"['richardepryor', 'missed', 'lol']"
12071,1963455206,love,"@rockinbobyn That movie looks VERY cute, and funny. I never get to go to the movies.","['rockinbobyn', 'movie', 'look', 'cute', 'funny', 'never', 'get', 'go', 'movie']"
12076,1963458810,love,@mileycyrus http://twitpic.com/5ut6j - aww  he must be an amazing brother!,"['mileycyrus', 'http', '//twitpic.com/5ut6j', 'aww', 'must', 'amazing', 'brother']"
12123,1963475138,love,@OfficialMelB Happy Birthday Mel. We miss you in the UK,"['OfficialMelB', 'Happy', 'Birthday', 'Mel', 'miss', 'UK']"
12170,1963485810,love,"Graduation tonight  I'm gonna miss my boys...Mikey, Dustin, Miles, Charlie, Travy, Nicky, John, Jake, all my boys...I love you guys","['Graduation', 'tonight', ""'m"", 'gon', 'na', 'miss', 'boy', '...', 'Mikey', 'Dustin', 'Miles', 'Charlie', 'Travy', 'Nicky', 'John', 'Jake', 'boy', '...', 'love', 'guy']"
12172,1963486037,love,Ahh... I love Chinese music. Haha.  Not gonna see my luff til Thursday...,"['Ahh', '...', 'love', 'Chinese', 'music', 'Haha', 'gon', 'na', 'see', 'luff', 'til', 'Thursday', '...']"
12189,1963497493,love,grrh  wii remote dead.. no multiplayer here tonight,"['grrh', 'wii', 'remote', 'dead', '..', 'multiplayer', 'tonight']"
12206,1963499784,love,gosh today sucks! i didnt get my tax returns! im so upset cuz now i have to miss my best friends wedding in washington...lame,"['gosh', 'today', 'suck', 'didnt', 'get', 'tax', 'return', 'im', 'upset', 'cuz', 'miss', 'best', 'friend', 'wedding', 'washington', '...', 'lame']"
12284,1963523786,love,"90 degrees, gross skies, and thunderstorms...perfect match for my mood  lol","['90', 'degree', 'gross', 'sky', 'thunderstorm', '...', 'perfect', 'match', 'mood', 'lol']"
12287,1963524259,love,Can't wait for this weekend...I need a break,"['Ca', ""n't"", 'wait', 'weekend', '...', 'need', 'break']"
12294,1963525601,love,@emzyjonas im probs gonna have to wait until it comes out on dvd  x,"['emzyjonas', 'im', 'probs', 'gon', 'na', 'wait', 'come', 'dvd', 'x']"
12344,1963545614,love,"@charmmydoll I will take pics soon :] Also, I would hang out with you everyday if we lived near each other","['charmmydoll', 'take', 'pic', 'soon', 'Also', 'would', 'hang', 'everyday', 'lived', 'near']"
12350,1963547396,love,Mmm someone come havelunch with me,"['Mmm', 'someone', 'come', 'havelunch']"
12393,1963564091,love,"@love_Jamie How are ya, honey? What happend to @LarissaBootz account  ?","['love_Jamie', 'ya', 'honey', 'happend', 'LarissaBootz', 'account']"
12415,1963569083,love,i'm listening butterfly fly away  daddy i lov u mamma i lov ya,"[""'m"", 'listening', 'butterfly', 'fly', 'away', 'daddy', 'lov', 'u', 'mamma', 'lov', 'ya']"
12424,1963569951,love,"@crpitt    I am sending healthy, healing thoughts in the mumborg's direction.","['crpitt', 'sending', 'healthy', 'healing', 'thought', 'mumborg', ""'s"", 'direction']"
12434,1963571576,love,@anrserge addict? Me? Okay I admit I need help  BUT... I have been writing hits big bro. I really really have *smile*,"['anrserge', 'addict', 'Okay', 'admit', 'need', 'help', '...', 'writing', 'hit', 'big', 'bro', 'really', 'really', 'smile']"
12459,1963579719,love,"@electra Wow Christa, that's incredibly sweeeet! Me want one 2  !!!  If you get a sec, check out my app for merch asst ... I RULE!  LOL!!!","['electra', 'Wow', 'Christa', ""'s"", 'incredibly', 'sweeeet', 'want', 'one', 'get', 'sec', 'check', 'app', 'merch', 'asst', '...', 'RULE', 'LOL']"
12498,1963588292,love,"met a cute girl at mighty taco.I'm ordering(no cheese, no sour cream, etc)&amp; she's like&quot;it's ok, I'm Vegan too!&quot;(insert hot wink)too young","['met', 'cute', 'girl', 'mighty', 'taco.I', ""'m"", 'ordering', 'cheese', 'sour', 'cream', 'etc', 'amp', ""'s"", 'like', 'quot', ""'s"", 'ok', ""'m"", 'Vegan', 'quot', 'insert', 'hot', 'wink', 'young']"
12536,1963598578,love,@scotlanded It is! Wish there was one in our area.,"['scotlanded', 'Wish', 'one', 'area']"
12563,1963604429,love,@BugJemm  not for too long I hope x,"['BugJemm', 'long', 'hope', 'x']"
12602,1963641229,love,Wow one of the nicest patients I've ever had! He's being deplyod to falouga-Iraq n-week,"['Wow', 'one', 'nicest', 'patient', ""'ve"", 'ever', ""'s"", 'deplyod', 'falouga-Iraq', 'n-week']"
12606,1963641445,love,@petsaretalking this kitteh likes going in front... or behind... or to the side...of the box.,"['petsaretalking', 'kitteh', 'like', 'going', 'front', '...', 'behind', '...', 'side', '...', 'box']"
12634,1963647537,love,awww holly  shes so cute! i hope they let her sing again!,"['awww', 'holly', 'shes', 'cute', 'hope', 'let', 'sing']"
12641,1963648265,love,"dad wants the computer, so I'd best be off  taking my lapity-topity to a mac specialist tomorrow, hopefully they make teh owwie go awayz","['dad', 'want', 'computer', ""'d"", 'best', 'taking', 'lapity-topity', 'mac', 'specialist', 'tomorrow', 'hopefully', 'make', 'teh', 'owwie', 'go', 'awayz']"
12654,1963649741,love,awwww!  i love simon being bossy &quot;we'll find the time somewhere&quot;,"['awwww', 'love', 'simon', 'bossy', 'quot', ""'ll"", 'find', 'time', 'somewhere', 'quot']"
12673,1963651886,love,@mitchelmusso not good you're not comin close to where i love on tour,"['mitchelmusso', 'good', ""'re"", 'comin', 'close', 'love', 'tour']"
12689,1963701380,love,@gfalcone601 bless her lil socks... think they need to rethink the age thing me,"['gfalcone601', 'bless', 'lil', 'sock', '...', 'think', 'need', 'rethink', 'age', 'thing']"
12738,1963708698,love,@clairemcs i dunno if he saw it  happy birthday girl!,"['clairemcs', 'dunno', 'saw', 'happy', 'birthday', 'girl']"
12749,1963711097,love,http://bit.ly/dIQF3 I hope some day my mom will get this message!,"['http', '//bit.ly/dIQF3', 'hope', 'day', 'mom', 'get', 'message']"
12813,1963731537,love,I really like Lady GaGa's &quot;Paparazzi&quot;...  #whatshappening,"['really', 'like', 'Lady', 'GaGa', ""'s"", 'quot', 'Paparazzi', 'quot', '...', 'whatshappening']"
12815,1963731931,love,sizzling outside. Work inside = double,"['sizzling', 'outside', 'Work', 'inside', 'double']"
12833,1963734385,love,aww bless her  give her a chance ..,"['aww', 'bless', 'give', 'chance', '..']"
12854,1963745924,love,"@IainLiddle When balancing a chair on my chin in the sixth form common room got nothing but sneers, I hung those balls up for good","['IainLiddle', 'balancing', 'chair', 'chin', 'sixth', 'form', 'common', 'room', 'got', 'nothing', 'sneer', 'hung', 'ball', 'good']"
12859,1963746728,love,Awwww holly!  x,"['Awwww', 'holly', 'x']"
12860,1963746776,love,@djirie  that would mean me babe! but Fcuk it my name @rozoonthego is SUPER FREAKIN COOL! I give myself a pass! HA!,"['djirie', 'would', 'mean', 'babe', 'Fcuk', 'name', 'rozoonthego', 'SUPER', 'FREAKIN', 'COOL', 'give', 'pas', 'HA']"
12868,1963747892,love,@MadisonApril lol haha fresh to death lol ha ha I love and miss u 2 id almost given ï¿½ on u cuz u nvr respond 2me  but u did today! Luv u2,"['MadisonApril', 'lol', 'haha', 'fresh', 'death', 'lol', 'ha', 'ha', 'love', 'miss', 'u', 'id', 'almost', 'given', 'ï¿½', 'u', 'cuz', 'u', 'nvr', 'respond', '2me', 'u', 'today', 'Luv', 'u2']"
12877,1963749910,love,@TJSilver Yeah it sucks i tried to ask a Q 2. But they never answered.  But i loved it when joe hugged nick.,"['TJSilver', 'Yeah', 'suck', 'tried', 'ask', 'Q', 'never', 'answered', 'loved', 'joe', 'hugged', 'nick']"
12887,1963750900,love,"hey @mitchelmusso please reply me, i can't call you im from Mexico and i don't know the code  love you","['hey', 'mitchelmusso', 'please', 'reply', 'ca', ""n't"", 'call', 'im', 'Mexico', ""n't"", 'know', 'code', 'love']"
12891,1963752474,love,Aww I got to see my 1st grade teacher's last day before she retired,"['Aww', 'got', 'see', '1st', 'grade', 'teacher', ""'s"", 'last', 'day', 'retired']"
12919,1963785901,love,@ByrnesBabe_09  ii No!  GRR   oooh Aiden Lol   x,"['ByrnesBabe_09', 'ii', 'GRR', 'oooh', 'Aiden', 'Lol', 'x']"
12974,1963809672,love,"@jennifalconer WOW never seen him before , he's bloody awesome , I think bcoz George won last year however could be bad for him  x","['jennifalconer', 'WOW', 'never', 'seen', ""'s"", 'bloody', 'awesome', 'think', 'bcoz', 'George', 'last', 'year', 'however', 'could', 'bad', 'x']"
13027,1963821256,love,"@annavzang but if you got hit by a car, who would make such lovely music?","['annavzang', 'got', 'hit', 'car', 'would', 'make', 'lovely', 'music']"
14,1956970860,surprise,Got the news,"['Got', 'news']"
164,1957005410,surprise,"2 days of this month left, and I only have 400MB left on my onpeak downloads.","['day', 'month', 'left', '400MB', 'left', 'onpeak', 'downloads']"
189,1957008434,surprise,@Bern_morley where are you? In Bris? I can't hear any thunder,"['Bern_morley', 'Bris', 'ca', ""n't"", 'hear', 'thunder']"
190,1957008478,surprise,"bec vs fat food   --- winner = fat food  but not this weeknend, ill beat it!","['bec', 'v', 'fat', 'food', '--', 'winner', 'fat', 'food', 'weeknend', 'ill', 'beat']"
192,1957008766,surprise,I had a dream about a pretty pretty beach and there was no beach when I woke up,"['dream', 'pretty', 'pretty', 'beach', 'beach', 'woke']"
194,1957008987,surprise,when da heck will the garage man get here I ask you.. WHEN..,"['da', 'heck', 'garage', 'man', 'get', 'ask', '..', '..']"
223,1957016086,surprise,Why am I completing facebook quizzes at this time of the morning... especially a friday morning,"['completing', 'facebook', 'quiz', 'time', 'morning', '...', 'especially', 'friday', 'morning']"
255,1957021321,surprise,"@Gurlstrange EpiCentre Wheelock Place, 250 units &amp; for tourists only. Starting today","['Gurlstrange', 'EpiCentre', 'Wheelock', 'Place', '250', 'unit', 'amp', 'tourist', 'Starting', 'today']"
259,1957022799,surprise,@FoxxFiles aw u can't let me in on the secret!,"['FoxxFiles', 'aw', 'u', 'ca', ""n't"", 'let', 'secret']"
260,1957023061,surprise,"@freshypanda Im sorry  I don't think I stick out, at least compared to what I used to look like.","['freshypanda', 'Im', 'sorry', ""n't"", 'think', 'stick', 'least', 'compared', 'used', 'look', 'like']"
273,1957028656,surprise,is thinking so much and i'm at work,"['thinking', 'much', ""'m"", 'work']"
277,1957029634,surprise,my gap year is going so quick,"['gap', 'year', 'going', 'quick']"
289,1957032114,surprise,@qi_tah oh no.  *hugs*,"['qi_tah', 'oh', 'hug']"
379,1957053338,surprise,@justintevya - dude i just saw your SF pics. looks like your mini excursion was pretty kick ass! didn't see any sun while i was there tho,"['justintevya', 'dude', 'saw', 'SF', 'pic', 'look', 'like', 'mini', 'excursion', 'pretty', 'kick', 'as', ""n't"", 'see', 'sun', 'tho']"
392,1957058130,surprise,@heavenjones ur supposed to be in BK tho,"['heavenjones', 'ur', 'supposed', 'BK', 'tho']"
394,1957058436,surprise,Oh no!  Nighty night.,"['Oh', 'Nighty', 'night']"
430,1957070273,surprise,@MandyAlwaysKnws nope.  they are all sleeping cuz they live on the east coast.,"['MandyAlwaysKnws', 'nope', 'sleeping', 'cuz', 'live', 'east', 'coast']"
447,1957074101,surprise,omg i didnt tweet all that much today.... *sadness*,"['omg', 'didnt', 'tweet', 'much', 'today', '....', 'sadness']"
456,1957075370,surprise,@CrazyBallerina Not really sleepy ...bored is the right word ... again not much work,"['CrazyBallerina', 'really', 'sleepy', '...', 'bored', 'right', 'word', '...', 'much', 'work']"
497,1957084165,surprise,@ModelTheany  tee we beefin....what was u supposed to do before leavin????,"['ModelTheany', 'tee', 'beefin', '....', 'u', 'supposed', 'leavin']"
531,1957090493,surprise,Got home from work @ 9:45 and JUST finished cleaning. Now I need to eat dinner and don't know what I want!!  Ugh...oh well. Might not eat.,"['Got', 'home', 'work', '9:45', 'finished', 'cleaning', 'need', 'eat', 'dinner', ""n't"", 'know', 'want', 'Ugh', '...', 'oh', 'well', 'Might', 'eat']"
542,1957092921,surprise,Extremly deep,"['Extremly', 'deep']"
554,1957095452,surprise,@fiercebanana there's relisting fees when you don't complete a sale?  that sucks!,"['fiercebanana', ""'s"", 'relisting', 'fee', ""n't"", 'complete', 'sale', 'suck']"
560,1957097329,surprise,@astynes Me too.  Wonder if Mnet will show it...,"['astynes', 'Wonder', 'Mnet', 'show', '...']"
592,1957104795,surprise,I cant use my blackberry today. This sucks.,"['cant', 'use', 'blackberry', 'today', 'suck']"
605,1957107599,surprise,lol i cant drink!!,"['lol', 'cant', 'drink']"
606,1957107658,surprise,"if bill compton has wii, why can't he have twitter?","['bill', 'compton', 'wii', 'ca', ""n't"", 'twitter']"
646,1957116742,surprise,@MyCakesRock  AAAAAAHHHHHHHH !!!!!  SOOOOOOOO SWEEEEEEET !!!!!!  I miss that age ..... SOOOO MUCH !,"['MyCakesRock', 'AAAAAAHHHHHHHH', 'SOOOOOOOO', 'SWEEEEEEET', 'miss', 'age', '.....', 'SOOOO', 'MUCH']"
647,1957116748,surprise,Just saw a fox!  as i was getting on the freeway... I hope it goes home,"['saw', 'fox', 'getting', 'freeway', '...', 'hope', 'go', 'home']"
649,1957117050,surprise,recapping on britains got talent. britain seems more talented than america,"['recapping', 'britain', 'got', 'talent', 'britain', 'seems', 'talented', 'america']"
673,1957122354,surprise,FINALLY...the internet is up. The server is down in Phoenix and it was fucked up.,"['FINALLY', '...', 'internet', 'server', 'Phoenix', 'fucked']"
701,1957128989,surprise,Math quiz: If Meow =  but Allergies =   then Meow + Allergies = ?,"['Math', 'quiz', 'Meow', 'Allergies', 'Meow', 'Allergies']"
718,1957132647,surprise,"@pastorpeterko Hey Peter, thanks for the follow. So many Sydney pastors tweet!!! Shame no Bris pastors are on Twitter; we're behind.","['pastorpeterko', 'Hey', 'Peter', 'thanks', 'follow', 'many', 'Sydney', 'pastor', 'tweet', 'Shame', 'Bris', 'pastor', 'Twitter', ""'re"", 'behind']"
721,1957133192,surprise,"aku kbangun gara2 mimpi @manyolitha, very bad dream","['aku', 'kbangun', 'gara2', 'mimpi', 'manyolitha', 'bad', 'dream']"
796,1957147848,surprise,So wish the Carlton game was on live  stupid channel 7 lol.,"['wish', 'Carlton', 'game', 'live', 'stupid', 'channel', 'lol']"
843,1957157433,surprise,Wow. That hurt way worse than i thought it would.,"['Wow', 'hurt', 'way', 'worse', 'thought', 'would']"
868,1957162894,surprise,No churchill downs for me tomorrow,"['churchill', 'down', 'tomorrow']"
872,1957163172,surprise,Bahh the police ended the party @ 5!!  Just when i was starting....,"['Bahh', 'police', 'ended', 'party', 'starting', '....']"
875,1957164444,surprise,@Jordalynn omg you've never seen 'the Ring' its a creppy ass movie,"['Jordalynn', 'omg', ""'ve"", 'never', 'seen', ""'the"", 'Ring', 'creppy', 'as', 'movie']"
876,1957164542,surprise,mannnn..... @alllyy_ got an iphone!!! im jealous....,"['mannnn', '.....', 'alllyy_', 'got', 'iphone', 'im', 'jealous', '....']"
883,1957166454,surprise,Josh just called me a big bucket of ugly  wish me luck for my audition tweets!,"['Josh', 'called', 'big', 'bucket', 'ugly', 'wish', 'luck', 'audition', 'tweet']"
885,1957166935,surprise,@future_perfect I'm trying to self learn photoshop but it's not going so well!,"['future_perfect', ""'m"", 'trying', 'self', 'learn', 'photoshop', ""'s"", 'going', 'well']"
896,1957169086,surprise,"@desdoulas Ya, the weather has been super weird here. It looked like it was gonna rain today but of course it didn't, darnitt,","['desdoulas', 'Ya', 'weather', 'super', 'weird', 'looked', 'like', 'gon', 'na', 'rain', 'today', 'course', ""n't"", 'darnitt']"
910,1957172370,surprise,FUCK wasting deodorant... i aint goin no where... i aint havin company  let me funk it to ya!,"['FUCK', 'wasting', 'deodorant', '...', 'aint', 'goin', '...', 'aint', 'havin', 'company', 'let', 'funk', 'ya']"
919,1957174335,surprise,OUCH! my earphones just shocked me,"['OUCH', 'earphone', 'shocked']"
971,1957188904,surprise,Bah I don't think @bing's FB fan page will get to 7500,"['Bah', ""n't"", 'think', 'bing', ""'s"", 'FB', 'fan', 'page', 'get', '7500']"
983,1957190983,surprise,"It's fucking cold here north now! It was like 77 DF yesterday where I was, here it's 37,4","[""'s"", 'fucking', 'cold', 'north', 'like', '77', 'DF', 'yesterday', ""'s"", '37,4']"
989,1957191924,surprise,Dogs eyes seem bad. Just forked out on new washing machine so why not a vets bill to top it off eh?!?!,"['Dogs', 'eye', 'seem', 'bad', 'forked', 'new', 'washing', 'machine', 'vet', 'bill', 'top', 'eh']"
1018,1957196203,surprise,"@movewithme lol ik they are, but i figure i've kept it for a year+ without needing virus software or to get it fixed  sigh","['movewithme', 'lol', 'ik', 'figure', ""'ve"", 'kept', 'year+', 'without', 'needing', 'virus', 'software', 'get', 'fixed', 'sigh']"
1034,1957199401,surprise,Where is my bestie when i need him @iAmcertiPHIed,"['bestie', 'need', 'iAmcertiPHIed']"
1059,1957206274,surprise,Summer Glau to appear in Dollhouse next year http://tinyurl.com/mnrezc... I still can't believe they won't renew TSCC,"['Summer', 'Glau', 'appear', 'Dollhouse', 'next', 'year', 'http', '//tinyurl.com/mnrezc', '...', 'still', 'ca', ""n't"", 'believe', 'wo', ""n't"", 'renew', 'TSCC']"
1080,1957210815,surprise,@FriendlyFetus cause they changed man....,"['FriendlyFetus', 'cause', 'changed', 'man', '....']"
1130,1957224476,surprise,"My Pandora is hitten hard, why can't real radio play great music like this","['Pandora', 'hitten', 'hard', 'ca', ""n't"", 'real', 'radio', 'play', 'great', 'music', 'like']"
1134,1957225620,surprise,Where are all you Motivated/Determined/wannabe sexy successful young professionals!??! I might really have to join a BNI if there is no1!,"['Motivated/Determined/wannabe', 'sexy', 'successful', 'young', 'professional', 'might', 'really', 'join', 'BNI', 'no1']"
1143,1957227657,surprise,@hudaaaa eeeeeeeeeeeeee i jealous sia i didnt get to seee,"['hudaaaa', 'eeeeeeeeeeeeee', 'jealous', 'sia', 'didnt', 'get', 'seee']"
1146,1957228023,surprise,arrrgh. i'm bored. so bored. there's nothing to do except slouch at the computer all day long.,"['arrrgh', ""'m"", 'bored', 'bored', ""'s"", 'nothing', 'except', 'slouch', 'computer', 'day', 'long']"
1155,1957229627,surprise,"@mandy2610 and @esko yea, just confirmed that this game indeed is already patched...  LOL guess you'll have to help me tomorrow ;)","['mandy2610', 'esko', 'yea', 'confirmed', 'game', 'indeed', 'already', 'patched', '...', 'LOL', 'guess', ""'ll"", 'help', 'tomorrow']"
1169,1957233257,surprise,Gonna go watch Shorty Street &amp; then prison break marathon then bed maybe. Nobodies texting me!,"['Gon', 'na', 'go', 'watch', 'Shorty', 'Street', 'amp', 'prison', 'break', 'marathon', 'bed', 'maybe', 'Nobodies', 'texting']"
1176,1957235177,surprise,"gonna dream about my prince charming tonight, n see if everything goes back to normal. I really hope so   &lt;3","['gon', 'na', 'dream', 'prince', 'charming', 'tonight', 'n', 'see', 'everything', 'go', 'back', 'normal', 'really', 'hope', 'lt']"
1178,1957236446,surprise,wow i have no friends on twitter,"['wow', 'friend', 'twitter']"
1213,1957243516,surprise,@Katarinea Oh wow  ouch...,"['Katarinea', 'Oh', 'wow', 'ouch', '...']"
1219,1957245122,surprise,@ruthchu wat the! you were in riverside??,"['ruthchu', 'wat', 'riverside']"
1256,1957255401,surprise,@sydthekid why are you sad?!,"['sydthekid', 'sad']"
1298,1957266491,surprise,@niccoqp I miss going to EK every summer &amp; christmas vaca  Take me there!,"['niccoqp', 'miss', 'going', 'EK', 'every', 'summer', 'amp', 'christmas', 'vaca', 'Take']"
1302,1957267963,surprise,they shot him  he was still alive too...,"['shot', 'still', 'alive', '...']"
1314,1957271702,surprise,@runhipporun just took the Terminator trilogy :-D but what I need is actually TV series and I still can't find anything tempting,"['runhipporun', 'took', 'Terminator', 'trilogy', '-D', 'need', 'actually', 'TV', 'series', 'still', 'ca', ""n't"", 'find', 'anything', 'tempting']"
1329,1957277190,surprise,"Oops, they don't open until 9am","['Oops', ""n't"", 'open', '9am']"
1346,1957282070,surprise,@valdivia1 what about me?,['valdivia1']
1381,1957290577,surprise,"NOOOOO! serena and darrian don't remember each other, and i've been waiting all day to see them confess their love","['NOOOOO', 'serena', 'darrian', ""n't"", 'remember', ""'ve"", 'waiting', 'day', 'see', 'confess', 'love']"
1386,1957291550,surprise,@bskeete87 THEN Y R U LEAVN???? STAY!?,"['bskeete87', 'R', 'U', 'LEAVN', 'STAY']"
1387,1957291614,surprise,"@destinyeyes i'm sorry! lol i have never had, like, actual time to spend there unfortunately. everything's always been INSANE when i go","['destinyeyes', ""'m"", 'sorry', 'lol', 'never', 'like', 'actual', 'time', 'spend', 'unfortunately', 'everything', ""'s"", 'always', 'INSANE', 'go']"
1393,1957293082,surprise,"@Potato_Chip That's right! I totally forgot. Might not be till August, though    Have a great summer!!","['Potato_Chip', ""'s"", 'right', 'totally', 'forgot', 'Might', 'till', 'August', 'though', 'great', 'summer']"
1416,1957299984,surprise,I was awake until 12:45am then my mum turned the internet off so i couldnt watch the @jonasbrothers live chat i was ccrying i was sad,"['awake', '12:45am', 'mum', 'turned', 'internet', 'couldnt', 'watch', 'jonasbrothers', 'live', 'chat', 'ccrying', 'sad']"
1426,1957301854,surprise,???-?? ? youtube ? ????,['youtube']
1433,1957303384,surprise,@mzstokes No twitpic?  lol,"['mzstokes', 'twitpic', 'lol']"
1435,1957303620,surprise,@DSTROYR @RockDaMullet awwww i have no internet right now....  -drummer boi,"['DSTROYR', 'RockDaMullet', 'awwww', 'internet', 'right', '....', '-drummer', 'boi']"
1467,1957313297,surprise,"Bing! no its not Chandler Bing, its the new Search engine from Microsoft http://tinyurl.com/mgcotd ..but why the name Bing","['Bing', 'Chandler', 'Bing', 'new', 'Search', 'engine', 'Microsoft', 'http', '//tinyurl.com/mgcotd', '..', 'name', 'Bing']"
1468,1957314023,surprise,aw got orthodontist today,"['aw', 'got', 'orthodontist', 'today']"
1505,1957322446,surprise,my cheeeks hurt so bad. what happened!?,"['cheeeks', 'hurt', 'bad', 'happened']"
1518,1957327322,surprise,@kim_flores aww i don't! i guess that's why it doesnt  (blackberrymessenger),"['kim_flores', 'aww', ""n't"", 'guess', ""'s"", 'doesnt', 'blackberrymessenger']"
1521,1957328299,surprise,looks like my ION-based mini-itx board won't ship until mid-June now at the earliest,"['look', 'like', 'ION-based', 'mini-itx', 'board', 'wo', ""n't"", 'ship', 'mid-June', 'earliest']"
1547,1957335510,surprise,Headache from last night has morphed in to a hangover  and now it's time to drive down the motorway... to Wolverhampton (WHY OH WHY?!),"['Headache', 'last', 'night', 'morphed', 'hangover', ""'s"", 'time', 'drive', 'motorway', '...', 'Wolverhampton', 'OH']"
1585,1957346454,surprise,Fun game of 'Candamir' with the kids last night. Can't believe it's now our last day,"['Fun', 'game', ""'Candamir"", 'kid', 'last', 'night', 'Ca', ""n't"", 'believe', ""'s"", 'last', 'day']"
1603,1957349765,surprise,Getting rather annoyed at my notebook. I know it's old and has got wrinkles but it's never been this slow before,"['Getting', 'rather', 'annoyed', 'notebook', 'know', ""'s"", 'old', 'got', 'wrinkle', ""'s"", 'never', 'slow']"
1606,1957351077,surprise,@_C_A_S_ IM MAD IT WASNT SCAREY,"['_C_A_S_', 'IM', 'MAD', 'WASNT', 'SCAREY']"
1610,1957351445,surprise,"@deezeen I know, pero available na yata eh. Sa Singapore, though!","['deezeen', 'know', 'pero', 'available', 'na', 'yata', 'eh', 'Sa', 'Singapore', 'though']"
1619,1957353800,surprise,feeling so dizzy right now,"['feeling', 'dizzy', 'right']"
1629,1957357268,surprise,@ZDAEfron and @hudgensness why are u two fighting.,"['ZDAEfron', 'hudgensness', 'u', 'two', 'fighting']"
1660,1957364890,surprise,"I thought that there was going to be another Def Jam Fighting game, but then it turned out to be crappy karaoke game. I miss the fighting","['thought', 'going', 'another', 'Def', 'Jam', 'Fighting', 'game', 'turned', 'crappy', 'karaoke', 'game', 'miss', 'fighting']"
1673,1957367214,surprise,@Maccah Red? wtf happened to dark blue + black stripes?,"['Maccah', 'Red', 'wtf', 'happened', 'dark', 'blue', 'black', 'stripe']"
1687,1957371550,surprise,my stupid msn wont sign in,"['stupid', 'msn', 'wont', 'sign']"
1689,1957372521,surprise,Ship. I'm stuck.,"['Ship', ""'m"", 'stuck']"
1704,1957376910,surprise,blast from the mofo'ing past. NTS why must you suck so badly at school?,"['blast', ""mofo'ing"", 'past', 'NTS', 'must', 'suck', 'badly', 'school']"
1723,1957382211,surprise,"wowza, only the second tweet of my entire trip and i leave in 3 days   but first - BLOW UP SF TOMORROW NIGHT!","['wowza', 'second', 'tweet', 'entire', 'trip', 'leave', 'day', 'first', 'BLOW', 'SF', 'TOMORROW', 'NIGHT']"
1726,1957383267,surprise,@serenetan Is it? Wah. Wasted trip!,"['serenetan', 'Wah', 'Wasted', 'trip']"
1732,1957384135,surprise,Lots of confusions I've at my work place..,"['Lots', 'confusion', ""'ve"", 'work', 'place', '..']"
1756,1957389904,surprise,"I'm a genius  put rug in washing machine, left folding door half open, machine moved now door won't close or open. shaking head.","[""'m"", 'genius', 'put', 'rug', 'washing', 'machine', 'left', 'folding', 'door', 'half', 'open', 'machine', 'moved', 'door', 'wo', ""n't"", 'close', 'open', 'shaking', 'head']"
1776,1957394632,surprise,@absolutelytrue  #nightshift I'm still working  luckily having fun with it. I can turn the music up when no one else is in the office. yay,"['absolutelytrue', 'nightshift', ""'m"", 'still', 'working', 'luckily', 'fun', 'turn', 'music', 'one', 'else', 'office', 'yay']"
1838,1957410345,surprise,"@Emsy Yeah, mine said &quot;That's a nice picture&quot; &amp; gave me the red x!  Hope you get it working soon!","['Emsy', 'Yeah', 'mine', 'said', 'quot', ""'s"", 'nice', 'picture', 'quot', 'amp', 'gave', 'red', 'x', 'Hope', 'get', 'working', 'soon']"
1843,1957411109,surprise,... A kidney stone. Really?? Ugh  http://tinyurl.com/qsw9vq,"['...', 'kidney', 'stone', 'Really', 'Ugh', 'http', '//tinyurl.com/qsw9vq']"
1850,1957412353,surprise,@jlynn242001 ur there when I'm not  lol,"['jlynn242001', 'ur', ""'m"", 'lol']"
1873,1957417241,surprise,"@AmandaSevasti Ugh, frustrating. I see a few briefs a week with groups in them, mostly from traditional agencies.","['AmandaSevasti', 'Ugh', 'frustrating', 'see', 'brief', 'week', 'group', 'mostly', 'traditional', 'agency']"
1877,1957420885,surprise,@BrandyWandLover Oh I see who u mean now-tht heltershelter person lol. yer looks scary,"['BrandyWandLover', 'Oh', 'see', 'u', 'mean', 'now-tht', 'heltershelter', 'person', 'lol', 'yer', 'look', 'scary']"
1892,1957424693,surprise,"WTF? Advertising gone mad, they want access to my  camera and microphone? What for? Amazon should really know better  http://bit.ly/5FoKQ","['WTF', 'Advertising', 'gone', 'mad', 'want', 'access', 'camera', 'microphone', 'Amazon', 'really', 'know', 'better', 'http', '//bit.ly/5FoKQ']"
1893,1957424709,surprise,i hate it when a website says the ticket prices are on another website and their not,"['hate', 'website', 'say', 'ticket', 'price', 'another', 'website']"
1894,1957424853,surprise,alice doesn't know what to wear to the cinema  &lt;3,"['alice', ""n't"", 'know', 'wear', 'cinema', 'lt']"
1899,1957426109,surprise,I don't think I am going to get to see any of the sun today  gutted I NEED COLOUR!,"[""n't"", 'think', 'going', 'get', 'see', 'sun', 'today', 'gutted', 'NEED', 'COLOUR']"
1903,1957426747,surprise,wow i must have been tired. i fell asleep @ exactly the start of the 10pm news &amp; now up as if its 8am.,"['wow', 'must', 'tired', 'fell', 'asleep', 'exactly', 'start', '10pm', 'news', 'amp', '8am']"
1922,1957430751,surprise,OMG My sister got my brother a &quot;Jonas Brother&quot; look-a-like trenchcoat and I'm like JONAS STYLE and they told me to shutup no1 likes them,"['OMG', 'sister', 'got', 'brother', 'quot', 'Jonas', 'Brother', 'quot', 'look-a-like', 'trenchcoat', ""'m"", 'like', 'JONAS', 'STYLE', 'told', 'shutup', 'no1', 'like']"
1952,1957439681,surprise,I'm going to bed ....it's weird the 1st time in a long time.. He didn't call and say goodnight  ... Ima lil curious,"[""'m"", 'going', 'bed', '....', ""'s"", 'weird', '1st', 'time', 'long', 'time', '..', ""n't"", 'call', 'say', 'goodnight', '...', 'Ima', 'lil', 'curious']"
1964,1957443166,surprise,http://twitpic.com/665to Less than 24 hours till the show! Oh and Lee broke his guitar at practice    http://twitpic.com/660vv,"['http', '//twitpic.com/665to', 'Less', '24', 'hour', 'till', 'show', 'Oh', 'Lee', 'broke', 'guitar', 'practice', 'http', '//twitpic.com/660vv']"
1980,1957445998,surprise,So it's Friday... I have to keep reminding myself since every day seems the same,"[""'s"", 'Friday', '...', 'keep', 'reminding', 'since', 'every', 'day', 'seems']"
1985,1957447080,surprise,i want to go to singapore but my mother seems not,"['want', 'go', 'singapore', 'mother', 'seems']"
2002,1957451307,surprise,Owww I'm aching alll over!!,"['Owww', ""'m"", 'aching', 'alll']"
2005,1957451999,surprise,yay it's friday... hold on I have to work tomorrow,"['yay', ""'s"", 'friday', '...', 'hold', 'work', 'tomorrow']"
2017,1957454181,surprise,umm...why will it not let me change my background?! im twitter-challenged.,"['umm', '...', 'let', 'change', 'background', 'im', 'twitter-challenged']"
2053,1957461171,surprise,@roninreckless dude you didn't even say bye,"['roninreckless', 'dude', ""n't"", 'even', 'say', 'bye']"
2058,1957462278,surprise,@paper_hand Oops! I completely forgot!,"['paper_hand', 'Oops', 'completely', 'forgot']"
2067,1957464145,surprise,@thatlass he was a very tallented man so its fitting wish I was closer to see it myself,"['thatlass', 'tallented', 'man', 'fitting', 'wish', 'closer', 'see']"
2093,1957469739,surprise,"Devastated,set alarm for 9.30,forgot to turn 7.30 alarm off got up at 7.30 and showered thinking it was 9.30,I am a full fool","['Devastated', 'set', 'alarm', '9.30', 'forgot', 'turn', '7.30', 'alarm', 'got', '7.30', 'showered', 'thinking', '9.30', 'full', 'fool']"
2142,1957479921,surprise,falling asleep and waking to gun shots arent fun,"['falling', 'asleep', 'waking', 'gun', 'shot', 'arent', 'fun']"
2201,1957492389,surprise,Back at work.....too much email in my inbox....,"['Back', 'work', '.....', 'much', 'email', 'inbox', '....']"
2222,1957497862,surprise,oh men..not in the mood  I'll go home tomorrow..wanna be w/ my family..its my birthday,"['oh', 'men', '..', 'mood', ""'ll"", 'go', 'home', 'tomorrow', '..', 'wan', 'na', 'w/', 'family', '..', 'birthday']"
2227,1957499078,surprise,@TylerHarrell do you really smoke???,"['TylerHarrell', 'really', 'smoke']"
2240,1957501955,surprise,"Ok, ahhh! Last chance to go into school before chemistry exam!!","['Ok', 'ahhh', 'Last', 'chance', 'go', 'school', 'chemistry', 'exam']"
2248,1957503142,surprise,Sooo tired i cant believe its already dark outside i didnt even get to see the day,"['Sooo', 'tired', 'cant', 'believe', 'already', 'dark', 'outside', 'didnt', 'even', 'get', 'see', 'day']"
2261,1957505194,surprise,@dougiemcfly Aint the UK fans your fav people!?,"['dougiemcfly', 'Aint', 'UK', 'fan', 'fav', 'people']"
2283,1957510247,surprise,Is up and I can't go to sleep!,"['ca', ""n't"", 'go', 'sleep']"
2302,1957514633,surprise,@bbyowls i cant afford it  go to school here ? !!,"['bbyowls', 'cant', 'afford', 'go', 'school']"
2337,1957521826,surprise,"@FannyAddams Aw you named your car, that's very sweet. I'm sorry to hear that Petey has to go, I hope you find a really posh rollerskate.","['FannyAddams', 'Aw', 'named', 'car', ""'s"", 'sweet', ""'m"", 'sorry', 'hear', 'Petey', 'go', 'hope', 'find', 'really', 'posh', 'rollerskate']"
2361,1957528037,surprise,Oh my gosh! My hair is so short! I miss my long hair!,"['Oh', 'gosh', 'hair', 'short', 'miss', 'long', 'hair']"
2389,1957533499,surprise,I almost say &quot;bless you&quot; to a sneezing cat,"['almost', 'say', 'quot', 'bless', 'quot', 'sneezing', 'cat']"
2418,1957538998,surprise,#3breakupwords you have changed,"['3breakupwords', 'changed']"
2426,1957541294,surprise,"@beautifulpyre GRR. we are only allowed gas grills where i live, it sucks.","['beautifulpyre', 'GRR', 'allowed', 'gas', 'grill', 'live', 'suck']"
2437,1957543560,surprise,what's wrong with people? Second break-in at Wallmans tonight,"[""'s"", 'wrong', 'people', 'Second', 'break-in', 'Wallmans', 'tonight']"
2443,1957545936,surprise,@Phoebo oh poor you  atleast get paid for staying back or?,"['Phoebo', 'oh', 'poor', 'atleast', 'get', 'paid', 'staying', 'back']"
2445,1957546032,surprise,"@TerrenceJ106 Here! Got a 2JOBs &amp;a degree, but my damn car DIED so @lamborghinibow just made me feel shitty bout not havin a car!","['TerrenceJ106', 'Got', '2JOBs', 'amp', 'degree', 'damn', 'car', 'DIED', 'lamborghinibow', 'made', 'feel', 'shitty', 'bout', 'havin', 'car']"
2466,1957551636,surprise,@Scrambledmegs haha i love surprises! i don't work til sunday tho so i have to wait.,"['Scrambledmegs', 'haha', 'love', 'surprise', ""n't"", 'work', 'til', 'sunday', 'tho', 'wait']"
2479,1957553875,surprise,@wilw wtf pogs are back too?,"['wilw', 'wtf', 'pogs', 'back']"
2508,1957560911,surprise,"@ELJmcfly I don't think any of what i just said it true, i just had a rant about mcfly, i cant belive i did that  i feel ashamed","['ELJmcfly', ""n't"", 'think', 'said', 'true', 'rant', 'mcfly', 'cant', 'belive', 'feel', 'ashamed']"
2510,1957561232,surprise,yea dude... 5'8&quot;! really!?,"['yea', 'dude', '...', 'quot', 'really']"
2540,1957566708,surprise,@iSpyLevis nooooooooo i just got into my pyjamas!,"['iSpyLevis', 'nooooooooo', 'got', 'pyjama']"
2541,1957566751,surprise,"@liedra Bubble tea is awesome, it's been so long since I've had some","['liedra', 'Bubble', 'tea', 'awesome', ""'s"", 'long', 'since', ""'ve""]"
2570,1957574479,surprise,what a lovely summery morning! Shame I have to be in work!!!!,"['lovely', 'summery', 'morning', 'Shame', 'work']"
2585,1957578856,surprise,@halina1979 what sun?,"['halina1979', 'sun']"
2603,1957583820,surprise,can't believe he has to wait till October to see &quot;Up!&quot; when Americans get to see it this weekend.,"['ca', ""n't"", 'believe', 'wait', 'till', 'October', 'see', 'quot', 'quot', 'Americans', 'get', 'see', 'weekend']"
2606,1957584375,surprise,@sebchew YoYo door nazis refused me entry on account of no ID  gutted! Heard it was a good night tho.. Next time I'll come prepared!,"['sebchew', 'YoYo', 'door', 'nazi', 'refused', 'entry', 'account', 'ID', 'gutted', 'Heard', 'good', 'night', 'tho', '..', 'Next', 'time', ""'ll"", 'come', 'prepared']"
2613,1957586187,surprise,"Wow one year today Luc Bourdon was killed, doesn't seem that long ago","['Wow', 'one', 'year', 'today', 'Luc', 'Bourdon', 'killed', ""n't"", 'seem', 'long', 'ago']"
2621,1957587933,surprise,@swpave ?????????????,['swpave']
2650,1957594049,surprise,i thought it was already winter. turns out winter has even started,"['thought', 'already', 'winter', 'turn', 'winter', 'even', 'started']"
2684,1957602666,surprise,Not ah huge fan of getting up in the middle of the night to change peed sheets and underpants.,"['ah', 'huge', 'fan', 'getting', 'middle', 'night', 'change', 'peed', 'sheet', 'underpants']"
2735,1957616075,surprise,huh? its 1 am already? shucks,"['huh', 'already', 'shuck']"
2756,1957619821,surprise,Arghhh...my korean dvd can't see..I need to laugh..,"['Arghhh', '...', 'korean', 'dvd', 'ca', ""n't"", 'see', '..', 'need', 'laugh', '..']"
2764,1957621719,surprise,@amberndragt  There isn't any right now. They need to make more. Sorry.,"['amberndragt', ""n't"", 'right', 'need', 'make', 'Sorry']"
2809,1957632870,surprise,Is too much of a bro,"['much', 'bro']"
2812,1957633056,surprise,@davidmarkscott another letter for you - this one car insurance - ouch,"['davidmarkscott', 'another', 'letter', 'one', 'car', 'insurance', 'ouch']"
2844,1957638599,surprise,I can't believe how fast this week has gone by,"['ca', ""n't"", 'believe', 'fast', 'week', 'gone']"
2869,1957642332,surprise,@jesssicababesss really? cuz KC.com said it was releasd 24/4 here n the main station doesn't even hav it,"['jesssicababesss', 'really', 'cuz', 'KC.com', 'said', 'releasd', '24/4', 'n', 'main', 'station', ""n't"", 'even', 'hav']"
2893,1957648828,surprise,@oOogabriela wat u doin my bad im mixin this song,"['oOogabriela', 'wat', 'u', 'doin', 'bad', 'im', 'mixin', 'song']"
2906,1957652644,surprise,"@atlprincess 'erocka the ruler' i called you, but i see i gets the no love   whats up with that?","['atlprincess', ""'erocka"", 'ruler', 'called', 'see', 'get', 'love', 'whats']"
2912,1957653814,surprise,@ncremins Wednesday? you are joking me? that soon???  when's the partaaaaaaay?,"['ncremins', 'Wednesday', 'joking', 'soon', ""'s"", 'partaaaaaaay']"
2945,1957660915,surprise,@MAVinBKK it feels like ages away! More than 5 months,"['MAVinBKK', 'feel', 'like', 'age', 'away', 'month']"
2968,1957666234,surprise,sleeping... would've been home sooner but we accidentally killed bambi on the way home,"['sleeping', '...', 'would', ""'ve"", 'home', 'sooner', 'accidentally', 'killed', 'bambi', 'way', 'home']"
2970,1957666939,surprise,Woke up and there was sun! And then it started to rain,"['Woke', 'sun', 'started', 'rain']"
2980,1957669715,surprise,"Uuu, am din nou PR 4. Yeey, my epenis is now bigger! ... ... ...","['Uuu', 'din', 'nou', 'PR', 'Yeey', 'epenis', 'bigger', '...', '...', '...']"
2991,1957672698,surprise,"@k_tron oh god, whose tire?","['k_tron', 'oh', 'god', 'whose', 'tire']"
3002,1957674594,surprise,has just booked her appointment to give blood 18:20pm 2nd June! Scared,"['booked', 'appointment', 'give', 'blood', '18:20pm', '2nd', 'June', 'Scared']"
3015,1957677153,surprise,"getting dressed to go to Granny's,another day of now twitting","['getting', 'dressed', 'go', 'Granny', ""'s"", 'another', 'day', 'twitting']"
3026,1957679052,surprise,just reached for her plate to get another bit of toast and realised id eaten it all  not a nice feeling,"['reached', 'plate', 'get', 'another', 'bit', 'toast', 'realised', 'id', 'eaten', 'nice', 'feeling']"
3033,1957681147,surprise,geez why do u have to be SO obvious?,"['geez', 'u', 'obvious']"
3034,1957681220,surprise,i messed up my back/hip. it hurts so bad,"['messed', 'back/hip', 'hurt', 'bad']"
3036,1957681370,surprise,@jolynnchew so early??,"['jolynnchew', 'early']"
3040,1957682388,surprise,@vmysterrr are you serious!? that bloooooows,"['vmysterrr', 'serious', 'bloooooows']"
3044,1957685654,surprise,Going to bed...going back to Korea tomorrow,"['Going', 'bed', '...', 'going', 'back', 'Korea', 'tomorrow']"
3073,1957693735,surprise,@LivLaughLove7 u didn't hit me up,"['LivLaughLove7', 'u', ""n't"", 'hit']"
3076,1957694469,surprise,@helga_hansen Darn - I just realised &quot;pull the other one&quot; would have been a *far* better response to your name suggestion,"['helga_hansen', 'Darn', 'realised', 'quot', 'pull', 'one', 'quot', 'would', 'far', 'better', 'response', 'name', 'suggestion']"
3082,1957696425,surprise,still can't believe all of the gig posters in the Little Civic have been taken down!?,"['still', 'ca', ""n't"", 'believe', 'gig', 'poster', 'Little', 'Civic', 'taken']"
3088,1957697894,surprise,@stvwrnr i can't believe it...,"['stvwrnr', 'ca', ""n't"", 'believe', '...']"
3095,1957699183,surprise,Rather jealous of my football club who have all gone to Portugal on tour today. They're even playing a Sporting Lisbon veterans side.,"['Rather', 'jealous', 'football', 'club', 'gone', 'Portugal', 'tour', 'today', ""'re"", 'even', 'playing', 'Sporting', 'Lisbon', 'veteran', 'side']"
3143,1957712124,surprise,Had to cancel subscriptions today to NZZ and Economist at office  #costsavings Luckily they also have online versions,"['cancel', 'subscription', 'today', 'NZZ', 'Economist', 'office', 'costsavings', 'Luckily', 'also', 'online', 'version']"
3144,1957712225,surprise,@xC_A_Tx lol i havent watched it yet..  congrats!,"['xC_A_Tx', 'lol', 'havent', 'watched', 'yet', '..', 'congrats']"
3151,1957713326,surprise,http://twitpic.com/667g1 - Marshmellows + muffins = fail  They all bubbled and then evaporated leaving big holes! heh still taste alri ...,"['http', '//twitpic.com/667g1', 'Marshmellows', 'muffin', 'fail', 'bubbled', 'evaporated', 'leaving', 'big', 'hole', 'heh', 'still', 'taste', 'alri', '...']"
3165,1957717288,surprise,@SmileDaily I wish I was getting pancakes  booooooooo,"['SmileDaily', 'wish', 'getting', 'pancake', 'booooooooo']"
3169,1957718335,surprise,"By the time we got back up to grizzly peak with cameras to capture the sea of fog we were above, it already engulfed everything","['time', 'got', 'back', 'grizzly', 'peak', 'camera', 'capture', 'sea', 'fog', 'already', 'engulfed', 'everything']"
3171,1957719408,surprise,ucler!!! I got 2 big ones in my mouth,"['ucler', 'got', 'big', 'one', 'mouth']"
3189,1957724733,surprise,I am horrible at appraising peer work. What are these Americans thinking when they compose poems? Or maybe I am the one with the problem.,"['horrible', 'appraising', 'peer', 'work', 'Americans', 'thinking', 'compose', 'poem', 'maybe', 'one', 'problem']"
3203,1957727546,surprise,@ManaMoose I can't believe you went and got boba without me.,"['ManaMoose', 'ca', ""n't"", 'believe', 'went', 'got', 'boba', 'without']"
3219,1957729727,surprise,"@Rilgon ahh seen a few of those drop, but I just tossed them thinking it was a once only turn in","['Rilgon', 'ahh', 'seen', 'drop', 'tossed', 'thinking', 'turn']"
3220,1957730135,surprise,"@vibzfabz Hey, you change your twitter account, and you didn't even tell me...","['vibzfabz', 'Hey', 'change', 'twitter', 'account', ""n't"", 'even', 'tell', '...']"
3244,1957737436,surprise,@iszi_lawrence did you forget something this morning? you nearly ran me over at the bottom of the hill!  its very very warm in the shop! x,"['iszi_lawrence', 'forget', 'something', 'morning', 'nearly', 'ran', 'bottom', 'hill', 'warm', 'shop', 'x']"
3265,1957742079,surprise,why am i awake?,['awake']
3288,1957745839,surprise,Endlessly fascinated by the dual engine monitor in this cab. Then it reminds me of #sustainability fail . Sorry next gen.,"['Endlessly', 'fascinated', 'dual', 'engine', 'monitor', 'cab', 'reminds', 'sustainability', 'fail', 'Sorry', 'next', 'gen']"
3338,1957759412,surprise,omg. cat had a hairball. awake now.,"['omg', 'cat', 'hairball', 'awake']"
3345,1957759748,surprise,Omigoodness I feel like a popsicle,"['Omigoodness', 'feel', 'like', 'popsicle']"
3378,1958034904,surprise,@AriannaHalshaw Oh no,"['AriannaHalshaw', 'Oh']"
3431,1958046629,surprise,so during that whole whole addiction talk with my brother and that lady....i broke down and couldnt help but cry,"['whole', 'whole', 'addiction', 'talk', 'brother', 'lady', '....', 'broke', 'couldnt', 'help', 'cry']"
3435,1958047987,surprise,damjust finished watching Prison Break: the final break...omg i dont think i've cried so hard for a show..Finally understand the finale,"['damjust', 'finished', 'watching', 'Prison', 'Break', 'final', 'break', '...', 'omg', 'dont', 'think', ""'ve"", 'cried', 'hard', 'show', '..', 'Finally', 'understand', 'finale']"
3445,1958049507,surprise,if someone had've told me things would get this hard..i would never have done it,"['someone', ""'ve"", 'told', 'thing', 'would', 'get', 'hard', '..', 'would', 'never', 'done']"
3452,1958050864,surprise,"OMG, it's JULY'S LAST DAY!","['OMG', ""'s"", 'JULY', ""'S"", 'LAST', 'DAY']"
3467,1958053263,surprise,"OMG, it's JULY'S LAST DAY!  @ Muchachomalo","['OMG', ""'s"", 'JULY', ""'S"", 'LAST', 'DAY', 'Muchachomalo']"
3479,1958056577,surprise,@pntbtrkisses WHAT! That's horrible! To purposely write about it to a bunny is just mean &amp; cruel!    Not to mention just plain tacky....,"['pntbtrkisses', ""'s"", 'horrible', 'purposely', 'write', 'bunny', 'mean', 'amp', 'cruel', 'mention', 'plain', 'tacky', '....']"
3526,1958067040,surprise,Getting stressed over a sortie tomorrow. And like I am really really stress..,"['Getting', 'stressed', 'sortie', 'tomorrow', 'like', 'really', 'really', 'stress', '..']"
3529,1958067252,surprise,sadly  brother told me there are no skateparks where he lives. BUMMER!,"['sadly', 'brother', 'told', 'skateparks', 'life', 'BUMMER']"
3553,1958073636,surprise,i don't understand the whole follow friday thing?,"[""n't"", 'understand', 'whole', 'follow', 'friday', 'thing']"
3563,1958075261,surprise,why am i up so early,['early']
3566,1958075512,surprise,@dilyaela nope not really only a sweatshirt.  oh and these really really awesome doughnuts haha,"['dilyaela', 'nope', 'really', 'sweatshirt', 'oh', 'really', 'really', 'awesome', 'doughnut', 'haha']"
3585,1958081239,surprise,The sun has gone in!,"['sun', 'gone']"
3592,1958082492,surprise,"i hate the fact that it is so nice outsidee, and im inside doing revisionn","['hate', 'fact', 'nice', 'outsidee', 'im', 'inside', 'revisionn']"
3603,1958085882,surprise,Just got refused a bottle of morgan's in tesco despite saying helen could verify my age...  shocking... Just left all the shopping! X,"['got', 'refused', 'bottle', 'morgan', ""'s"", 'tesco', 'despite', 'saying', 'helen', 'could', 'verify', 'age', '...', 'shocking', '...', 'left', 'shopping', 'X']"
3634,1958092285,surprise,@Fnoo was like that last night as well man. somebody didn't make it in time to the 30p loos,"['Fnoo', 'like', 'last', 'night', 'well', 'man', 'somebody', ""n't"", 'make', 'time', '30p', 'loo']"
3642,1958093165,surprise,"@trixie360 trivia? Working, no computer!","['trixie360', 'trivia', 'Working', 'computer']"
3648,1958094323,surprise,"Acquiring a CentOS live CD, now where did I put my memory stick, I would like to boot from that. I wonder if I left it at home","['Acquiring', 'CentOS', 'live', 'CD', 'put', 'memory', 'stick', 'would', 'like', 'boot', 'wonder', 'left', 'home']"
3656,1958096366,surprise,@calvin141170 If it's any consolation I've had to abandon the back garden thanks to my super-reflective laptop screen,"['calvin141170', ""'s"", 'consolation', ""'ve"", 'abandon', 'back', 'garden', 'thanks', 'super-reflective', 'laptop', 'screen']"
3670,1958099201,surprise,@sengming learning tat the scenic way  din plan to go town but somehow was herded there?,"['sengming', 'learning', 'tat', 'scenic', 'way', 'din', 'plan', 'go', 'town', 'somehow', 'herded']"
3671,1958099853,surprise,@bronte_saurus Oh. Hrmmm in that case I have no idea. And I only just realised you're talking about THAT bike! Solly,"['bronte_saurus', 'Oh', 'Hrmmm', 'case', 'idea', 'realised', ""'re"", 'talking', 'bike', 'Solly']"
3704,1958107692,surprise,Omg its so gross out. no  relays tonight!,"['Omg', 'gross', 'relay', 'tonight']"
3718,1958110078,surprise,@DexterAddict Aw  *hugs* Sorry man.  If I were rich I'd buy u a ticket NOW!,"['DexterAddict', 'Aw', 'hug', 'Sorry', 'man', 'rich', ""'d"", 'buy', 'u', 'ticket']"
3746,1958116578,surprise,Fighting a sore throat.. Few more days hard training then rest next week for Sunday race.. Oooohhh sun's out... Nope.. Gone...,"['Fighting', 'sore', 'throat', '..', 'day', 'hard', 'training', 'rest', 'next', 'week', 'Sunday', 'race', '..', 'Oooohhh', 'sun', ""'s"", '...', 'Nope', '..', 'Gone', '...']"
3754,1958118652,surprise,Just had my hair cut it looks like shit,"['hair', 'cut', 'look', 'like', 'shit']"
3762,1958119561,surprise,Yay! Power = on! Phone = charged. It's hot,"['Yay', 'Power', 'Phone', 'charged', ""'s"", 'hot']"
3767,1958120056,surprise,Oh. Seems the playable Joker PS3 exclusivity on Arkham Asylum is much bigger than thought.,"['Oh', 'Seems', 'playable', 'Joker', 'PS3', 'exclusivity', 'Arkham', 'Asylum', 'much', 'bigger', 'thought']"
3775,1958121021,surprise,I thought there was more Fanta in my can than there was,"['thought', 'Fanta']"
3788,1958123125,surprise,Job???????   Not so much.,"['Job', 'much']"
3789,1958123187,surprise,"@sideone yeah, I much prefer tweetdeck but if you must have multiple accounts","['sideone', 'yeah', 'much', 'prefer', 'tweetdeck', 'must', 'multiple', 'account']"
3831,1958132657,surprise,Almost showtime in Osaka.  Our last night here in Japan  I will miss youuuu,"['Almost', 'showtime', 'Osaka', 'last', 'night', 'Japan', 'miss', 'youuuu']"
3842,1958134970,surprise,@Dublins98Dave @doneganland has tickets.......?,"['Dublins98Dave', 'doneganland', 'ticket', '.......']"
3847,1958135352,surprise,Ugh RUDE!..,"['Ugh', 'RUDE', '..']"
3910,1960137875,surprise,"following people around, though there are so many.. where are the webdesign twitters!","['following', 'people', 'around', 'though', 'many', '..', 'webdesign', 'twitter']"
3930,1960143909,surprise,Why can't I buy the Nokia N97?!? Amazon says &quot;cannot ship to this address.&quot;,"['ca', ""n't"", 'buy', 'Nokia', 'N97', 'Amazon', 'say', 'quot', 'ship', 'address.', 'quot']"
3976,1960154693,surprise,"It's Friday and sun is shining and its quite warm already, Just walked the dog, He is so freaky  hyper","[""'s"", 'Friday', 'sun', 'shining', 'quite', 'warm', 'already', 'walked', 'dog', 'freaky', 'hyper']"
4002,1960163033,surprise,NO! Our TV's busted  The screen turned white for about a nanosecond while it made a quick &quot;popping&quot; sound.,"['TV', ""'s"", 'busted', 'screen', 'turned', 'white', 'nanosecond', 'made', 'quick', 'quot', 'popping', 'quot', 'sound']"
4024,1960168925,surprise,dev.java.net : the slowest website,"['dev.java.net', 'slowest', 'website']"
4025,1960169021,surprise,@iamepiclyamazin bahah. but....nick..,"['iamepiclyamazin', 'bahah', '....', 'nick', '..']"
4027,1960169489,surprise,@Andre_Mitchell i've never been to the opera before...don't think that was me,"['Andre_Mitchell', ""'ve"", 'never', 'opera', '...', ""n't"", 'think']"
4030,1960170610,surprise,has a headache already?  boo,"['headache', 'already', 'boo']"
4072,1960200977,surprise,i have sore throat. that's suck.,"['sore', 'throat', ""'s"", 'suck']"
4074,1960202183,surprise,will be attending CIC's parents' orientation tomorrow...need to wake up early,"['attending', 'CIC', ""'s"", 'parent', 'orientation', 'tomorrow', '...', 'need', 'wake', 'early']"
4081,1960203357,surprise,I'm making a logo on photoshop &amp; it didn't work out..  hehe.. try again lah..,"[""'m"", 'making', 'logo', 'photoshop', 'amp', ""n't"", 'work', '..', 'hehe', '..', 'try', 'lah', '..']"
4096,1960206854,surprise,it's raining again,"[""'s"", 'raining']"
4097,1960206931,surprise,MIffed to discover that I only own De La Soul's &quot;Stakes Is High&quot; on cassette! And iTunes/Amazon don't sell a digital copy,"['MIffed', 'discover', 'De', 'La', 'Soul', ""'s"", 'quot', 'Stakes', 'High', 'quot', 'cassette', 'iTunes/Amazon', ""n't"", 'sell', 'digital', 'copy']"
4138,1960218381,surprise,@jaspercullen I would think you'd want to follow me.,"['jaspercullen', 'would', 'think', ""'d"", 'want', 'follow']"
4157,1960256837,surprise,Going to work.  Could use some happy pills,"['Going', 'work', 'Could', 'use', 'happy', 'pill']"
4175,1960260704,surprise,What!?!,[]
4185,1960262431,surprise,does not know hot twitter works,"['know', 'hot', 'twitter', 'work']"
4259,1960304029,surprise,"@operationkiwi Ooo....sounds great! hope the weather does stay nice.  re: hot water bottle, was just thinking how BAD it would be to leak","['operationkiwi', 'Ooo', '....', 'sound', 'great', 'hope', 'weather', 'stay', 'nice', 'hot', 'water', 'bottle', 'thinking', 'BAD', 'would', 'leak']"
4285,1960310907,surprise,why did last.fm wanted money from me to listen to my radios,"['last.fm', 'wanted', 'money', 'listen', 'radio']"
4353,1960330134,surprise,@dhewlett Well thatï¿½s disappointing to hear.,"['dhewlett', 'Well', 'thatï¿½s', 'disappointing', 'hear']"
4361,1960335223,surprise,@dsfq Definitely grass cutting   Cole has committed himself to stacking wood for our neighbor as well. Past 2 days set is back too far.,"['dsfq', 'Definitely', 'grass', 'cutting', 'Cole', 'committed', 'stacking', 'wood', 'neighbor', 'well', 'Past', 'day', 'set', 'back', 'far']"
4372,1960338579,surprise,"@simoncollister I moved in with the other half, so no balcony anymore  Have got a great mini-herb garden on window sill though! you?","['simoncollister', 'moved', 'half', 'balcony', 'anymore', 'got', 'great', 'mini-herb', 'garden', 'window', 'sill', 'though']"
4379,1960339940,surprise,"@alexalgebra Unfortunately, that's how it usually goes.  In answer to yesterday...I'm okay. Things may be looking up. Miss talking to you.","['alexalgebra', 'Unfortunately', ""'s"", 'usually', 'go', 'answer', 'yesterday', '...', ""'m"", 'okay', 'Things', 'may', 'looking', 'Miss', 'talking']"
4381,1960340051,surprise,"really cant be bothered going to work tonigh, its too nice to be stuck inside","['really', 'cant', 'bothered', 'going', 'work', 'tonigh', 'nice', 'stuck', 'inside']"
4387,1960341449,surprise,@sallyinnorfolk I have to spend lots of  our money on a new boiler...great!!! Not so lucky hey,"['sallyinnorfolk', 'spend', 'lot', 'money', 'new', 'boiler', '...', 'great', 'lucky', 'hey']"
4411,1960352040,surprise,@asheleybg That's actually not too far from the truth,"['asheleybg', ""'s"", 'actually', 'far', 'truth']"
4413,1960352628,surprise,@MiaOMal i'm not partying tonight,"['MiaOMal', ""'m"", 'partying', 'tonight']"
4416,1960353321,surprise,"@bex_1210 holy crap, I need to see that! Too bad I gotta wait until tomorrow","['bex_1210', 'holy', 'crap', 'need', 'see', 'bad', 'got', 'ta', 'wait', 'tomorrow']"
4451,1960382512,surprise,gutted - the handbag I wanted has been sold!,"['gutted', 'handbag', 'wanted', 'sold']"
4454,1960383371,surprise,"@jj1814 WOMAN, I didn't know you came home  you so suck!!! When are you going back!","['jj1814', 'WOMAN', ""n't"", 'know', 'came', 'home', 'suck', 'going', 'back']"
4477,1960387788,surprise,Woke up to the sound of my neighbor getting a new roof,"['Woke', 'sound', 'neighbor', 'getting', 'new', 'roof']"
4509,1960421281,surprise,"@MoosejawMadness You arent following me, so i cant send you a DM..","['MoosejawMadness', 'arent', 'following', 'cant', 'send', 'DM', '..']"
4540,1960431374,surprise,"@chelleis Whoa man, now THAT was a great one. I went to Heaven for 5 seconds. U know why lah but pls shhh. LOL. So sorry u weren't there!","['chelleis', 'Whoa', 'man', 'great', 'one', 'went', 'Heaven', 'second', 'U', 'know', 'lah', 'pls', 'shhh', 'LOL', 'sorry', 'u', ""n't""]"
4567,1960445254,surprise,"@hollyneufeld i found a few a couple of weeks ago.    i spazzed and then pulled them all out, so life is back to normal, lol.","['hollyneufeld', 'found', 'couple', 'week', 'ago', 'spazzed', 'pulled', 'life', 'back', 'normal', 'lol']"
4646,1960461639,surprise,@lynnisnotgay tsk baddie. imissmonkeh today,"['lynnisnotgay', 'tsk', 'baddie', 'imissmonkeh', 'today']"
4653,1960465215,surprise,jake thomas looks so precious :'( i hate when they say &quot;there it is i see the white light&quot; in every ghost whisperer show,"['jake', 'thomas', 'look', 'precious', 'hate', 'say', 'quot', 'see', 'white', 'light', 'quot', 'every', 'ghost', 'whisperer', 'show']"
4679,1960470367,surprise,Damnation. I just woke up.,"['Damnation', 'woke']"
4692,1960472412,surprise,@beamatti Ayy.  Okayyy. It was nice seeing you kanina ! :&gt; I like your hair. :&gt;,"['beamatti', 'Ayy', 'Okayyy', 'nice', 'seeing', 'kanina', 'gt', 'like', 'hair', 'gt']"
4697,1960472950,surprise,"One load of washing put away, and another load on. Amazing how the house doesn't look any better for all my efforts","['One', 'load', 'washing', 'put', 'away', 'another', 'load', 'Amazing', 'house', ""n't"", 'look', 'better', 'effort']"
4701,1960473783,surprise,&quot;yeah them men love them blowjobs&quot; -something you never want to hear your grandma say over breakfast talkin about charles barkley,"['quot', 'yeah', 'men', 'love', 'blowjob', 'quot', '-something', 'never', 'want', 'hear', 'grandma', 'say', 'breakfast', 'talkin', 'charles', 'barkley']"
4711,1960489983,surprise,says ptour2 tom.  hello school again. shit! http://plurk.com/p/x15fh,"['say', 'ptour2', 'tom', 'hello', 'school', 'shit', 'http', '//plurk.com/p/x15fh']"
4756,1960499717,surprise,@swingsandpretty tip 2 : at the very least make sure the bottle top is on securely and tightly...,"['swingsandpretty', 'tip', 'least', 'make', 'sure', 'bottle', 'top', 'securely', 'tightly', '...']"
4786,1960511157,surprise,Oh man sold out  had to step away from my desk for 10 min! @theaskanison you were right,"['Oh', 'man', 'sold', 'step', 'away', 'desk', '10', 'min', 'theaskanison', 'right']"
4789,1960512131,surprise,"@PirateEric When I read that, my first thought was using Cast&lt;T&gt;() as a status symbol","['PirateEric', 'read', 'first', 'thought', 'using', 'Cast', 'lt', 'gt', 'status', 'symbol']"
4790,1960512487,surprise,@luzy_artillero Hahaha. Sana someone's selling the full version of &quot;Coding Workshop Photo Recovery Wizard&quot; CD! Demo mode lang eh,"['luzy_artillero', 'Hahaha', 'Sana', 'someone', ""'s"", 'selling', 'full', 'version', 'quot', 'Coding', 'Workshop', 'Photo', 'Recovery', 'Wizard', 'quot', 'CD', 'Demo', 'mode', 'lang', 'eh']"
4791,1960512637,surprise,"I just found out that one of my friends, someone who I use to talk to all the time who has disappeared is blocking me from Flickr.","['found', 'one', 'friend', 'someone', 'use', 'talk', 'time', 'disappeared', 'blocking', 'Flickr']"
4853,1960535192,surprise,back to my office.  the fire alarm went off due to someone burnt food in microwave,"['back', 'office', 'fire', 'alarm', 'went', 'due', 'someone', 'burnt', 'food', 'microwave']"
4861,1960536987,surprise,"Twitter seriously, SERIOUSLY dropped the ball here with my RoxieRavenclaw account. I'm so mad and sad about this.","['Twitter', 'seriously', 'SERIOUSLY', 'dropped', 'ball', 'RoxieRavenclaw', 'account', ""'m"", 'mad', 'sad']"
4876,1960540143,surprise,It's 11:05 and I'm already on my lunch break,"[""'s"", '11:05', ""'m"", 'already', 'lunch', 'break']"
4883,1960542817,surprise,so im dogsitting at my friends house and her cleaning lady came this morning. and she told me i looked like i was 18.  man. growing younge,"['im', 'dogsitting', 'friend', 'house', 'cleaning', 'lady', 'came', 'morning', 'told', 'looked', 'like', '18.', 'man', 'growing', 'younge']"
4913,1960558019,surprise,@Twyst The devil you say!  I've been waiting for the Black Widow in movies and now she won't be awesome at all.,"['Twyst', 'devil', 'say', ""'ve"", 'waiting', 'Black', 'Widow', 'movie', 'wo', ""n't"", 'awesome']"
4935,1960562891,surprise,@Samtagious DAMN! a mass unfollowing and i didnt get the invite! im bummed now,"['Samtagious', 'DAMN', 'mass', 'unfollowing', 'didnt', 'get', 'invite', 'im', 'bummed']"
4987,1960580011,surprise,is waiting for the estate agent to do valuation. oh joy. *sigh* i need to be in the funhouse  pink baby come back!!!!,"['waiting', 'estate', 'agent', 'valuation', 'oh', 'joy', 'sigh', 'need', 'funhouse', 'pink', 'baby', 'come', 'back']"
5013,1960586751,surprise,"wow, EMC's new site is - different","['wow', 'EMC', ""'s"", 'new', 'site', 'different']"
5017,1960589008,surprise,@PETAEurope OMG!! that is tragic!,"['PETAEurope', 'OMG', 'tragic']"
5020,1960589516,surprise,sooo cloooseee,"['sooo', 'cloooseee']"
5022,1960589831,surprise,The NVIDIA ION-based Lenovo IdeaPad S12 (  http://is.gd/J6Zy ) is awesome.  Fn key to left of Ctrl makes it non-starter for me though,"['NVIDIA', 'ION-based', 'Lenovo', 'IdeaPad', 'S12', 'http', '//is.gd/J6Zy', 'awesome', 'Fn', 'key', 'left', 'Ctrl', 'make', 'non-starter', 'though']"
5023,1960590438,surprise,Notion video deleted.,"['Notion', 'video', 'deleted']"
5098,1960619560,surprise,Pshh i dont have it,"['Pshh', 'dont']"
5107,1960621600,surprise,@blondebear87 ah yes dropping the bear thing  it's such a lovely day here! Very odd for stafford!!,"['blondebear87', 'ah', 'yes', 'dropping', 'bear', 'thing', ""'s"", 'lovely', 'day', 'odd', 'stafford']"
5141,1960629299,surprise,@theguigirl I'm afraid not much  I just realized the true difficulty of this design. I may cry soon. #idmfinal,"['theguigirl', ""'m"", 'afraid', 'much', 'realized', 'true', 'difficulty', 'design', 'may', 'cry', 'soon', 'idmfinal']"
5165,1960659700,surprise,my best friends bought something which i really want.,"['best', 'friend', 'bought', 'something', 'really', 'want']"
5171,1960660690,surprise,"@pangwingyin OHMIGOD, I would have loved that. Alas, there was just lots of gun play. No dancing","['pangwingyin', 'OHMIGOD', 'would', 'loved', 'Alas', 'lot', 'gun', 'play', 'dancing']"
5178,1960663837,surprise,@dahveed76 Um your latest tweet sounds like something bad has gone down.,"['dahveed76', 'Um', 'latest', 'tweet', 'sound', 'like', 'something', 'bad', 'gone']"
5202,1960669696,surprise,@MeriDubs whaaat. I still have next week,"['MeriDubs', 'whaaat', 'still', 'next', 'week']"
5219,1960673469,surprise,@mynameisgay You are so lucky you get to travel.,"['mynameisgay', 'lucky', 'get', 'travel']"
5231,1960702141,surprise,Sometimes I wish I had my own Prototype mentor.,"['Sometimes', 'wish', 'Prototype', 'mentor']"
5240,1960705629,surprise,My chick wont shut up  Will only stop chirping if i sit with the bloody thing.,"['chick', 'wont', 'shut', 'stop', 'chirping', 'sit', 'bloody', 'thing']"
5255,1960709931,surprise,@skyladawn Exactly. She becomes completely incapable of anything unless he's there helping her. Too many of those are out there.,"['skyladawn', 'Exactly', 'becomes', 'completely', 'incapable', 'anything', 'unless', ""'s"", 'helping', 'many']"
5264,1960712118,surprise,"Oh man, there are dead deer everywhere in michigan.","['Oh', 'man', 'dead', 'deer', 'everywhere', 'michigan']"
5270,1960713940,surprise,@NHL10 I was hoping for a better trailer,"['NHL10', 'hoping', 'better', 'trailer']"
5272,1960714335,surprise,PEOPLE!!! wat the hell is a follower on twitter???? I DONT GET IT!!!,"['PEOPLE', 'wat', 'hell', 'follower', 'twitter', 'DONT', 'GET']"
5290,1960717528,surprise,@Yampolito That will make things fair. My poor Tiger has no claws or nutz,"['Yampolito', 'make', 'thing', 'fair', 'poor', 'Tiger', 'claw', 'nutz']"
5317,1960753793,surprise,@musical_musings Good morning!  It is raining here,"['musical_musings', 'Good', 'morning', 'raining']"
5318,1960753816,surprise,@Abougu I didn't see this until after,"['Abougu', ""n't"", 'see']"
5329,1960756433,surprise,Up early. Knee throbbing. Maker Faire 99% out now. Possibly Califur too. Same torn ligament as before I think. No insurance tho.,"['early', 'Knee', 'throbbing', 'Maker', 'Faire', '99', 'Possibly', 'Califur', 'torn', 'ligament', 'think', 'insurance', 'tho']"
5351,1960760349,surprise,"@cashbingo - I read that as follows: &quot;I'm a what?! What'd I do? Yes, she is rather simple. I miss you dicks too...   &quot;","['cashbingo', 'read', 'follows', 'quot', ""'m"", ""'d"", 'Yes', 'rather', 'simple', 'miss', 'dick', '...', 'quot']"
5425,1960817866,surprise,My mom just texted me and told me that Rodney was chasing fireflies in their backyard. Awwwww I'm miss him    http://twitpic.com/66pn1,"['mom', 'texted', 'told', 'Rodney', 'chasing', 'firefly', 'backyard', 'Awwwww', ""'m"", 'miss', 'http', '//twitpic.com/66pn1']"
5447,1960858521,surprise,??? weekend standby duty??????????????????????????????????????????????????,"['weekend', 'standby', 'duty']"
5491,1960869957,surprise,@JinxCat What? I was being serious.,"['JinxCat', 'serious']"
5497,1960871159,surprise,"Energy steadily increasing, thankfully, but the cough isn't going away.","['Energy', 'steadily', 'increasing', 'thankfully', 'cough', ""n't"", 'going', 'away']"
5522,1960901988,surprise,@cindyandcindy u never told me abt ur date ... who is the lucky guy im so out of the loop,"['cindyandcindy', 'u', 'never', 'told', 'abt', 'ur', 'date', '...', 'lucky', 'guy', 'im', 'loop']"
5526,1960902724,surprise,"@ringqvist juice! I miss juice, any fruit","['ringqvist', 'juice', 'miss', 'juice', 'fruit']"
5545,1960907183,surprise,@tommcfly Is it true that you love brazil more than australia  nitey,"['tommcfly', 'true', 'love', 'brazil', 'australia', 'nitey']"
5551,1960907587,surprise,heading down to beach! still no fone....woo!,"['heading', 'beach', 'still', 'fone', '....', 'woo']"
5577,1960912616,surprise,@gladieator  got my hair rebonded at some korean place. dude! my hair is f'in fried! cut 5&quot; already ... now just chopping it off!!!,"['gladieator', 'got', 'hair', 'rebonded', 'korean', 'place', 'dude', 'hair', ""f'in"", 'fried', 'cut', 'quot', 'already', '...', 'chopping']"
5637,1960954316,surprise,Cant fall asleep.,"['Cant', 'fall', 'asleep']"
5649,1960958745,surprise,@lipstickmasala What?! He chose one of them? Nooo... Betty was supposed to get him in the end.,"['lipstickmasala', 'chose', 'one', 'Nooo', '...', 'Betty', 'supposed', 'get', 'end']"
5656,1960992287,surprise,just waking up...ahh i have a headache,"['waking', '...', 'ahh', 'headache']"
5658,1960992527,surprise,"@AskAroundOttawa it's annoying bc my hair products don't have perfume, but smell like the ingredients in them","['AskAroundOttawa', ""'s"", 'annoying', 'bc', 'hair', 'product', ""n't"", 'perfume', 'smell', 'like', 'ingredient']"
5664,1960993550,surprise,BREAKING NEWS: GM shares are currently trading below $1.00 at only $.88 per share!!,"['BREAKING', 'NEWS', 'GM', 'share', 'currently', 'trading', '1.00', '.88', 'per', 'share']"
5675,1960996953,surprise,Doesn't think @polo65th will be following me....,"[""n't"", 'think', 'polo65th', 'following', '....']"
5692,1961000534,surprise,I sunburnt through factor 30,"['sunburnt', 'factor', '30']"
5706,1961003619,surprise,@damgedpeople   XDXDXD you crazy little thing why didnï¿½t you get off the train and hug me????,"['damgedpeople', 'XDXDXD', 'crazy', 'little', 'thing', 'didnï¿½t', 'get', 'train', 'hug']"
5723,1961033894,surprise,@simonwilder I want to play,"['simonwilder', 'want', 'play']"
5727,1961034867,surprise,"@zurplemoon  I'm sorry.....deep breaths, I started a program called panicaway...it has worked wonders.","['zurplemoon', ""'m"", 'sorry', '.....', 'deep', 'breath', 'started', 'program', 'called', 'panicaway', '...', 'worked', 'wonder']"
5761,1961042675,surprise,now there's a fly in my room,"[""'s"", 'fly', 'room']"
5782,1961047581,surprise,Geoff posted a boo: Coming Home From Tenerife Boo  http://boo.fm/b25651,"['Geoff', 'posted', 'boo', 'Coming', 'Home', 'Tenerife', 'Boo', 'http', '//boo.fm/b25651']"
5791,1961049328,surprise,im not going to my dads tonight !!!!! and hes got a 12 foot pool  he has to tell me that hes got things when im not going TWAT !!,"['im', 'going', 'dad', 'tonight', 'he', 'got', 'foot', 'pool', 'tell', 'he', 'got', 'thing', 'im', 'going', 'TWAT']"
5811,1961060082,surprise,"Final thought for the day, does deodorant really make your lungs bleed when inhaled constantly? Certain females paranoid about BO","['Final', 'thought', 'day', 'deodorant', 'really', 'make', 'lung', 'bleed', 'inhaled', 'constantly', 'Certain', 'female', 'paranoid', 'BO']"
5870,1961080988,surprise,@Shikha_M didnt get it clear,"['Shikha_M', 'didnt', 'get', 'clear']"
5875,1961081422,surprise,Oh MAN !! I was going to connect my old school Nintendo to play mario games. And is not in the bag I gotta search for it.,"['Oh', 'MAN', 'going', 'connect', 'old', 'school', 'Nintendo', 'play', 'mario', 'game', 'bag', 'got', 'ta', 'search']"
5885,1961083785,surprise,"Argh, I can't avoid spelling bee spoilers anywhere! Now I know the winning speller and word before having actually watched the bee.","['Argh', 'ca', ""n't"", 'avoid', 'spelling', 'bee', 'spoiler', 'anywhere', 'know', 'winning', 'speller', 'word', 'actually', 'watched', 'bee']"
5911,1961091640,surprise,@captaincarrott  you're mean to me. You're gonna have to have pizza tonight or it will go off.,"['captaincarrott', ""'re"", 'mean', ""'re"", 'gon', 'na', 'pizza', 'tonight', 'go']"
5913,1961091917,surprise,http://www.bodybuilding.com/fun/richardchan.htm OMFG this dude looks well 'ard! He puts me to shame...,"['http', '//www.bodybuilding.com/fun/richardchan.htm', 'OMFG', 'dude', 'look', 'well', ""'ard"", 'put', 'shame', '...']"
5920,1961092410,surprise,@epiphanygirl  When are you coming to Indianapolis  !?!?,"['epiphanygirl', 'coming', 'Indianapolis']"
5939,1961098072,surprise,Wow that was fast...next up Soderling or Ferrer. Gilles Simon lost,"['Wow', 'fast', '...', 'next', 'Soderling', 'Ferrer', 'Gilles', 'Simon', 'lost']"
5942,1961098295,surprise,Off to Dollarama -- I wish I had a new job,"['Dollarama', '--', 'wish', 'new', 'job']"
5996,1961112834,surprise,Took the cutest pics of Andy yesterday. But I don't have them.  Used my bro's fancy DSLR &amp; didn't have time to upload them. I want my own!,"['Took', 'cutest', 'pic', 'Andy', 'yesterday', ""n't"", 'Used', 'bro', ""'s"", 'fancy', 'DSLR', 'amp', ""n't"", 'time', 'upload', 'want']"
6015,1961124219,surprise,Scott's leaving now,"['Scott', ""'s"", 'leaving']"
6021,1961125800,surprise,@dwsomers samee well i aint a man i am a girl obv nd i am 14 lol   i aint no1 special or not famous or rich  wish to be tho xx,"['dwsomers', 'samee', 'well', 'aint', 'man', 'girl', 'obv', 'nd', '14', 'lol', 'aint', 'no1', 'special', 'famous', 'rich', 'wish', 'tho', 'xx']"
6083,1961141484,surprise,@BetterisLittle when it rains it pours - how true is that? I'm so sorry  I hate those kinda times.,"['BetterisLittle', 'rain', 'pours', 'true', ""'m"", 'sorry', 'hate', 'kinda', 'time']"
6197,1961179157,surprise,@bonnieguthrie why?!!?,['bonnieguthrie']
6201,1961179707,surprise,"@gipsy_dreamer Wow, you still haven't gotten them?","['gipsy_dreamer', 'Wow', 'still', ""n't"", 'gotten']"
6202,1961180178,surprise,"@stacyshow gangstarr exgirl to the next girl, nas one mic, hold on i still can't listen so i guess it dont matter","['stacyshow', 'gangstarr', 'exgirl', 'next', 'girl', 'na', 'one', 'mic', 'hold', 'still', 'ca', ""n't"", 'listen', 'guess', 'dont', 'matter']"
6220,1961185244,surprise,Officially out of my apt  Learned some stuff about the crazy neighbors that used to live across the hall....scary!,"['Officially', 'apt', 'Learned', 'stuff', 'crazy', 'neighbor', 'used', 'live', 'across', 'hall', '....', 'scary']"
6222,1961186234,surprise,Oh no! My kindergarten teacher died  Mrs. Collinson always remembered every student she ever had. Loved that lady.,"['Oh', 'kindergarten', 'teacher', 'died', 'Mrs.', 'Collinson', 'always', 'remembered', 'every', 'student', 'ever', 'Loved', 'lady']"
6227,1961186826,surprise,The chicken noodle soup I made for lunch to feel better just burned my tongue . . .not a good day.,"['chicken', 'noodle', 'soup', 'made', 'lunch', 'feel', 'better', 'burned', 'tongue', '.not', 'good', 'day']"
6230,1961187746,surprise,gogowww how come we can't have deals like that from Houston?,"['gogowww', 'come', 'ca', ""n't"", 'deal', 'like', 'Houston']"
6282,1961215555,surprise,I dont think he's ganna text me.,"['dont', 'think', ""'s"", 'ganna', 'text']"
6288,1961217818,surprise,"My poor heather, she didnt make the cheerleading squad. Im sorry babygirl. Maybe next year","['poor', 'heather', 'didnt', 'make', 'cheerleading', 'squad', 'Im', 'sorry', 'babygirl', 'Maybe', 'next', 'year']"
6295,1961219061,surprise,On the way back to dublin Omg didnt hit the bed until 530  so i am so sleepy   but once again on the road back to good ole  dublin :-p ...,"['way', 'back', 'dublin', 'Omg', 'didnt', 'hit', 'bed', '530', 'sleepy', 'road', 'back', 'good', 'ole', 'dublin', '-p', '...']"
6313,1961222939,surprise,"OK, my boo-boo: Daddy took his dental bridge-front tooth- out and forgot it on the table.  Uh-Oh, shiney plastic for me to chew! I sawwy","['OK', 'boo-boo', 'Daddy', 'took', 'dental', 'bridge-front', 'tooth-', 'forgot', 'table', 'Uh-Oh', 'shiney', 'plastic', 'chew', 'sawwy']"
6326,1961226373,surprise,@channisaulfah Not even better than Kapsel cha  Dy nulis notes? Spertinya gw ga ditag cuz g ada notificationnya... Huhu.,"['channisaulfah', 'even', 'better', 'Kapsel', 'cha', 'Dy', 'nulis', 'note', 'Spertinya', 'gw', 'ga', 'ditag', 'cuz', 'g', 'ada', 'notificationnya', '...', 'Huhu']"
6338,1961235482,surprise,@GrafittiMySoul Hell if I know. @callunax I'm suffering,"['GrafittiMySoul', 'Hell', 'know', 'callunax', ""'m"", 'suffering']"
6352,1961238776,surprise,@Fazenastynas no  and i remember that one too! shit was so fun. i got aladdin! - TOO fun omg. now i wanna play,"['Fazenastynas', 'remember', 'one', 'shit', 'fun', 'got', 'aladdin', 'fun', 'omg', 'wan', 'na', 'play']"
6370,1961241909,surprise,holy crap. where did all my time go? =/ gta4 has sucked away my life.. and wasted a whole week! ...i wish i had more self control,"['holy', 'crap', 'time', 'go', '=/', 'gta4', 'sucked', 'away', 'life', '..', 'wasted', 'whole', 'week', '...', 'wish', 'self', 'control']"
6378,1961243868,surprise,@alenadoma apparently a looong time seeing as they seem to be everywhere except LA,"['alenadoma', 'apparently', 'looong', 'time', 'seeing', 'seem', 'everywhere', 'except', 'LA']"
6407,1961251578,surprise,http://twitpic.com/66sls - @megelin and I just saw this monster dog in the park,"['http', '//twitpic.com/66sls', 'megelin', 'saw', 'monster', 'dog', 'park']"
6437,1961261012,surprise,ok so my appointment WAS at 12pm why am I still waiting 2 get my hair done. Wish everyone know the meaning of on time. I was here early 2,"['ok', 'appointment', '12pm', 'still', 'waiting', 'get', 'hair', 'done', 'Wish', 'everyone', 'know', 'meaning', 'time', 'early']"
6511,1961285974,surprise,AHHHH! Cant find anything because I have way too much open,"['AHHHH', 'Cant', 'find', 'anything', 'way', 'much', 'open']"
6532,1961290637,surprise,Hi ya twitt's..so leaving sat morning here in TX..sad  I guess gotta really find a job now..if anyone in Atlanta needs a great designer..,"['Hi', 'ya', 'twitt', ""'s"", '..', 'leaving', 'sat', 'morning', 'TX', '..', 'sad', 'guess', 'got', 'ta', 'really', 'find', 'job', '..', 'anyone', 'Atlanta', 'need', 'great', 'designer', '..']"
6545,1961293731,surprise,Yesterday I heard a song about taking a base onto a plane. Can someone help me find it? I don't know anything else about it.,"['Yesterday', 'heard', 'song', 'taking', 'base', 'onto', 'plane', 'someone', 'help', 'find', ""n't"", 'know', 'anything', 'else']"
6556,1961295710,surprise,"@catashton I got my film developed at asda, half of them are just gray!! And some have a black box on the top half  why?","['catashton', 'got', 'film', 'developed', 'asda', 'half', 'gray', 'black', 'box', 'top', 'half']"
6572,1961298863,surprise,TGIF Resto here at home is dayuummm expensive!,"['TGIF', 'Resto', 'home', 'dayuummm', 'expensive']"
6584,1961365182,surprise,i cant believe this woman talked me into getting a different hairstyle...real talk though...i have no clue of what to do with my hair,"['cant', 'believe', 'woman', 'talked', 'getting', 'different', 'hairstyle', '...', 'real', 'talk', 'though', '...', 'clue', 'hair']"
6595,1961368089,surprise,"Wishing I could be in NOLA this weekend  oh well, I'll be there Tuesday!","['Wishing', 'could', 'NOLA', 'weekend', 'oh', 'well', ""'ll"", 'Tuesday']"
6596,1961368576,surprise,"Im going to go to bed again, ear (both) infection, I am completely dizzy, yyyyuck! My stomach is hurting too  Peace-out loves","['Im', 'going', 'go', 'bed', 'ear', 'infection', 'completely', 'dizzy', 'yyyyuck', 'stomach', 'hurting', 'Peace-out', 'love']"
6615,1961372360,surprise,I made it six days in a row w/out an accident in the house and then pops took me to a strange place and didn't give me time after b-fast,"['made', 'six', 'day', 'row', 'w/out', 'accident', 'house', 'pop', 'took', 'strange', 'place', ""n't"", 'give', 'time', 'b-fast']"
6617,1961373002,surprise,If I &quot;unfollowed&quot; you - its NOT on purpose. Something fishy is going on with my Tweet Deck !! Let me know if I &quot;unfollowed&quot; you.,"['quot', 'unfollowed', 'quot', 'purpose', 'Something', 'fishy', 'going', 'Tweet', 'Deck', 'Let', 'know', 'quot', 'unfollowed', 'quot']"
6662,1961411182,surprise,Is there ever going to be another production of The Last 5 Years in NY????????? I still haven't seen it,"['ever', 'going', 'another', 'production', 'Last', 'Years', 'NY', 'still', ""n't"", 'seen']"
6665,1961412098,surprise,What a dreary day in LA. Where did all our sunshine go?,"['dreary', 'day', 'LA', 'sunshine', 'go']"
6666,1961412216,surprise,Take that back on the cast...one dropped last night!,"['Take', 'back', 'cast', '...', 'one', 'dropped', 'last', 'night']"
6680,1961415222,surprise,@AngelIbarra @ZombieNicholas DUBLIN TOMORROW!! Cant wait.. hope ye are excited  Been over a year since last time,"['AngelIbarra', 'ZombieNicholas', 'DUBLIN', 'TOMORROW', 'Cant', 'wait', '..', 'hope', 'ye', 'excited', 'year', 'since', 'last', 'time']"
6684,1961415441,surprise,@LenaAlli i dont even know now lenaaa  when you going clothes show?,"['LenaAlli', 'dont', 'even', 'know', 'lenaaa', 'going', 'clothes', 'show']"
6693,1961416950,surprise,@lovessunflowers Oh no! Dead muffins ... how sad,"['lovessunflowers', 'Oh', 'Dead', 'muffin', '...', 'sad']"
6725,1961423737,surprise,"@JCinQC it is far from downtown, 30-40 minutes or so  and they do have veggie burgers","['JCinQC', 'far', 'downtown', '30-40', 'minute', 'veggie', 'burger']"
6731,1961425640,surprise,hangover today,"['hangover', 'today']"
6760,1961433056,surprise,sucks that i don't have a drawing tablet!,"['suck', ""n't"", 'drawing', 'tablet']"
6765,1961433640,surprise,@francecino its alright babes &gt;&lt; boo. im gonna leave agaiiiiin,"['francecino', 'alright', 'babe', 'gt', 'lt', 'boo', 'im', 'gon', 'na', 'leave', 'agaiiiiin']"
6774,1961436638,surprise,slept for almost 11 hours straight and still tired ! better not be getting sick,"['slept', 'almost', '11', 'hour', 'straight', 'still', 'tired', 'better', 'getting', 'sick']"
6778,1961437632,surprise,"a guy called me AD-HD kid earlier today, and that hurts","['guy', 'called', 'AD-HD', 'kid', 'earlier', 'today', 'hurt']"
6794,1961450535,surprise,Anybody seen @MissPlush??? Where is my Twinster,"['Anybody', 'seen', 'MissPlush', 'Twinster']"
6814,1961456147,surprise,"What a day! #dayofservice completed, and now aching all over! Clearing trees around a beautiful lake. Splitting headache now tho","['day', 'dayofservice', 'completed', 'aching', 'Clearing', 'tree', 'around', 'beautiful', 'lake', 'Splitting', 'headache', 'tho']"
6815,1961456179,surprise,Whoops - I got sunburnt,"['Whoops', 'got', 'sunburnt']"
6881,1961479003,surprise,@kadders Aw  it was actually what I read at first,"['kadders', 'Aw', 'actually', 'read', 'first']"
6883,1961479263,surprise,@lpostlethwaite no I wish. Just a van that comes round. We missed him,"['lpostlethwaite', 'wish', 'van', 'come', 'round', 'missed']"
6886,1961480373,surprise,@jamie_oliver damn i got it right! i suppose i took to long to reply  lol,"['jamie_oliver', 'damn', 'got', 'right', 'suppose', 'took', 'long', 'reply', 'lol']"
6897,1961482249,surprise,@RachelSexton FRUITY PEBBLES?! What? Over Lucky Charms,"['RachelSexton', 'FRUITY', 'PEBBLES', 'Lucky', 'Charms']"
6904,1961483948,surprise,@officialTila cant believe tila tequila was in ct and i didnt know... so upset,"['officialTila', 'cant', 'believe', 'tila', 'tequila', 'ct', 'didnt', 'know', '...', 'upset']"
6926,1961489635,surprise,@Mcfreak_ oh i read that,"['Mcfreak_', 'oh', 'read']"
6933,1961490310,surprise,@RoxxiNikki It's a lie just like the restaraunt named &quot;Garfields&quot;... he is nowhere to be found,"['RoxxiNikki', ""'s"", 'lie', 'like', 'restaraunt', 'named', 'quot', 'Garfields', 'quot', '...', 'nowhere', 'found']"
6955,1961495902,surprise,and because I wasn't having a bad enough time last night my body decided it wanted to be sick,"[""n't"", 'bad', 'enough', 'time', 'last', 'night', 'body', 'decided', 'wanted', 'sick']"
6956,1961496614,surprise,"@BiGVixXen Like double posting on twitter?  ;)  lol.  Not me, I don't take anything.","['BiGVixXen', 'Like', 'double', 'posting', 'twitter', 'lol', ""n't"", 'take', 'anything']"
6969,1961501155,surprise,"@tommcfly I'm running out of things to say, and I'm starting to think you'll hate me for flooding your inbox with &quot;Philippines tour?&quot;","['tommcfly', ""'m"", 'running', 'thing', 'say', ""'m"", 'starting', 'think', ""'ll"", 'hate', 'flooding', 'inbox', 'quot', 'Philippines', 'tour', 'quot']"
6974,1961502146,surprise,@kingstonpaul Damn! I wish I were going! Found out too late to get wranglers for my kids and @bobalert.  I miss #mountainjam every year!,"['kingstonpaul', 'Damn', 'wish', 'going', 'Found', 'late', 'get', 'wrangler', 'kid', 'bobalert', 'miss', 'mountainjam', 'every', 'year']"
6975,1961502314,surprise,"@30SECONDSTOMARS ohoh i missed all ur tweets  im gonna have to stay awake all night to see the announcement now, damn time difference","['30SECONDSTOMARS', 'ohoh', 'missed', 'ur', 'tweet', 'im', 'gon', 'na', 'stay', 'awake', 'night', 'see', 'announcement', 'damn', 'time', 'difference']"
6984,1961505049,surprise,@jasminepotts hahahaa i was sitting outside from 2-4 and then came in for a bit haha was out a while ago but dads cutting the grass now,"['jasminepotts', 'hahahaa', 'sitting', 'outside', '2-4', 'came', 'bit', 'haha', 'ago', 'dad', 'cutting', 'grass']"
7008,1961520633,surprise,"thanks iPhone, you kept me up till 1 am. Asshole.","['thanks', 'iPhone', 'kept', 'till', 'Asshole']"
7010,1961521423,surprise,wow we r watching the outsiders  smelly english.,"['wow', 'r', 'watching', 'outsider', 'smelly', 'english']"
7046,1961529608,surprise,@sparklej man i cant go on sunday cause im helping out all day at the piano recital. this sucks,"['sparklej', 'man', 'cant', 'go', 'sunday', 'cause', 'im', 'helping', 'day', 'piano', 'recital', 'suck']"
7051,1961531390,surprise,@Ceadda say it isn't so!,"['Ceadda', 'say', ""n't""]"
7052,1961531406,surprise,@tinchystryder .. Eh .. have u never heard of Belfast..? Where like EVERYONE loves you!?!,"['tinchystryder', '..', 'Eh', '..', 'u', 'never', 'heard', 'Belfast', '..', 'like', 'EVERYONE', 'love']"
7057,1961532216,surprise,thinks revising in the garden from 8 this morning without sunscreen isnt the best idea ive had  oucccccccch,"['think', 'revising', 'garden', 'morning', 'without', 'sunscreen', 'isnt', 'best', 'idea', 'ive', 'oucccccccch']"
7065,1961534083,surprise,@marginatasnaily the wives aunts 40th,"['marginatasnaily', 'wife', 'aunt', '40th']"
7067,1961534432,surprise,No more Mtn. Dew in mini-fridge.,"['Mtn', 'Dew', 'mini-fridge']"
7097,1961541448,surprise,@caitdog13 lucky! been beggin for jury duty for years...they dont ever send me notices! just notices for other people to my address!,"['caitdog13', 'lucky', 'beggin', 'jury', 'duty', 'year', '...', 'dont', 'ever', 'send', 'notice', 'notice', 'people', 'address']"
7105,1961543272,surprise,@lynstephaniewoo yes! sober HAHAHA tanghaling tapat dude! haha WILD. i don't knowwww  plan plan  before you go to US!,"['lynstephaniewoo', 'yes', 'sober', 'HAHAHA', 'tanghaling', 'tapat', 'dude', 'haha', 'WILD', ""n't"", 'knowwww', 'plan', 'plan', 'go', 'US']"
7150,1961553250,surprise,Akh! I woke up and missed so much of Sayed Hassan's speech,"['Akh', 'woke', 'missed', 'much', 'Sayed', 'Hassan', ""'s"", 'speech']"
7152,1961553315,surprise,@turhangross Wow! Some person u are!,"['turhangross', 'Wow', 'person', 'u']"
7167,1961555277,surprise,Playing hooky from work again so we can go see UP. I hope we get along.,"['Playing', 'hooky', 'work', 'go', 'see', 'hope', 'get', 'along']"
7211,1961570593,surprise,There is a sadness in the air at school  but I got two awards!!,"['sadness', 'air', 'school', 'got', 'two', 'award']"
7213,1961570919,surprise,@twilightgossip sad about young love coming to an end  They were sooo cute together!,"['twilightgossip', 'sad', 'young', 'love', 'coming', 'end', 'sooo', 'cute', 'together']"
7232,1961573504,surprise,gah! didn't realize my meeting was from 9-12,"['gah', ""n't"", 'realize', 'meeting', '9-12']"
7246,1961575545,surprise,@electra126 As long as you take me with you,"['electra126', 'long', 'take']"
7248,1961576248,surprise,Sitting next to a man with a Kindle II...I don't know if I've ever been this jealous,"['Sitting', 'next', 'man', 'Kindle', 'II', '...', ""n't"", 'know', ""'ve"", 'ever', 'jealous']"
7255,1961577470,surprise,@honytawk why do we need to wait another year for toy story 3?!,"['honytawk', 'need', 'wait', 'another', 'year', 'toy', 'story']"
7284,1961611741,surprise,@HerDesign no one I know likes boiled peanuts t.,"['HerDesign', 'one', 'know', 'like', 'boiled', 'peanut']"
7299,1961613743,surprise,@Beaker1982 Not yet.   Did you?,"['Beaker1982', 'yet']"
7303,1961614885,surprise,"@laurengotgiftz o_O thats cool. Dang, iHave to clean my room now  lol, but good luck w/those jobs gurl","['laurengotgiftz', 'o_O', 'thats', 'cool', 'Dang', 'iHave', 'clean', 'room', 'lol', 'good', 'luck', 'w/those', 'job', 'gurl']"
7308,1961615909,surprise,Making my boyfriend look different.  He's  cute no matter what. &lt;3,"['Making', 'boyfriend', 'look', 'different', ""'s"", 'cute', 'matter', 'lt']"
7317,1961617520,surprise,Must. get. up.,"['Must', 'get']"
7332,1961620107,surprise,why did I ever delete my twitter?,"['ever', 'delete', 'twitter']"
7372,1961652293,surprise,@RodrigoVaca I agree. Everybody would've been excited and then it goes... ohhhh nooooo..... MS screws up again..,"['RodrigoVaca', 'agree', 'Everybody', 'would', ""'ve"", 'excited', 'go', '...', 'ohhhh', 'nooooo', '.....', 'MS', 'screw', '..']"
7376,1961653870,surprise,@twobdesired I did wake up but i appear to have missed you by not much!,"['twobdesired', 'wake', 'appear', 'missed', 'much']"
7390,1961657613,surprise,"@fattonyrap I'm just a couple bus stops away from an LC, but I didn't realize that until about a month or so ago","['fattonyrap', ""'m"", 'couple', 'bus', 'stop', 'away', 'LC', ""n't"", 'realize', 'month', 'ago']"
7426,1961690901,surprise,OMG...the heater in my room has been on all day while i was at school &amp; now it's boiling,"['OMG', '...', 'heater', 'room', 'day', 'school', 'amp', ""'s"", 'boiling']"
7435,1961693845,surprise,@brandyinboise How did you swing those? We didn't get that close.,"['brandyinboise', 'swing', ""n't"", 'get', 'close']"
7448,1961698072,surprise,I think I juz missed my last bus  .. Need to walk home sia - http://tweet.sg,"['think', 'juz', 'missed', 'last', 'bus', '..', 'Need', 'walk', 'home', 'sia', 'http', '//tweet.sg']"
7459,1961701421,surprise,"Oh, ouch. That hurt.  Damn washing machine is out to get me!  &lt;.&lt;    &gt;.&gt;","['Oh', 'ouch', 'hurt', 'Damn', 'washing', 'machine', 'get', 'lt', 'lt', 'gt', 'gt']"
7488,1961743004,surprise,The pool doesnt open til tomorrow!,"['pool', 'doesnt', 'open', 'til', 'tomorrow']"
7506,1961747085,surprise,"The young lady in the local Chinese taking orders is, it has to be said, very cute indeed. Pity I'm probably twice her age","['young', 'lady', 'local', 'Chinese', 'taking', 'order', 'said', 'cute', 'indeed', 'Pity', ""'m"", 'probably', 'twice', 'age']"
7540,1961753984,surprise,@kennyblak We wasnt invited to yall get togethers either! Then @tnlos and @josmoke was playin security and told us to be quiet!!,"['kennyblak', 'wasnt', 'invited', 'yall', 'get', 'togethers', 'either', 'tnlos', 'josmoke', 'playin', 'security', 'told', 'u', 'quiet']"
7559,1961760600,surprise,@scythianmusic PLEASE come to Minneapolis/St. Paul area!!!! I looked on your schedule but I don't see anything close anytime soon.,"['scythianmusic', 'PLEASE', 'come', 'Minneapolis/St', 'Paul', 'area', 'looked', 'schedule', ""n't"", 'see', 'anything', 'close', 'anytime', 'soon']"
7566,1961762166,surprise,@peterloggins ... schedule says 10:30 class? I will be late for 10  #campjitterbug,"['peterloggins', '...', 'schedule', 'say', '10:30', 'class', 'late', '10', 'campjitterbug']"
7567,1961762432,surprise,I work in one hour,"['work', 'one', 'hour']"
7573,1961764092,surprise,@loldarian oh ok  I guess next time then!,"['loldarian', 'oh', 'ok', 'guess', 'next', 'time']"
7587,1961767400,surprise,@katyb_ haha tell me about. I've had this feeling everyday of this week,"['katyb_', 'haha', 'tell', ""'ve"", 'feeling', 'everyday', 'week']"
7661,1961826889,surprise,The comp deleted half my apps,"['comp', 'deleted', 'half', 'apps']"
7704,1961865808,surprise,@cassendraaa YES QUITE HOT WHAT. and ya la gays are the in thing.,"['cassendraaa', 'YES', 'QUITE', 'HOT', 'ya', 'la', 'gay', 'thing']"
7755,1961877784,surprise,Well done doing blood work..its hot out again,"['Well', 'done', 'blood', 'work', '..', 'hot']"
7778,1961889759,surprise,broke my gorilla pod  and I think one Lego Knight lost his helmet,"['broke', 'gorilla', 'pod', 'think', 'one', 'Lego', 'Knight', 'lost', 'helmet']"
7787,1961891984,surprise,wants this summer to actually have some sun in it,"['want', 'summer', 'actually', 'sun']"
7801,1961895318,surprise,@Ferarro Is that why your blog is set to private?,"['Ferarro', 'blog', 'set', 'private']"
7813,1961897913,surprise,"omg, my right hear us blocked and it's so annoying. what i i wake up deaf?","['omg', 'right', 'hear', 'u', 'blocked', ""'s"", 'annoying', 'wake', 'deaf']"
7972,1961967059,surprise,@that_kat why not??  xxx,"['that_kat', 'xxx']"
8027,1961995333,surprise,"@natalietran hey Nat, just wondering, why are your videos never available on the iPhone?","['natalietran', 'hey', 'Nat', 'wondering', 'video', 'never', 'available', 'iPhone']"
8033,1961997205,surprise,@mawbooks I want a copy to read! I can't find it at my little library.  #bea09,"['mawbooks', 'want', 'copy', 'read', 'ca', ""n't"", 'find', 'little', 'library', 'bea09']"
8035,1961997867,surprise,@cocodkr the vid-link is not working  but snatched some people to follow off your list ;P,"['cocodkr', 'vid-link', 'working', 'snatched', 'people', 'follow', 'list', 'P']"
8046,1962000215,surprise,Ugh its really hot today already and its not even noon yet  i want ice water!,"['Ugh', 'really', 'hot', 'today', 'already', 'even', 'noon', 'yet', 'want', 'ice', 'water']"
8060,1962003761,surprise,"@awaisnaseer I had mailed @badar76 for something, you got the e-mail, I didn't which should probly mean I won't get it","['awaisnaseer', 'mailed', 'badar76', 'something', 'got', 'e-mail', ""n't"", 'probly', 'mean', 'wo', ""n't"", 'get']"
8125,1962025175,surprise,Can't believe i'm spending my lunch break inside @ my desk,"['Ca', ""n't"", 'believe', ""'m"", 'spending', 'lunch', 'break', 'inside', 'desk']"
8176,1962060629,surprise,Why doesn't McDonald's make PINEAPPLE pies?,"[""n't"", 'McDonald', ""'s"", 'make', 'PINEAPPLE', 'pie']"
8188,1962063225,surprise,"@MetromixOrlando ok cause the one  S orange is still open. Whew, you just scared me. Sorry the one by you closed","['MetromixOrlando', 'ok', 'cause', 'one', 'orange', 'still', 'open', 'Whew', 'scared', 'Sorry', 'one', 'closed']"
8206,1962067174,surprise,just woke up to a flat tire,"['woke', 'flat', 'tire']"
8218,1962069480,surprise,"Awww NOOO, not my Venus        Will redemption come in doubles?","['Awww', 'NOOO', 'Venus', 'redemption', 'come', 'double']"
8240,1962103485,surprise,@tealshocked thats because im getting a new phone since my other phone dont work at all,"['tealshocked', 'thats', 'im', 'getting', 'new', 'phone', 'since', 'phone', 'dont', 'work']"
8256,1962107151,surprise,is at the beach watching Xmen Origins and drinking orange juice with no pulp,"['beach', 'watching', 'Xmen', 'Origins', 'drinking', 'orange', 'juice', 'pulp']"
8273,1962110365,surprise,@jury323 ommg gurll why aren't u going how sad,"['jury323', 'ommg', 'gurll', ""n't"", 'u', 'going', 'sad']"
8303,1962117413,surprise,"@crystaaale dude, that's eff'ed up. LOL @ chris browning you. We live so far apart and Im afraid to fly","['crystaaale', 'dude', ""'s"", ""eff'ed"", 'LOL', 'chris', 'browning', 'live', 'far', 'apart', 'Im', 'afraid', 'fly']"
8308,1962135505,surprise,"@awaisnaseer I mailed @badar76 for some help, you got reply right now from him, I didn't get, which should probly mean I won't get it","['awaisnaseer', 'mailed', 'badar76', 'help', 'got', 'reply', 'right', ""n't"", 'get', 'probly', 'mean', 'wo', ""n't"", 'get']"
8316,1962136850,surprise,"@jerwjr Yes.  Me too. I can't understand why they have to do that. I mean, I know it's all about Hollywood, but this thing is called love.","['jerwjr', 'Yes', 'ca', ""n't"", 'understand', 'mean', 'know', ""'s"", 'Hollywood', 'thing', 'called', 'love']"
8323,1962138663,surprise,@LadyLogan awwwwww i wish her to be safe while shes gone n hugs to u must of been hard to say goodbye,"['LadyLogan', 'awwwwww', 'wish', 'safe', 'shes', 'gone', 'n', 'hug', 'u', 'must', 'hard', 'say', 'goodbye']"
8347,1962144559,surprise,where did the rain go??,"['rain', 'go']"
8355,1962146374,surprise,Dance Flick actually NOT that good!,"['Dance', 'Flick', 'actually', 'good']"
8367,1962147914,surprise,"Chinese Lunch Buffet: $4.50 - Add a soda $1.25 - Noticing the Health Inspection score of 81 as I walk out with my bag, Priceless .....","['Chinese', 'Lunch', 'Buffet', '4.50', 'Add', 'soda', '1.25', 'Noticing', 'Health', 'Inspection', 'score', '81', 'walk', 'bag', 'Priceless', '.....']"
8373,1962149190,surprise,"BTW, for the record, can I just say I have waaay too many clothes.  While packing, found a green boa &amp; a 22&quot; velvet and black corset.","['BTW', 'record', 'say', 'waaay', 'many', 'clothes', 'packing', 'found', 'green', 'boa', 'amp', '22', 'quot', 'velvet', 'black', 'corset']"
8400,1962169841,surprise,"Wired mag needs to seriously chill out. I just renewed barely 3 months ago, yet they've already sent me 5 renewal letters for next year!","['Wired', 'mag', 'need', 'seriously', 'chill', 'renewed', 'barely', 'month', 'ago', 'yet', ""'ve"", 'already', 'sent', 'renewal', 'letter', 'next', 'year']"
8414,1962171780,surprise,@nick_carter ah nick youï¿½ve set the vid to private  do you not want everyone 2 see it or has it been a mistake?,"['nick_carter', 'ah', 'nick', 'youï¿½ve', 'set', 'vid', 'private', 'want', 'everyone', 'see', 'mistake']"
8450,1962190247,surprise,"@duncangela I tried sooooo hard to work from home today, but failed  Not my fault though.","['duncangela', 'tried', 'sooooo', 'hard', 'work', 'home', 'today', 'failed', 'fault', 'though']"
8454,1962190542,surprise,"@yoha_ahoy yeah I really want one too!  Probably in the winter I may be able to get one, but until then.","['yoha_ahoy', 'yeah', 'really', 'want', 'one', 'Probably', 'winter', 'may', 'able', 'get', 'one']"
8488,1962198322,surprise,"just got back from the BBQ, i got sunburn on my legs, well sore","['got', 'back', 'BBQ', 'got', 'sunburn', 'leg', 'well', 'sore']"
8632,1962237614,surprise,Ugh. Another &quot;what day is it today?&quot; (5 most uttered words last 2 weeks for me) - Missed a 10 yr old birthday &amp; it was even on my iCal.,"['Ugh', 'Another', 'quot', 'day', 'today', 'quot', 'uttered', 'word', 'last', 'week', 'Missed', '10', 'yr', 'old', 'birthday', 'amp', 'even', 'iCal']"
8642,1962239983,surprise,"Yea, someone is getting the best of me.","['Yea', 'someone', 'getting', 'best']"
8646,1962241339,surprise,Cops tell #Tori's Dad they may never find her remains  http://lfpress.ca/newsstand,"['Cops', 'tell', 'Tori', ""'s"", 'Dad', 'may', 'never', 'find', 'remains', 'http', '//lfpress.ca/newsstand']"
8657,1962244218,surprise,Found out that a schoolmate died of an heart attack this morning. He was barely 35  will miss u bally!,"['Found', 'schoolmate', 'died', 'heart', 'attack', 'morning', 'barely', '35', 'miss', 'u', 'bally']"
8667,1962253242,surprise,im still melting and im in the house in the shade  its not fair.,"['im', 'still', 'melting', 'im', 'house', 'shade', 'fair']"
8668,1962253617,surprise,Okay.. so someone has my keys or they are -really- good at this &quot;hide from James&quot; game.,"['Okay', '..', 'someone', 'key', '-really-', 'good', 'quot', 'hide', 'James', 'quot', 'game']"
8673,1962254305,surprise,Woke up early!! Dang man I know i'm not going back to sleep,"['Woke', 'early', 'Dang', 'man', 'know', ""'m"", 'going', 'back', 'sleep']"
8697,1962261505,surprise,just watching hollyoaks omg,"['watching', 'hollyoaks', 'omg']"
8714,1962264343,surprise,@channilein It didn't start as a long message ... It just got longer when I wrote it,"['channilein', ""n't"", 'start', 'long', 'message', '...', 'got', 'longer', 'wrote']"
8724,1962266547,surprise,@calamitylill Can you send out letters/emails to clients to remind them you're there?,"['calamitylill', 'send', 'letters/emails', 'client', 'remind', ""'re""]"
8736,1962268529,surprise,I spent an hour this morning going through yearbooks to see when each senior started to Harleton. My speech will be so boring.,"['spent', 'hour', 'morning', 'going', 'yearbook', 'see', 'senior', 'started', 'Harleton', 'speech', 'boring']"
8771,1962301674,surprise,"I want to go outside and play in the sunshine, but I have to sit in front of a computer all day   At least I can have lunch on the patio!","['want', 'go', 'outside', 'play', 'sunshine', 'sit', 'front', 'computer', 'day', 'least', 'lunch', 'patio']"
8778,1962302611,surprise,http://tinyurl.com/ry9wap Hi!!! You are pretty man... I cant upload more pics here for some reason  You wrote you wish to find a women ...,"['http', '//tinyurl.com/ry9wap', 'Hi', 'pretty', 'man', '...', 'cant', 'upload', 'pic', 'reason', 'wrote', 'wish', 'find', 'woman', '...']"
8781,1962303360,surprise,sleeping in was interupted by JACK-HAMMERS at 9am Damn! Universe says GET UP! But I was up intil 3am 'cause I thougth I'd be sleeping in,"['sleeping', 'interupted', 'JACK-HAMMERS', '9am', 'Damn', 'Universe', 'say', 'GET', 'intil', '3am', ""'cause"", 'thougth', ""'d"", 'sleeping']"
8810,1962310359,surprise,"@Carmnx Aawh, that; s too bad","['Carmnx', 'Aawh', 'bad']"
8816,1962312338,surprise,@nick_carter  we can't see the video it's private,"['nick_carter', 'ca', ""n't"", 'see', 'video', ""'s"", 'private']"
8824,1962319426,surprise,got caught in the rain outside. now im cold bbbbrrrrrrrrr,"['got', 'caught', 'rain', 'outside', 'im', 'cold', 'bbbbrrrrrrrrr']"
8828,1962320016,surprise,wow! Leonardo DiCaprio and Jennifer Davisson Killoran are the producers  of the movie: ORPHAN  !! i have direct contact info for them too!,"['wow', 'Leonardo', 'DiCaprio', 'Jennifer', 'Davisson', 'Killoran', 'producer', 'movie', 'ORPHAN', 'direct', 'contact', 'info']"
8855,1962325991,surprise,Did yall know a kid drowned after trying to swim to the bottom of the ocean in order to find sponge bobs pineapple house? rofl sowy,"['yall', 'know', 'kid', 'drowned', 'trying', 'swim', 'bottom', 'ocean', 'order', 'find', 'sponge', 'bob', 'pineapple', 'house', 'rofl', 'sowy']"
8877,1962331462,surprise,@tursiops718 Ohnoes!   That's icky!,"['tursiops718', 'Ohnoes', ""'s"", 'icky']"
8883,1962333678,surprise,Running around doing errands on my last day in Charlotte  I would much rather be shopping!!,"['Running', 'around', 'errand', 'last', 'day', 'Charlotte', 'would', 'much', 'rather', 'shopping']"
8887,1962363729,surprise,Warren and Hannah are dead ... oh my godd!! Seriousslyyy this is a tragidy !,"['Warren', 'Hannah', 'dead', '...', 'oh', 'godd', 'Seriousslyyy', 'tragidy']"
8905,1962366639,surprise,"Thought I'd check out home, that was 10 minutes ago, downloading update, now home square....that's why I can't be bothered with it Sony","['Thought', ""'d"", 'check', 'home', '10', 'minute', 'ago', 'downloading', 'update', 'home', 'square', '....', ""'s"", 'ca', ""n't"", 'bothered', 'Sony']"
8915,1962368886,surprise,:O Can't believe Hannahs dead in Hollyoaks!!,"['Ca', ""n't"", 'believe', 'Hannahs', 'dead', 'Hollyoaks']"
8931,1962372540,surprise,@ruby_may http://tinyurl.com/n23akq &lt; that! its so cute and currently has ymas pumping full blast ! i dont know what to revise for comms,"['ruby_may', 'http', '//tinyurl.com/n23akq', 'lt', 'cute', 'currently', 'ymas', 'pumping', 'full', 'blast', 'dont', 'know', 'revise', 'comms']"
8932,1962372642,surprise,Omg. That's all I can say,"['Omg', ""'s"", 'say']"
8941,1962373485,surprise,"@88brit06 def see ya tonight, we must get some RN photo's, I didn't get any yesterday  lol! And thanks for doing so, please don't forget!","['88brit06', 'def', 'see', 'ya', 'tonight', 'must', 'get', 'RN', 'photo', ""'s"", ""n't"", 'get', 'yesterday', 'lol', 'thanks', 'please', ""n't"", 'forget']"
8943,1962374295,surprise,why is it still raining?!  at least i have cute rainboots,"['still', 'raining', 'least', 'cute', 'rainboots']"
8961,1962381380,surprise,@katarinasmama it was WAY too fast,"['katarinasmama', 'WAY', 'fast']"
8973,1962384767,surprise,"@ClaytonCalhoon I know, huh?","['ClaytonCalhoon', 'know', 'huh']"
8994,1962388943,surprise,@CraigN No surprise there. They probably don't know themselves where it is,"['CraigN', 'surprise', 'probably', ""n't"", 'know']"
21,1956972097,fun,"Wondering why I'm awake at 7am,writing a new song,plotting my evil secret plots muahahaha...oh damn it,not secret anymore","['Wondering', ""'m"", 'awake', '7am', 'writing', 'new', 'song', 'plotting', 'evil', 'secret', 'plot', 'muahahaha', '...', 'oh', 'damn', 'secret', 'anymore']"
41,1956977187,fun,@DavidArchie &lt;3 your gonna be the first  twitter ;) cause your amazing lol. come to canada  would do anything to see you perform,"['DavidArchie', 'lt', 'gon', 'na', 'first', 'twitter', 'cause', 'amazing', 'lol', 'come', 'canada', 'would', 'anything', 'see', 'perform']"
148,1957001854,fun,RIP leonardo. You were a great mini fiddler crab,"['RIP', 'leonardo', 'great', 'mini', 'fiddler', 'crab']"
165,1957005696,fun,@IdleThumbs Up is out?  I didn't get the memo   It looks amazing.,"['IdleThumbs', ""n't"", 'get', 'memo', 'look', 'amazing']"
179,1957007268,fun,@relly1  OMG Ur alive!!! LOL  2day has gone sooo slow  I'm going insane Grrr You doing anything tonight?,"['relly1', 'OMG', 'Ur', 'alive', 'LOL', '2day', 'gone', 'sooo', 'slow', ""'m"", 'going', 'insane', 'Grrr', 'anything', 'tonight']"
182,1957007437,fun,"@JessiJaeJoplin did you get them from california vintage? ahahah they have the BEST dresses, i want them but i dont have ebay","['JessiJaeJoplin', 'get', 'california', 'vintage', 'ahahah', 'BEST', 'dress', 'want', 'dont', 'ebay']"
198,1957010329,fun,(@wendyisastar) @melluffsyew Umm yeah. That's probably a pretty good note to self because eeeeeewwwwwwww.,"['wendyisastar', 'melluffsyew', 'Umm', 'yeah', ""'s"", 'probably', 'pretty', 'good', 'note', 'self', 'eeeeeewwwwwwww']"
286,1957031859,fun,@OooChelcyooO That's awesome! We have that this weekend too but I can't go because I'm moving this Sat.  I should be a lot of fun though,"['OooChelcyooO', ""'s"", 'awesome', 'weekend', 'ca', ""n't"", 'go', ""'m"", 'moving', 'Sat', 'lot', 'fun', 'though']"
471,1957079355,fun,"i should be finished.... but i'm not.  color drawing, here i come.","['finished', '....', ""'m"", 'color', 'drawing', 'come']"
658,1957119110,fun,@plantweb  Lettuce &amp; spinach does best in cool weather.. I live in florida..not much luck growing those..,"['plantweb', 'Lettuce', 'amp', 'spinach', 'best', 'cool', 'weather', '..', 'live', 'florida', '..', 'much', 'luck', 'growing', '..']"
686,1957124444,fun,@JetWolf I know I enjoy watching you two on twitter. About as entertaining as the comic.  That I miss,"['JetWolf', 'know', 'enjoy', 'watching', 'two', 'twitter', 'entertaining', 'comic', 'miss']"
727,1957134278,fun,My BFF rocking Hotel California now. No @NKOTB songs!  done stay the same. What's next? Hmmm.. Careless whisper!,"['BFF', 'rocking', 'Hotel', 'California', 'NKOTB', 'song', 'done', 'stay', ""'s"", 'next', 'Hmmm', '..', 'Careless', 'whisper']"
809,1957150281,fun,@BriannaBanshee such a dissapointment  hhaha,"['BriannaBanshee', 'dissapointment', 'hhaha']"
819,1957151886,fun,"creeped it up at the ice cream social! good times. lars and the real girl, such a sad movie","['creeped', 'ice', 'cream', 'social', 'good', 'time', 'lars', 'real', 'girl', 'sad', 'movie']"
908,1957171745,fun,was playing street fighter IV and Seth Raped me,"['playing', 'street', 'fighter', 'IV', 'Seth', 'Raped']"
996,1957192594,fun,must clear out my DVR... getting rid of it tomorrw.,"['must', 'clear', 'DVR', '...', 'getting', 'rid', 'tomorrw']"
1040,1957202373,fun,@Jukie_08 hell yeah! i missed u last nite  lol do u like my opinion?,"['Jukie_08', 'hell', 'yeah', 'missed', 'u', 'last', 'nite', 'lol', 'u', 'like', 'opinion']"
1101,1957216783,fun,i wish i was at @angelcore's burning trees and trying on dresses...,"['wish', 'angelcore', ""'s"", 'burning', 'tree', 'trying', 'dress', '...']"
1102,1957216827,fun,I just spent 2 hours playing TF2 and I don't think I'm any better at it than when I started.,"['spent', 'hour', 'playing', 'TF2', ""n't"", 'think', ""'m"", 'better', 'started']"
1168,1957232619,fun,is it unny today or not? taking too long to decide haha. i wna get a tan,"['unny', 'today', 'taking', 'long', 'decide', 'haha', 'wna', 'get', 'tan']"
1224,1957245904,fun,"I just watched 7 pounds, maaaannnnnnnnn!","['watched', 'pound', 'maaaannnnnnnnn']"
1247,1957251669,fun,so much fun at the beach today!  and delicious dinner at @kimbononowowo's house!! i friggin love Mark and Josh!! I'm gonna miss them!!,"['much', 'fun', 'beach', 'today', 'delicious', 'dinner', 'kimbononowowo', ""'s"", 'house', 'friggin', 'love', 'Mark', 'Josh', ""'m"", 'gon', 'na', 'miss']"
1390,1957292590,fun,@OXtravaganza and I was just gonna ask you if you wanted to go to CLUB Hidden House on sat night. hehe.,"['OXtravaganza', 'gon', 'na', 'ask', 'wanted', 'go', 'CLUB', 'Hidden', 'House', 'sat', 'night', 'hehe']"
1490,1957319044,fun,@TerrenceJ106  aww-that's my last one. Roo-Oop,"['TerrenceJ106', 'aww-that', ""'s"", 'last', 'one', 'Roo-Oop']"
1491,1957319291,fun,@ghozali actually I'd prefer a rum or gin but don't have have any as I've preferred them too much previously,"['ghozali', 'actually', ""'d"", 'prefer', 'rum', 'gin', ""n't"", ""'ve"", 'preferred', 'much', 'previously']"
1544,1957335162,fun,@kevindavis1914 @taylorblack said no  ...she'll b @ home in 5mins to tweet u lol,"['kevindavis1914', 'taylorblack', 'said', '...', ""'ll"", 'b', 'home', '5mins', 'tweet', 'u', 'lol']"
1571,1957342606,fun,i really want a blackberry  my sidekick is hella wack. night,"['really', 'want', 'blackberry', 'sidekick', 'hella', 'wack', 'night']"
1592,1957347193,fun,Listening to some nice music.. I think I should go to bed now so I get nice and rested but i'll miss Russel Brand's Ponderland,"['Listening', 'nice', 'music', '..', 'think', 'go', 'bed', 'get', 'nice', 'rested', ""'ll"", 'miss', 'Russel', 'Brand', ""'s"", 'Ponderland']"
1609,1957351242,fun,EXPECTO PATRONUM!!! ----- nothing happens..,"['EXPECTO', 'PATRONUM', '--', '--', 'nothing', 'happens', '..']"
1716,1957379307,fun,Walking to work on a gloriously sunny day. Going to be a good weekend in which I will burn as always even with suncream on  #fb,"['Walking', 'work', 'gloriously', 'sunny', 'day', 'Going', 'good', 'weekend', 'burn', 'always', 'even', 'suncream', 'fb']"
1737,1957386633,fun,@joanne7964 yeah I was like oh oh oh yeah that's it but then she said no  lol bummer,"['joanne7964', 'yeah', 'like', 'oh', 'oh', 'oh', 'yeah', ""'s"", 'said', 'lol', 'bummer']"
1753,1957389794,fun,@ThatPaigeKid haha so your having father daugter bonding time? Lol anyways I g2g work get on msn later I'll be bored  x,"['ThatPaigeKid', 'haha', 'father', 'daugter', 'bonding', 'time', 'Lol', 'anyways', 'g2g', 'work', 'get', 'msn', 'later', ""'ll"", 'bored', 'x']"
1816,1957403939,fun,@amyypee LOL i know! i only get to read it sometimes though cos my dad always chucks it out before he gets home,"['amyypee', 'LOL', 'know', 'get', 'read', 'sometimes', 'though', 'co', 'dad', 'always', 'chuck', 'get', 'home']"
1866,1957415182,fun,@DoeMarley SOMEBODY ACTUALLY TOLD ME THAT!!  LOL,"['DoeMarley', 'SOMEBODY', 'ACTUALLY', 'TOLD', 'LOL']"
2069,1957464188,fun,Is constantly listening to the @Jonasbrothers song Fly with Me...b/c it's the cutest song...&quot;Peter Pan &amp; Wendy turned out fine&quot;,"['constantly', 'listening', 'Jonasbrothers', 'song', 'Fly', '...', 'b/c', ""'s"", 'cutest', 'song', '...', 'quot', 'Peter', 'Pan', 'amp', 'Wendy', 'turned', 'fine', 'quot']"
2084,1957467582,fun,"@sweetavalanche lol yeah  haha. yeah, things are okay, pretty much the same. slowly sorting out everything lol. exams are coming D: haha","['sweetavalanche', 'lol', 'yeah', 'haha', 'yeah', 'thing', 'okay', 'pretty', 'much', 'slowly', 'sorting', 'everything', 'lol', 'exam', 'coming', 'haha']"
2116,1957474409,fun,"http://twitpic.com/6661g - is on her last day at METRO magazine  Ta-ta, dream job. (PS: June issue out now. Czech it out!)","['http', '//twitpic.com/6661g', 'last', 'day', 'METRO', 'magazine', 'Ta-ta', 'dream', 'job', 'PS', 'June', 'issue', 'Czech']"
2152,1957482102,fun,@twebbstack nuhhhh no info on ticketek yet  Heaps excited though! I dont care how much but I hope it isn't too much..,"['twebbstack', 'nuhhhh', 'info', 'ticketek', 'yet', 'Heaps', 'excited', 'though', 'dont', 'care', 'much', 'hope', ""n't"", 'much', '..']"
2181,1957486984,fun,"Want to get my hands dirty with FubuMVC. http://bit.ly/J00ha, but the document is not yet complete","['Want', 'get', 'hand', 'dirty', 'FubuMVC', 'http', '//bit.ly/J00ha', 'document', 'yet', 'complete']"
2232,1957500630,fun,@Knightpkf Yay! Thank you.. Feels like ur yelling at us   LOL,"['Knightpkf', 'Yay', 'Thank', '..', 'Feels', 'like', 'ur', 'yelling', 'u', 'LOL']"
2257,1957504642,fun,there are # days of summervac &amp; school comes along just 2 end it &amp; the annual problem of r generation is finding a good way 2 spend it!!,"['day', 'summervac', 'amp', 'school', 'come', 'along', 'end', 'amp', 'annual', 'problem', 'r', 'generation', 'finding', 'good', 'way', 'spend']"
2262,1957505533,fun,@lesleyroy haha! nice! Have fun doll! Hopefully I'll see ya soon! I miss ur face!,"['lesleyroy', 'haha', 'nice', 'fun', 'doll', 'Hopefully', ""'ll"", 'see', 'ya', 'soon', 'miss', 'ur', 'face']"
2270,1957508197,fun,yummy chocolate cake..wish even i got one for my b'day!!   anybody listening???,"['yummy', 'chocolate', 'cake', '..', 'wish', 'even', 'got', 'one', ""b'day"", 'anybody', 'listening']"
2300,1957514387,fun,@SplashAdams ill be alright but the whip may not,"['SplashAdams', 'ill', 'alright', 'whip', 'may']"
2304,1957515026,fun,@kimberly__joy i feel like red lea now,"['kimberly__joy', 'feel', 'like', 'red', 'lea']"
2312,1957516839,fun,Five o'clock can't come any faster,"['Five', ""o'clock"", 'ca', ""n't"", 'come', 'faster']"
2328,1957520247,fun,Planning a road trip down to San Diego- With a detour into Vegas to celebrate my birthday! Too bad it's 7 wks away  I want to go now!,"['Planning', 'road', 'trip', 'San', 'Diego-', 'detour', 'Vegas', 'celebrate', 'birthday', 'bad', ""'s"", 'wks', 'away', 'want', 'go']"
2335,1957521136,fun,@JBFutureboy lucky kid...i so wanna see loserville  pity im in oz....,"['JBFutureboy', 'lucky', 'kid', '...', 'wan', 'na', 'see', 'loserville', 'pity', 'im', 'oz', '....']"
2521,1957563194,fun,"i didn't have fun at the club tonight, had a lot on my mind","[""n't"", 'fun', 'club', 'tonight', 'lot', 'mind']"
2662,1957596519,fun,"@Bass_ Heading off to Poole around 4ish, @LucyKD has some serious gardening to do before we go, no Tweetdeck til Sunday evening,","['Bass_', 'Heading', 'Poole', 'around', '4ish', 'LucyKD', 'serious', 'gardening', 'go', 'Tweetdeck', 'til', 'Sunday', 'evening']"
2682,1957602228,fun,"I'm saying goodbye to Sydney for a few days, and Hello to Rapeville.... I'll miss pretty","[""'m"", 'saying', 'goodbye', 'Sydney', 'day', 'Hello', 'Rapeville', '....', ""'ll"", 'miss', 'pretty']"
2767,1957622502,fun,This is great curl-up-in-a-ball-and-read later. I wish I had a book.,"['great', 'curl-up-in-a-ball-and-read', 'later', 'wish', 'book']"
2823,1957635726,fun,@heyennovy haha we had balcony seats  not that great. there's a giant dragon thing that has glowing red eyes and moves its wings!,"['heyennovy', 'haha', 'balcony', 'seat', 'great', ""'s"", 'giant', 'dragon', 'thing', 'glowing', 'red', 'eye', 'move', 'wing']"
2851,1957639561,fun,@theJBs @wearecutaways  We were all set to get a room last Saturday! I can't apologise enough for missing out Deccy,"['theJBs', 'wearecutaways', 'set', 'get', 'room', 'last', 'Saturday', 'ca', ""n't"", 'apologise', 'enough', 'missing', 'Deccy']"
2852,1957639612,fun,@aravindkumar Whats up today..? missed the #coffeeclub that day,"['aravindkumar', 'Whats', 'today', '..', 'missed', 'coffeeclub', 'day']"
2854,1957639945,fun,I wanna see the Jonas Brothers in concert..,"['wan', 'na', 'see', 'Jonas', 'Brothers', 'concert', '..']"
2898,1957650050,fun,Why can't I see WHITE SOX players @ random bars I go to.. NOT Cubs players  waaah,"['ca', ""n't"", 'see', 'WHITE', 'SOX', 'player', 'random', 'bar', 'go', '..', 'Cubs', 'player', 'waaah']"
2919,1957655552,fun,"All alone in this old house again.  Thanks for the net which keeps me alive and kicking! Whoever invented the net, i wanna kiss your hair!","['alone', 'old', 'house', 'Thanks', 'net', 'keep', 'alive', 'kicking', 'Whoever', 'invented', 'net', 'wan', 'na', 'kiss', 'hair']"
2958,1957663990,fun,@QueenKelso dooood! it is working! tea time later? are you working tonight?,"['QueenKelso', 'dooood', 'working', 'tea', 'time', 'later', 'working', 'tonight']"
3024,1957678866,fun,"@shanzer22  you're missing out, bb! i'm such a cereal nut, i think i like every kind available.","['shanzer22', ""'re"", 'missing', 'bb', ""'m"", 'cereal', 'nut', 'think', 'like', 'every', 'kind', 'available']"
3027,1957679152,fun,@Banette_ good to be back! It's really late though and I just got back from scaring some people and I'm pleased but really tired,"['Banette_', 'good', 'back', ""'s"", 'really', 'late', 'though', 'got', 'back', 'scaring', 'people', ""'m"", 'pleased', 'really', 'tired']"
3197,1957726484,fun,morning all....beautiful day...best go enjoy some sunshine before i have to go to work...unfortunately,"['morning', '....', 'beautiful', 'day', '...', 'best', 'go', 'enjoy', 'sunshine', 'go', 'work', '...', 'unfortunately']"
3240,1957736515,fun,"@eljefe1401 oh, joy. We have the Elmo potty video too.","['eljefe1401', 'oh', 'joy', 'Elmo', 'potty', 'video']"
3268,1957742696,fun,leather shoes and bags are so hard to resist..,"['leather', 'shoe', 'bag', 'hard', 'resist', '..']"
3273,1957743491,fun,@StorIbook8 I see. Lol. I'll make it fun for you to follow me tomorrow...I have to go to bed now.,"['StorIbook8', 'see', 'Lol', ""'ll"", 'make', 'fun', 'follow', 'tomorrow', '...', 'go', 'bed']"
3280,1957744492,fun,I want to play parachute games.,"['want', 'play', 'parachute', 'game']"
3322,1957754460,fun,What a beautiful day! Going to edit Lisa Maxwell interview from her last day at The Bill now. Shame I can't see my laptop screen outside,"['beautiful', 'day', 'Going', 'edit', 'Lisa', 'Maxwell', 'interview', 'last', 'day', 'Bill', 'Shame', 'ca', ""n't"", 'see', 'laptop', 'screen', 'outside']"
3332,1957757593,fun,"@ashetler I've totally been MIA, i know  bad me","['ashetler', ""'ve"", 'totally', 'MIA', 'know', 'bad']"
3383,1958036042,fun,@DJIronik hmm....well it aint that hot in hull lol   xx,"['DJIronik', 'hmm', '....', 'well', 'aint', 'hot', 'hull', 'lol', 'xx']"
3391,1958037565,fun,"Just found out my kitty isn't pregnant  its a good thing though, we are going to adopt one instead","['found', 'kitty', ""n't"", 'pregnant', 'good', 'thing', 'though', 'going', 'adopt', 'one', 'instead']"
3456,1958051442,fun,Working at home  Wifi not reaching the garden,"['Working', 'home', 'Wifi', 'reaching', 'garden']"
3473,1958054940,fun,Goin 2 eat some SMACKS 4 breakfast then getting started on my day- catch ya on the flipside- I really wish I cud go mobile-dang Bahrain,"['Goin', 'eat', 'SMACKS', 'breakfast', 'getting', 'started', 'day-', 'catch', 'ya', 'flipside-', 'really', 'wish', 'cud', 'go', 'mobile-dang', 'Bahrain']"
3482,1958057287,fun,@Moyo88 oh no! I woke up accidentally.  how can we get you to fall asleep? Should I scare you with P2 or P3 stories? JK!,"['Moyo88', 'oh', 'woke', 'accidentally', 'get', 'fall', 'asleep', 'scare', 'P2', 'P3', 'story', 'JK']"
3552,1958073482,fun,@jodieharsh Ahhh so Jealous!  Have a nice time and I'll see you when you get back x,"['jodieharsh', 'Ahhh', 'Jealous', 'nice', 'time', ""'ll"", 'see', 'get', 'back', 'x']"
3559,1958074577,fun,"I'm not looking forward to working over the next 8 days! Come next Sunday, I may or may not be dead","[""'m"", 'looking', 'forward', 'working', 'next', 'day', 'Come', 'next', 'Sunday', 'may', 'may', 'dead']"
3599,1958083743,fun,"@sweetkisses277 Yup, 1987 lol. SWEET YEAR  haha","['sweetkisses277', 'Yup', '1987', 'lol', 'SWEET', 'YEAR', 'haha']"
3643,1958093437,fun,Ive finished 4th year!!! Argh Uni is going soooooo quick,"['Ive', 'finished', '4th', 'year', 'Argh', 'Uni', 'going', 'soooooo', 'quick']"
3688,1958103630,fun,home sweet home? i think no! huaaaa,"['home', 'sweet', 'home', 'think', 'huaaaa']"
3713,1958109277,fun,TWEEEEEET! good morning twitterland! going to work at 1 so need to keep packing and cleaning this flat! move out in t minus one day,"['TWEEEEEET', 'good', 'morning', 'twitterland', 'going', 'work', 'need', 'keep', 'packing', 'cleaning', 'flat', 'move', 'minus', 'one', 'day']"
3751,1958117297,fun,yay cheerleading when im sick. its gonna be a fun  night peoples,"['yay', 'cheerleading', 'im', 'sick', 'gon', 'na', 'fun', 'night', 'people']"
3987,1960158324,fun,@jennyreyn Fail.    If you fancy a pit stop and a cuppa you know where I am!  lol,"['jennyreyn', 'Fail', 'fancy', 'pit', 'stop', 'cuppa', 'know', 'lol']"
3998,1960161966,fun,Ulcer the Musical! It's ulcer-rific! uls-tacular?! Stomach bleeding fun for the whole family!! (apparently even two drinks is a no no),"['Ulcer', 'Musical', ""'s"", 'ulcer-rific', 'uls-tacular', 'Stomach', 'bleeding', 'fun', 'whole', 'family', 'apparently', 'even', 'two', 'drink']"
4059,1960198264,fun,@DJstweet I know... It was just a joke... all in good fun...  some people get my humor &amp; some don't...,"['DJstweet', 'know', '...', 'joke', '...', 'good', 'fun', '...', 'people', 'get', 'humor', 'amp', ""n't"", '...']"
4085,1960204273,fun,http://twitpic.com/66ltb - Finito~! Hunk Ah Hunk of Burning Love! I do believe my camera phone is stuffed. Stupid blurryness,"['http', '//twitpic.com/66ltb', 'Finito~', 'Hunk', 'Ah', 'Hunk', 'Burning', 'Love', 'believe', 'camera', 'phone', 'stuffed', 'Stupid', 'blurryness']"
4100,1960207689,fun,@NotARichGirl everyone else get all the good stuff!!,"['NotARichGirl', 'everyone', 'else', 'get', 'good', 'stuff']"
4160,1960257337,fun,@shtoofi well just remember that tmrw is another day and hopefully won't be as craptastic. sorry girrrrl,"['shtoofi', 'well', 'remember', 'tmrw', 'another', 'day', 'hopefully', 'wo', ""n't"", 'craptastic', 'sorry', 'girrrrl']"
4173,1960260363,fun,"ready for a very busy, FUN day tomorrow! gotta keep myself busy when my lover is gone","['ready', 'busy', 'FUN', 'day', 'tomorrow', 'got', 'ta', 'keep', 'busy', 'lover', 'gone']"
4242,1960299035,fun,"Travel trade stalwart, David Steele of City Cruises marks his retirement with a Thames Cruise Party tonight - press day means I miss out","['Travel', 'trade', 'stalwart', 'David', 'Steele', 'City', 'Cruises', 'mark', 'retirement', 'Thames', 'Cruise', 'Party', 'tonight', 'press', 'day', 'mean', 'miss']"
4264,1960305139,fun,job hunting. yay.....,"['job', 'hunting', 'yay', '.....']"
4341,1960327891,fun,@Janiro dammm..i thought i was on to something  lollllll,"['Janiro', 'dammm', '..', 'thought', 'something', 'lollllll']"
4359,1960331302,fun,@simonschuster Celebrity sighting: Spongebobs here! #BEA09   LOL! Now I'm even more distraught I missed it,"['simonschuster', 'Celebrity', 'sighting', 'Spongebobs', 'BEA09', 'LOL', ""'m"", 'even', 'distraught', 'missed']"
4382,1960340146,fun,@idlemichael I will watch that at some point. Have it on hd but Stace also wants to see it in hd so waiting,"['idlemichael', 'watch', 'point', 'hd', 'Stace', 'also', 'want', 'see', 'hd', 'waiting']"
4475,1960387680,fun,@vickybonnett lmao! a good push up bra always makes the abs look smaller. in order to have Robbikin-esque abs.. 6 days a week working out,"['vickybonnett', 'lmao', 'good', 'push', 'bra', 'always', 'make', 'ab', 'look', 'smaller', 'order', 'Robbikin-esque', 'ab', '..', 'day', 'week', 'working']"
4503,1960419284,fun,@Craziscorpio ready for the weekend! I hope the sun comes out later today tho.  Where u from?,"['Craziscorpio', 'ready', 'weekend', 'hope', 'sun', 'come', 'later', 'today', 'tho', 'u']"
4541,1960431729,fun,@DJASAP who is @lil214....lili homie...LILI.... and i am black  75% to be exact lol,"['DJASAP', 'lil214', '....', 'lili', 'homie', '...', 'LILI', '....', 'black', '75', 'exact', 'lol']"
4636,1960459566,fun,Good Morning. It's Friday and the start of my work week  But... Lakers are going to take the 4th W tonight. Woohoo GO LAKERS!!!!,"['Good', 'Morning', ""'s"", 'Friday', 'start', 'work', 'week', '...', 'Lakers', 'going', 'take', '4th', 'W', 'tonight', 'Woohoo', 'GO', 'LAKERS']"
4652,1960464921,fun,just spent all day putting up a trampoline but is now too tired to use it...  it is very cool though!!,"['spent', 'day', 'putting', 'trampoline', 'tired', 'use', '...', 'cool', 'though']"
4676,1960469576,fun,@mhisham hahaha tempting! but nvm la. i'm quite a klutz.  i actually fare better with my hp cam LOL,"['mhisham', 'hahaha', 'tempting', 'nvm', 'la', ""'m"", 'quite', 'klutz', 'actually', 'fare', 'better', 'hp', 'cam', 'LOL']"
4687,1960471845,fun,did U watch the spelling bee contest ? winner: Kavya Shivshankar ! Impressive performance - i had not even heared most of the words b4,"['U', 'watch', 'spelling', 'bee', 'contest', 'winner', 'Kavya', 'Shivshankar', 'Impressive', 'performance', 'even', 'heared', 'word', 'b4']"
4706,1960489578,fun,Its already hot outside...  thank goodness my car has amazing a.c!!! cyalater!!! off to work!!!,"['already', 'hot', 'outside', '...', 'thank', 'goodness', 'car', 'amazing', 'a.c', 'cyalater', 'work']"
4726,1960493118,fun,trying to win tickets! com'on dc101...,"['trying', 'win', 'ticket', ""com'on"", 'dc101', '...']"
4815,1960518960,fun,hearing the birds chirp makes me think its nice outside...well its not  rain rain go away!!!,"['hearing', 'bird', 'chirp', 'make', 'think', 'nice', 'outside', '...', 'well', 'rain', 'rain', 'go', 'away']"
4829,1960528762,fun,"@jessicamloring Haha! I can't a good vid of it on tubey,you thugh","['jessicamloring', 'Haha', 'ca', ""n't"", 'good', 'vid', 'tubey', 'thugh']"
4856,1960535809,fun,@jesssicababesss  how unreall  http://twitpic.com/66nvm,"['jesssicababesss', 'unreall', 'http', '//twitpic.com/66nvm']"
4901,1960554443,fun,"@tommcfly Tom! @buonotomato and I were wondering if you'd do a tour in Asia, specifically the Philippines. Any chance you will soon?","['tommcfly', 'Tom', 'buonotomato', 'wondering', ""'d"", 'tour', 'Asia', 'specifically', 'Philippines', 'chance', 'soon']"
4903,1960554951,fun,@inrsoul argh. Interested. Time maybe can't go. Maybe.,"['inrsoul', 'argh', 'Interested', 'Time', 'maybe', 'ca', ""n't"", 'go', 'Maybe']"
5052,1960603006,fun,Demoing with Gary burr!!! So excited to get some &quot;girls&quot; music on tape!! Missing Tayla,"['Demoing', 'Gary', 'burr', 'excited', 'get', 'quot', 'girl', 'quot', 'music', 'tape', 'Missing', 'Tayla']"
5071,1960607071,fun,"@ExtremeWithin Yes, soak it up for sure. It's gonna be fast n furious. Only one show this year  More reason to revel in the moment.","['ExtremeWithin', 'Yes', 'soak', 'sure', ""'s"", 'gon', 'na', 'fast', 'n', 'furious', 'one', 'show', 'year', 'reason', 'revel', 'moment']"
5097,1960618810,fun,I want to go to Universal too!,"['want', 'go', 'Universal']"
5169,1960660348,fun,@briancash Yum...wish we could be there today. I have a cold and don't want to infect others...so we will miss our Friday session.,"['briancash', 'Yum', '...', 'wish', 'could', 'today', 'cold', ""n't"", 'want', 'infect', 'others', '...', 'miss', 'Friday', 'session']"
5212,1960671885,fun,"And figuring out how to watch Middlesbrough games next year, after the dreaded drop.","['figuring', 'watch', 'Middlesbrough', 'game', 'next', 'year', 'dreaded', 'drop']"
5226,1960674625,fun,@JamesDReid i got coupons to Popeye's chicken but I'll probably end up getting a burrito at freshii - this salad joint. healthy,"['JamesDReid', 'got', 'coupon', 'Popeye', ""'s"", 'chicken', ""'ll"", 'probably', 'end', 'getting', 'burrito', 'freshii', 'salad', 'joint', 'healthy']"
5322,1960754735,fun,"@teaanyone why not?  its the most retarded thing someone could do at their 16th, and you know me- I like to be retarded. 8(","['teaanyone', 'retarded', 'thing', 'someone', 'could', '16th', 'know', 'me-', 'like', 'retarded']"
5334,1960757422,fun,"@HelloHolland noooo, why!!  what are you gonna do there? wandelweekend??","['HelloHolland', 'noooo', 'gon', 'na', 'wandelweekend']"
5341,1960758721,fun,@yoitsbooty ) NICE. I want it. I'll get the pirated. ) I MISS YOU,"['yoitsbooty', 'NICE', 'want', ""'ll"", 'get', 'pirated', 'MISS']"
5349,1960759920,fun,@ColinOLN i'm trying to make myself like it but i haven't been successful so far. haha,"['ColinOLN', ""'m"", 'trying', 'make', 'like', ""n't"", 'successful', 'far', 'haha']"
5369,1960763784,fun,@tommcfly Will we see you guys in the Philippines?  That would be the coolest thing ever! Always wanted to go to one of your concerts!,"['tommcfly', 'see', 'guy', 'Philippines', 'would', 'coolest', 'thing', 'ever', 'Always', 'wanted', 'go', 'one', 'concert']"
5414,1960815803,fun,"Mucking about on Guitar Rig 3. The demo, that is","['Mucking', 'Guitar', 'Rig', 'demo']"
5500,1960871822,fun,@CMiget That's always fun to clean up,"['CMiget', ""'s"", 'always', 'fun', 'clean']"
5632,1960953837,fun,"@chickgonebad I have no text plan on my phone.    I'll send the #, though, you're more than welcome to call!","['chickgonebad', 'text', 'plan', 'phone', ""'ll"", 'send', 'though', ""'re"", 'welcome', 'call']"
5670,1960995024,fun,really wanted to go to that gig tonight,"['really', 'wanted', 'go', 'gig', 'tonight']"
5691,1961000292,fun,Fall out boy are in my year book. but only @petewentz,"['Fall', 'boy', 'year', 'book', 'petewentz']"
5801,1961057044,fun,Picking up a couple toys tonight! D300 and 50mm f/1.4! YAY!! :-D Just for the weekend though,"['Picking', 'couple', 'toy', 'tonight', 'D300', '50mm', 'f/1.4', 'YAY', '-D', 'weekend', 'though']"
5803,1961057877,fun,"@HeshieSegal haha I was JUST talking about that to my colleague. I have 539 DMs, only 15 - 20 are actual messages and not spam","['HeshieSegal', 'haha', 'talking', 'colleague', '539', 'DMs', '15', '20', 'actual', 'message', 'spam']"
5883,1961083396,fun,I'm super hungry! Waiting for my biotch to feed me.,"[""'m"", 'super', 'hungry', 'Waiting', 'biotch', 'feed']"
5922,1961092641,fun,@MisterDiggler we told you guys!   we are just going for a while to get our passes then we are going to see UP downtown disney! Yay!,"['MisterDiggler', 'told', 'guy', 'going', 'get', 'pass', 'going', 'see', 'downtown', 'disney', 'Yay']"
5962,1961103545,fun,Listening to Music Box.  When Mariah could still sing,"['Listening', 'Music', 'Box', 'Mariah', 'could', 'still', 'sing']"
5992,1961111760,fun,has two tickets to Amadou and Miriam for Tue. June 2 that I can't use  $25 each to anyone who wants 'em. That's face value. Should be good,"['two', 'ticket', 'Amadou', 'Miriam', 'Tue', 'June', 'ca', ""n't"", 'use', '25', 'anyone', 'want', ""'em"", ""'s"", 'face', 'value', 'good']"
6048,1961132632,fun,@iphonegirl totally! except we can't ride on the sidewalk like when we were kids.  a lot more safe than on the road with crazy drivers.,"['iphonegirl', 'totally', 'except', 'ca', ""n't"", 'ride', 'sidewalk', 'like', 'kid', 'lot', 'safe', 'road', 'crazy', 'driver']"
6049,1961132963,fun,i hope i can find a store to take us,"['hope', 'find', 'store', 'take', 'u']"
6132,1961152309,fun,"@manderbeth aw, no! feel better Mandy! Hope you aren't getting sick  At least we know a nurse, hehe!","['manderbeth', 'aw', 'feel', 'better', 'Mandy', 'Hope', ""n't"", 'getting', 'sick', 'least', 'know', 'nurse', 'hehe']"
6169,1961174539,fun,"I've got sunburnt knees... it's funny now, but I bet they'll sting later   Had a fab day though  x","[""'ve"", 'got', 'sunburnt', 'knee', '...', ""'s"", 'funny', 'bet', ""'ll"", 'sting', 'later', 'fab', 'day', 'though', 'x']"
6186,1961177715,fun,@BADnurse09 that's great! i was never so good at the jump roping...,"['BADnurse09', ""'s"", 'great', 'never', 'good', 'jump', 'roping', '...']"
6223,1961186575,fun,@HiHillaryyy have fun,"['HiHillaryyy', 'fun']"
6237,1961188926,fun,missing @ikewii lol. plaid bud. haha. damn i can't do the BG right.,"['missing', 'ikewii', 'lol', 'plaid', 'bud', 'haha', 'damn', 'ca', ""n't"", 'BG', 'right']"
6393,1961247714,fun,WORS bike race at camp this weekend=a total of 1500 people. Going anywhere Sunday is not an option as they race right past the house  #fb,"['WORS', 'bike', 'race', 'camp', 'weekend=a', 'total', '1500', 'people', 'Going', 'anywhere', 'Sunday', 'option', 'race', 'right', 'past', 'house', 'fb']"
6410,1961252528,fun,says ...tomorrow is another day...  http://plurk.com/p/x1pxh,"['say', '...', 'tomorrow', 'another', 'day', '...', 'http', '//plurk.com/p/x1pxh']"
6516,1961286550,fun,"@ashleytisdale have fun!!!!  i dont have school for a while, wish i could go to germany... its like 1 hour away  xoxo","['ashleytisdale', 'fun', 'dont', 'school', 'wish', 'could', 'go', 'germany', '...', 'like', 'hour', 'away', 'xoxo']"
6527,1961288665,fun,Morning...I woke up to watch @taylorswift13 on the Today show. You rocked it girl. Wish I could have been there. So close but so far away,"['Morning', '...', 'woke', 'watch', 'taylorswift13', 'Today', 'show', 'rocked', 'girl', 'Wish', 'could', 'close', 'far', 'away']"
6622,1961374502,fun,@2dimples2 I dunno man. How bout some wendy's?? mmmmmm we dont gots that in H-town,"['2dimples2', 'dunno', 'man', 'bout', 'wendy', ""'s"", 'mmmmmm', 'dont', 'gots', 'H-town']"
6676,1961414473,fun,"@Tashster Have a cold one for me, I'm just off to work now","['Tashster', 'cold', 'one', ""'m"", 'work']"
6685,1961415771,fun,#FollowFriday In honor of my web buddies who moved.  @warpdesign @cianan @BigToach @mikedelgado,"['FollowFriday', 'honor', 'web', 'buddy', 'moved', 'warpdesign', 'cianan', 'BigToach', 'mikedelgado']"
6706,1961420052,fun,@successorstate yeah it was face2face  nite we went to palisades to see star trek. i can't remember it. i said it while we were in the car,"['successorstate', 'yeah', 'face2face', 'nite', 'went', 'palisade', 'see', 'star', 'trek', 'ca', ""n't"", 'remember', 'said', 'car']"
6732,1961425654,fun,@sexxieluv I wanna go to a SexxieLuv party though,"['sexxieluv', 'wan', 'na', 'go', 'SexxieLuv', 'party', 'though']"
6744,1961428280,fun,"@Ana_Surprise its soooo funny! thanks or today. btw, lebron harassed me","['Ana_Surprise', 'soooo', 'funny', 'thanks', 'today', 'btw', 'lebron', 'harassed']"
6789,1961449612,fun,@nattymsmith awww she's laavly ;) I had to come in  but I've got a stunning wee tan (l) ;) yourself?,"['nattymsmith', 'awww', ""'s"", 'laavly', 'come', ""'ve"", 'got', 'stunning', 'wee', 'tan', 'l']"
6823,1961457995,fun,"Its 4.30am, sleep timeee. I wanted to watch Gossip Girl but i'm way too tired  Goodnight!","['4.30am', 'sleep', 'timeee', 'wanted', 'watch', 'Gossip', 'Girl', ""'m"", 'way', 'tired', 'Goodnight']"
6905,1961484023,fun,Getting one of our field vehicles cleaned. Looks like our action hero governor wants to give me another furlough day. How nice of him,"['Getting', 'one', 'field', 'vehicle', 'cleaned', 'Looks', 'like', 'action', 'hero', 'governor', 'want', 'give', 'another', 'furlough', 'day', 'nice']"
6923,1961489263,fun,"Blah. So i registered to coach this summer and eh the tourney starts July 6th. My vacation 7/15-28th. Fk my life, haha","['Blah', 'registered', 'coach', 'summer', 'eh', 'tourney', 'start', 'July', '6th', 'vacation', '7/15-28th', 'Fk', 'life', 'haha']"
6952,1961494756,fun,Yesterday and today was my weekend....back to work 2moro!,"['Yesterday', 'today', 'weekend', '....', 'back', 'work', '2moro']"
7109,1961543750,fun,"at the office, trying to solve the mystery of whose blood is that in the  bathroom toilet.... eewwwww","['office', 'trying', 'solve', 'mystery', 'whose', 'blood', 'bathroom', 'toilet', '....', 'eewwwww']"
7140,1961551645,fun,@Bronte9 Hugs to hubby! I'll probably be in the same place come the 1st of September.,"['Bronte9', 'Hugs', 'hubby', ""'ll"", 'probably', 'place', 'come', '1st', 'September']"
7159,1961554378,fun,"@foxforcefive Headaches suck, especially stress related ones. I used to get those a lot.  &lt;3","['foxforcefive', 'Headaches', 'suck', 'especially', 'stress', 'related', 'one', 'used', 'get', 'lot', 'lt']"
7195,1961567776,fun,boo! i can't sleep again  saying hi to random people,"['boo', 'ca', ""n't"", 'sleep', 'saying', 'hi', 'random', 'people']"
7210,1961570469,fun,"@tommcfly Toooooom! Do a tour in the Philippines, pleeease?  I'm risking my health to get your reply. Haha!","['tommcfly', 'Toooooom', 'tour', 'Philippines', 'pleeease', ""'m"", 'risking', 'health', 'get', 'reply', 'Haha']"
7267,1961607107,fun,@ericworre say hello to Marina Green ... couldn't participate in Barcelona this weeken,"['ericworre', 'say', 'hello', 'Marina', 'Green', '...', 'could', ""n't"", 'participate', 'Barcelona', 'weeken']"
7282,1961610754,fun,I *really* want to go to the @coldplay concert tomorrow!!,"['really', 'want', 'go', 'coldplay', 'concert', 'tomorrow']"
7306,1961615445,fun,wzzzzzzzzzup?! its derrek! we r just starting band practice. Jayk Skylar is leaving for california today. lucky.,"['wzzzzzzzzzup', 'derrek', 'r', 'starting', 'band', 'practice', 'Jayk', 'Skylar', 'leaving', 'california', 'today', 'lucky']"
7324,1961618622,fun,I would LOVE to ride the superman right now...,"['would', 'LOVE', 'ride', 'superman', 'right', '...']"
7331,1961620023,fun,@mike03p IM SOWWIE I WAS A LIL LATE  LOL it looked good though ;),"['mike03p', 'IM', 'SOWWIE', 'LIL', 'LATE', 'LOL', 'looked', 'good', 'though']"
7340,1961643503,fun,@letsdrawmistle it was really good sally! you should have beeeeen there!  xxxx,"['letsdrawmistle', 'really', 'good', 'sally', 'beeeeen', 'xxxx']"
7461,1961701707,fun,@Rae4OSU where ya at girlie...haven't heard from you in a while  missing your cheery disposition...LOL,"['Rae4OSU', 'ya', 'girlie', '...', ""n't"", 'heard', 'missing', 'cheery', 'disposition', '...', 'LOL']"
7526,1961750978,fun,"@ArnaudJacobs haha well i was at my friend's party, but then i realized i forgot my stepmom's bday, so i had to come home to call her!","['ArnaudJacobs', 'haha', 'well', 'friend', ""'s"", 'party', 'realized', 'forgot', 'stepmom', ""'s"", 'bday', 'come', 'home', 'call']"
7589,1961767865,fun,"@tommcfly I really hope you see my tweets. Sent you so much, I swear. Do a tour in the Philippines, please?  *prays*","['tommcfly', 'really', 'hope', 'see', 'tweet', 'Sent', 'much', 'swear', 'tour', 'Philippines', 'please', 'prays']"
7618,1961816264,fun,@etdragon i'm playing good because i'm a big baby,"['etdragon', ""'m"", 'playing', 'good', ""'m"", 'big', 'baby']"
7624,1961817194,fun,@moefugger drag me to hell looks so freakin scary  watch terminator! it was really good.,"['moefugger', 'drag', 'hell', 'look', 'freakin', 'scary', 'watch', 'terminator', 'really', 'good']"
7668,1961830321,fun,*pokes and runs away* ... I WANT SUGAR !,"['poke', 'run', 'away', '...', 'WANT', 'SUGAR']"
7670,1961830425,fun,@misskitty05 i wish i had a 12hr nap!!  lets talk rachel into getting one of these now.. lol,"['misskitty05', 'wish', '12hr', 'nap', 'let', 'talk', 'rachel', 'getting', 'one', '..', 'lol']"
7853,1961912498,fun,@PartyGurle That's great! I will have to do the same as I was forced to miss it. I had to leave for work.,"['PartyGurle', ""'s"", 'great', 'forced', 'miss', 'leave', 'work']"
7859,1961913643,fun,@arcadianlady eek can't wait to see it!! as well as everyone elses. gahh i don't know what i want  lol,"['arcadianlady', 'eek', 'ca', ""n't"", 'wait', 'see', 'well', 'everyone', 'elses', 'gahh', ""n't"", 'know', 'want', 'lol']"
7868,1961916976,fun,We're dealing with Overactive Let-Down right now.   http://bit.ly/9ydHU,"[""'re"", 'dealing', 'Overactive', 'Let-Down', 'right', 'http', '//bit.ly/9ydHU']"
7897,1961921981,fun,10 out of 40 done... everyone is going to be home drinking beer starting next week,"['10', '40', 'done', '...', 'everyone', 'going', 'home', 'drinking', 'beer', 'starting', 'next', 'week']"
7938,1961961003,fun,On the way to have Griffin's staples removed from his head!  Should be fun,"['way', 'Griffin', ""'s"", 'staple', 'removed', 'head', 'fun']"
7950,1961963702,fun,Such a busy day today!! Banbury Fair fashion show tonight and move into my apartment tomorrow! i have no started packing yet,"['busy', 'day', 'today', 'Banbury', 'Fair', 'fashion', 'show', 'tonight', 'move', 'apartment', 'tomorrow', 'started', 'packing', 'yet']"
7956,1961964729,fun,This morning I rode behind a guy with a bird cage containing a plastic Tyrannosaurus rex attached to his bicycle. I couldn't get a photo.,"['morning', 'rode', 'behind', 'guy', 'bird', 'cage', 'containing', 'plastic', 'Tyrannosaurus', 'rex', 'attached', 'bicycle', 'could', ""n't"", 'get', 'photo']"
7981,1961969150,fun,@repressd Tell my work to give me two days off in a row! Stat! I'm full time I'm supposed to have priority,"['repressd', 'Tell', 'work', 'give', 'two', 'day', 'row', 'Stat', ""'m"", 'full', 'time', ""'m"", 'supposed', 'priority']"
8131,1962026598,fun,ok... finished all the Mikados  Should shut up now! lol,"['ok', '...', 'finished', 'Mikados', 'shut', 'lol']"
8138,1962027875,fun,"@blues_traveler I want the Tix!  Oh, right.  I'm know where near Vacaville Ca.","['blues_traveler', 'want', 'Tix', 'Oh', 'right', ""'m"", 'know', 'near', 'Vacaville', 'Ca']"
8146,1962030813,fun,@siamusic  as long as you have someone to make out with    lol,"['siamusic', 'long', 'someone', 'make', 'lol']"
8221,1962069893,fun,I just vacuumed my entire house three times. Screw all vacuums!!,"['vacuumed', 'entire', 'house', 'three', 'time', 'Screw', 'vacuum']"
8295,1962114976,fun,Molly keeps punching me cuz she sees yellow cars. I'm gonna be covered in bruises. I don't like this game,"['Molly', 'keep', 'punching', 'cuz', 'see', 'yellow', 'car', ""'m"", 'gon', 'na', 'covered', 'bruise', ""n't"", 'like', 'game']"
8379,1962164410,fun,@emcerlain I know it's against the law... I am a rebel in small things.,"['emcerlain', 'know', ""'s"", 'law', '...', 'rebel', 'small', 'thing']"
8383,1962165449,fun,4 more days until my birthday!!! I don't want to get older,"['day', 'birthday', ""n't"", 'want', 'get', 'older']"
8493,1962199455,fun,I can't wait to see UP! How dare @katymoe have a &quot;real&quot; job. Probably going to have to wait until tomorrow.,"['ca', ""n't"", 'wait', 'see', 'dare', 'katymoe', 'quot', 'real', 'quot', 'job', 'Probably', 'going', 'wait', 'tomorrow']"
8514,1962203470,fun,@candypants2 http://twitpic.com/66wxk - SO jealous right now!!!hate new england weather,"['candypants2', 'http', '//twitpic.com/66wxk', 'jealous', 'right', 'hate', 'new', 'england', 'weather']"
8595,1962229317,fun,@coollike are you daft  your now going to recieve a million friend invites on xbox now and one of them shall be me,"['coollike', 'daft', 'going', 'recieve', 'million', 'friend', 'invite', 'xbox', 'one', 'shall']"
8628,1962235672,fun,Jus got back from a run up sunset blvd! My cuzin tried to kill me my legs are still movin and I'm sittin down!!,"['Jus', 'got', 'back', 'run', 'sunset', 'blvd', 'cuzin', 'tried', 'kill', 'leg', 'still', 'movin', ""'m"", 'sittin']"
8651,1962242326,fun,@brookefraser @loswhit said that @whittakerwoman mentioned bears!  have fun!! P.S bears like Peanut Butter,"['brookefraser', 'loswhit', 'said', 'whittakerwoman', 'mentioned', 'bear', 'fun', 'P.S', 'bear', 'like', 'Peanut', 'Butter']"
8725,1962266705,fun,Pooping in a Pennsylvania rest stop!  I hate using public toilets,"['Pooping', 'Pennsylvania', 'rest', 'stop', 'hate', 'using', 'public', 'toilet']"
8759,1962299631,fun,was laughed at today for being too hopeful with the things...,"['laughed', 'today', 'hopeful', 'thing', '...']"
8782,1962303481,fun,tonight in party w/ my girls (minus vita),"['tonight', 'party', 'w/', 'girl', 'minus', 'vita']"
8918,1962369755,fun,Carol Vorderman cancelled her interivew with me... so now I have no proof against all you non-believers!,"['Carol', 'Vorderman', 'cancelled', 'interivew', '...', 'proof', 'non-believers']"
9138,1962433672,fun,@jpl1953 - Sorry only just seen this - how strange it seems only to happen from my iPhone - perhaps it is a problem with Twitterific,"['jpl1953', 'Sorry', 'seen', 'strange', 'seems', 'happen', 'iPhone', 'perhaps', 'problem', 'Twitterific']"
9198,1962457063,fun,"@filos I'm thinking of a dawn shot of Carlingford Lough, the sun will be in the right place this time of year. involves an early rise tho","['filos', ""'m"", 'thinking', 'dawn', 'shot', 'Carlingford', 'Lough', 'sun', 'right', 'place', 'time', 'year', 'involves', 'early', 'rise', 'tho']"
9209,1962458873,fun,HELP!!! I think @benmarvin is crazy funny and can't give him favrd stars  Please help me get him UNBLOCKED from favrd so I can star him,"['HELP', 'think', 'benmarvin', 'crazy', 'funny', 'ca', ""n't"", 'give', 'favrd', 'star', 'Please', 'help', 'get', 'UNBLOCKED', 'favrd', 'star']"
9334,1962524361,fun,Yaaaaay Friday.... Oh wait....  I'm working TOMORROW,"['Yaaaaay', 'Friday', '....', 'Oh', 'wait', '....', ""'m"", 'working', 'TOMORROW']"
9340,1962526115,fun,@unitechy @Shadez is all mine  #twpp #shadez,"['unitechy', 'Shadez', 'mine', 'twpp', 'shadez']"
9486,1962591484,fun,"@TomGriffola Not a fan of the Bulmers, but the Magners pear is AWESOME, I want slush puppy though!  #Hurryup #classy #omgimpatient!","['TomGriffola', 'fan', 'Bulmers', 'Magners', 'pear', 'AWESOME', 'want', 'slush', 'puppy', 'though', 'Hurryup', 'classy', 'omgimpatient']"
9487,1962591662,fun,@MAKEUPMANMAE LMAO...Ha! No I just simply wanted to go to NY!,"['MAKEUPMANMAE', 'LMAO', '...', 'Ha', 'simply', 'wanted', 'go', 'NY']"
9492,1962592511,fun,@derekspringer  i for one welcome our new cyber-criminal-overlords.,"['derekspringer', 'one', 'welcome', 'new', 'cyber-criminal-overlords']"
9521,1962603066,fun,The first officially beautiful day of the year and I'm stuck inside the office    A Magners and BBQ will make up for it!,"['first', 'officially', 'beautiful', 'day', 'year', ""'m"", 'stuck', 'inside', 'office', 'Magners', 'BBQ', 'make']"
9593,1962649118,fun,"@megpriley I am sorry I never got back to you about going to Vegas this weekend, when you asked me forever ago.  Have fun and good luck!!!","['megpriley', 'sorry', 'never', 'got', 'back', 'going', 'Vegas', 'weekend', 'asked', 'forever', 'ago', 'fun', 'good', 'luck']"
9658,1962663715,fun,@Jaicenia lmao i get that alot  haha,"['Jaicenia', 'lmao', 'get', 'alot', 'haha']"
9727,1962696685,fun,Knight Online Come Back,"['Knight', 'Online', 'Come', 'Back']"
9765,1962708129,fun,@zinzR0ux whatz that supposed to mean  i have a dog now  waaaaaaaaaah lol jk,"['zinzR0ux', 'whatz', 'supposed', 'mean', 'dog', 'waaaaaaaaaah', 'lol', 'jk']"
9777,1962711455,fun,@billbathgate hotttie poooh!!!! ooo i bet it sounda magical (HH) im coming home in 1 hour,"['billbathgate', 'hotttie', 'poooh', 'ooo', 'bet', 'sounda', 'magical', 'HH', 'im', 'coming', 'home', 'hour']"
9831,1962723206,fun,I just love when all my little brothers friends come over,"['love', 'little', 'brother', 'friend', 'come']"
9854,1962728172,fun,"@combustiblesong lol i don't get enough cause my dad won't let me, he keeps waking me up","['combustiblesong', 'lol', ""n't"", 'get', 'enough', 'cause', 'dad', 'wo', ""n't"", 'let', 'keep', 'waking']"
9873,1962731985,fun,@BSBTwitt U SO funny but u right! I like BSB but Im not as fan than U I love much better Tupac &amp; TLC..2 bad they're not singing anymore,"['BSBTwitt', 'U', 'funny', 'u', 'right', 'like', 'BSB', 'Im', 'fan', 'U', 'love', 'much', 'better', 'Tupac', 'amp', 'TLC', '..', 'bad', ""'re"", 'singing', 'anymore']"
9918,1962743994,fun,"Only things left to do are to sweep and mop, load up the van, and go out and have fun tonight.","['thing', 'left', 'sweep', 'mop', 'load', 'van', 'go', 'fun', 'tonight']"
9977,1962775578,fun,"Visiting the grandparents in Manhattan, and dropping off my sister for the week! I wish I had an excuse to be so tired today..","['Visiting', 'grandparent', 'Manhattan', 'dropping', 'sister', 'week', 'wish', 'excuse', 'tired', 'today', '..']"
10021,1962803822,fun,@princesspooh90 Yeah but it doesn't sound indie enough  i need2learn some other tunes and then pick up mo style =] 1hour! I'll c u then ;),"['princesspooh90', 'Yeah', ""n't"", 'sound', 'indie', 'enough', 'need2learn', 'tune', 'pick', 'mo', 'style', '1hour', ""'ll"", 'c', 'u']"
10088,1962817952,fun,"@poppy_dog Lucky you! it's drizzling again. Mommy says the puddles are big enough 4 me to swim in, so no dog park today..","['poppy_dog', 'Lucky', ""'s"", 'drizzling', 'Mommy', 'say', 'puddle', 'big', 'enough', 'swim', 'dog', 'park', 'today', '..']"
10089,1962818920,fun,@mr_uppercut that was such an 'old man' thing to say,"['mr_uppercut', ""'old"", 'man', 'thing', 'say']"
10191,1962844003,fun,"@MelissaPan aww yeah, it's more fun revising with others but you get distracted easier &gt;.&lt; yeah I'm tired, revising history","['MelissaPan', 'aww', 'yeah', ""'s"", 'fun', 'revising', 'others', 'get', 'distracted', 'easier', 'gt', 'lt', 'yeah', ""'m"", 'tired', 'revising', 'history']"
10324,1962877451,fun,"@cwjacobs lol, what's wrong? workin right now sowwwy","['cwjacobs', 'lol', ""'s"", 'wrong', 'workin', 'right', 'sowwwy']"
10382,1962893109,fun,@JessicaMaley Hmm announcing your summer shifts on facebook...you're cool! hahaha. Mate I think I've got sunstroke  xxx,"['JessicaMaley', 'Hmm', 'announcing', 'summer', 'shift', 'facebook', '...', ""'re"", 'cool', 'hahaha', 'Mate', 'think', ""'ve"", 'got', 'sunstroke', 'xxx']"
10400,1962895183,fun,Man i wish i could just bathe in my ice-cold sunkist right now.... But then i'd be sticky,"['Man', 'wish', 'could', 'bathe', 'ice-cold', 'sunkist', 'right', '....', ""'d"", 'sticky']"
10411,1962896921,fun,@geektrooper I know.  I am definitely going to try and see Up this weekend.,"['geektrooper', 'know', 'definitely', 'going', 'try', 'see', 'weekend']"
10485,1962917162,fun,"@blaqberry I know, me too.  I'm hoping since I got him sesame oil, which he loves, that he'll let it slide. *fingers crossed*","['blaqberry', 'know', ""'m"", 'hoping', 'since', 'got', 'sesame', 'oil', 'love', ""'ll"", 'let', 'slide', 'finger', 'crossed']"
10514,1962928259,fun,Speedbumps suck when u gotta piss!!,"['Speedbumps', 'suck', 'u', 'got', 'ta', 'piss']"
10553,1962936678,fun,@pimpstyleo Yeah prbly pickin up songs for SingStar. Haven't checked the last few store updates. And dunno that Cranberries song.,"['pimpstyleo', 'Yeah', 'prbly', 'pickin', 'song', 'SingStar', ""n't"", 'checked', 'last', 'store', 'update', 'dunno', 'Cranberries', 'song']"
10639,1962959571,fun,"On the airport in Philadelphia at the moment, waiting for the plane to leave in about an hour. Just six more hours on a plane","['airport', 'Philadelphia', 'moment', 'waiting', 'plane', 'leave', 'hour', 'six', 'hour', 'plane']"
10641,1962959695,fun,"@Octo77 staying in, hve June exams 4 docent training class ,need to study  , we hvng zombie movie sunday aftrn, u both shld come over!","['Octo77', 'staying', 'hve', 'June', 'exam', 'docent', 'training', 'class', 'need', 'study', 'hvng', 'zombie', 'movie', 'sunday', 'aftrn', 'u', 'shld', 'come']"
10781,1963014008,fun,"@Jaggerwerks nooooooooo....u never call me anymore  lol...but, i've been good too...rick ross is in town, might go 2 his show 2nite ;-)","['Jaggerwerks', 'nooooooooo', '....', 'u', 'never', 'call', 'anymore', 'lol', '...', ""'ve"", 'good', '...', 'rick', 'ross', 'town', 'might', 'go', 'show', '2nite']"
10926,1963059298,fun,"@LMWoodhead you have a viable excuse, helping @ravenouspanda move and all. Sorry I couldn't help! I wanted to wear my sexy moving outfit","['LMWoodhead', 'viable', 'excuse', 'helping', 'ravenouspanda', 'move', 'Sorry', 'could', ""n't"", 'help', 'wanted', 'wear', 'sexy', 'moving', 'outfit']"
10949,1963066457,fun,"Anybody out there having a beer right now? I hate drinking alone. Mrs T is oot  On the other hand, Mrs T is oot","['Anybody', 'beer', 'right', 'hate', 'drinking', 'alone', 'Mrs', 'oot', 'hand', 'Mrs', 'oot']"
10975,1963080120,fun,@MysticRose01 awww...on ur way out  Have fun for me toooo!,"['MysticRose01', 'awww', '...', 'ur', 'way', 'fun', 'toooo']"
10986,1963081425,fun,"@riannesketch well, someone told me it's only there for two weeks  i'm going again next week with a friend IN SCHOOL TIME :p ...","['riannesketch', 'well', 'someone', 'told', ""'s"", 'two', 'week', ""'m"", 'going', 'next', 'week', 'friend', 'SCHOOL', 'TIME', 'p', '...']"
11105,1963113282,fun,@natashaaaaaa awlll mann  we should meet up this summa or something!,"['natashaaaaaa', 'awlll', 'mann', 'meet', 'summa', 'something']"
11176,1963133694,fun,"@la_maestrada: i agree about tw, me and my cat have been watching full housse, sabrina the teenage witch and sister sister re-runs","['la_maestrada', 'agree', 'tw', 'cat', 'watching', 'full', 'housse', 'sabrina', 'teenage', 'witch', 'sister', 'sister', 're-runs']"
11195,1963137092,fun,M.I.A?PJ?Beasties?Thievery?Volta?Bat4Lashes?BandOfHorses? I enjoy this line-up: http://bit.ly/16lUgX Too bad it's in San Fran,"['M.I.A', 'PJ', 'Beasties', 'Thievery', 'Volta', 'Bat4Lashes', 'BandOfHorses', 'enjoy', 'line-up', 'http', '//bit.ly/16lUgX', 'bad', ""'s"", 'San', 'Fran']"
11311,1963175187,fun,"So tonights TV viewing, BGT or HIGNFY and Reggie Perrin? Wont be tweeting however as  MiniC has hidden iPod","['tonight', 'TV', 'viewing', 'BGT', 'HIGNFY', 'Reggie', 'Perrin', 'Wont', 'tweeting', 'however', 'MiniC', 'hidden', 'iPod']"
11314,1963175813,fun,Everyone's talking about the goodies at #BEA09.  I wanna be there.,"['Everyone', ""'s"", 'talking', 'goody', 'BEA09', 'wan', 'na']"
11360,1963193889,fun,@cloudconnected I know! D: I finally got my component cables for the PS2 in the other day and instead of playing P3:FES I played OoT.,"['cloudconnected', 'know', 'finally', 'got', 'component', 'cable', 'PS2', 'day', 'instead', 'playing', 'P3', 'FES', 'played', 'OoT']"
11408,1963209654,fun,"@drilone no email?   just kidding, it can wait filling out form now... seriously.","['drilone', 'email', 'kidding', 'wait', 'filling', 'form', '...', 'seriously']"
11424,1963213660,fun,sunniest day in ages and im in bed,"['sunniest', 'day', 'age', 'im', 'bed']"
11527,1963268784,fun,STOOOOPIT! STOOOPIT GIRL!  That used to be my bro's rendition of &quot;Stop It girl&quot;.    @retrorewind,"['STOOOOPIT', 'STOOOPIT', 'GIRL', 'used', 'bro', ""'s"", 'rendition', 'quot', 'Stop', 'girl', 'quot', 'retrorewind']"
11550,1963274871,fun,Watching Ellen Love her!! then doing the dishes  and tanning ...it's gorgeous out!,"['Watching', 'Ellen', 'Love', 'dish', 'tanning', '...', ""'s"", 'gorgeous']"
11594,1963293604,fun,Getting ready for a going-away dessert reception for a colleague who's off to grad school.,"['Getting', 'ready', 'going-away', 'dessert', 'reception', 'colleague', ""'s"", 'grad', 'school']"
11619,1963299539,fun,Draven's elbow met cement this afternoon  Looks nasty.,"['Draven', ""'s"", 'elbow', 'met', 'cement', 'afternoon', 'Looks', 'nasty']"
11620,1963299853,fun,I just had to look up endometriosis. Oy!,"['look', 'endometriosis', 'Oy']"
11680,1963318973,fun,Watching the Krystle vs. Alexis catfights on Youtube.. I miss Dynasty,"['Watching', 'Krystle', 'vs.', 'Alexis', 'catfights', 'Youtube', '..', 'miss', 'Dynasty']"
11758,1963343627,fun,@liz_pimpmcgee sorry about ur hair salon  *hug* me and haydee can do ur hair again haha JK,"['liz_pimpmcgee', 'sorry', 'ur', 'hair', 'salon', 'hug', 'haydee', 'ur', 'hair', 'haha', 'JK']"
11760,1963344507,fun,"@BeautifulMarcy lol nttn much juss mad that its been raining all day, and to add to that i dnt think u following me..","['BeautifulMarcy', 'lol', 'nttn', 'much', 'juss', 'mad', 'raining', 'day', 'add', 'dnt', 'think', 'u', 'following', '..']"
11832,1963369998,fun,"pop, idk how to reply to ur tweet from my phone  lol but yeah my bday is in a few days. soooo excited!","['pop', 'idk', 'reply', 'ur', 'tweet', 'phone', 'lol', 'yeah', 'bday', 'day', 'soooo', 'excited']"
11886,1963385478,fun,@jUjUbEAN0273 lol yea im thinkin bday bash ! but everybodys lame wants to sit in the house instead of qo wit me  lol,"['jUjUbEAN0273', 'lol', 'yea', 'im', 'thinkin', 'bday', 'bash', 'everybodys', 'lame', 'want', 'sit', 'house', 'instead', 'qo', 'wit', 'lol']"
11932,1963395071,fun,@Dez705 awww Mary I wish I could come but I'm going away 2morrow,"['Dez705', 'awww', 'Mary', 'wish', 'could', 'come', ""'m"", 'going', 'away', '2morrow']"
11947,1963406969,fun,Have to leave twitter alone for the night..last night in Barcelona   back to Philly tomorrow. Hope u all have a great Friday! Muahh!!,"['leave', 'twitter', 'alone', 'night', '..', 'last', 'night', 'Barcelona', 'back', 'Philly', 'tomorrow', 'Hope', 'u', 'great', 'Friday', 'Muahh']"
11982,1963413513,fun,it's friday! trying to find something to do,"[""'s"", 'friday', 'trying', 'find', 'something']"
11990,1963415413,fun,@Dougiemcfly  ive got a cold too... It sucks  and u were awesome in ipswitch xD,"['Dougiemcfly', 'ive', 'got', 'cold', '...', 'suck', 'u', 'awesome', 'ipswitch', 'xD']"
12004,1963418419,fun,Waiting for my momma so i can go to Chase and see what the hell they doin with my money. i miss WAMU,"['Waiting', 'momma', 'go', 'Chase', 'see', 'hell', 'doin', 'money', 'miss', 'WAMU']"
12005,1963418557,fun,@BookLoveHer I was really disappointed with the whole &quot;promiscuous girl&quot; thing. congrats on her success but i think wasted talent,"['BookLoveHer', 'really', 'disappointed', 'whole', 'quot', 'promiscuous', 'girl', 'quot', 'thing', 'congrats', 'success', 'think', 'wasted', 'talent']"
12037,1963425836,fun,@Harley_Dude @helloo_kitty @morninglory well aren't you just absolutely special. Haha special ed. I think I've received no new followers,"['Harley_Dude', 'helloo_kitty', 'morninglory', 'well', ""n't"", 'absolutely', 'special', 'Haha', 'special', 'ed', 'think', ""'ve"", 'received', 'new', 'follower']"
12048,1963427623,fun,"now it's weekend! It's so great!  I saw the rest of Twilight tonight, and i also have read fininsh  Break for know.. Could I do that?","[""'s"", 'weekend', ""'s"", 'great', 'saw', 'rest', 'Twilight', 'tonight', 'also', 'read', 'fininsh', 'Break', 'know', '..', 'Could']"
12136,1963478147,fun,is reminiscing about this time last yr when she was @ the BH2 listening to some awesome music! Shame it can't be repeated,"['reminiscing', 'time', 'last', 'yr', 'BH2', 'listening', 'awesome', 'music', 'Shame', 'ca', ""n't"", 'repeated']"
12142,1963479659,fun,everyone vote for @mileycyrus for the mtv movie awards coz my comp is mashed up and wont let me vote!  i will somehow!!!!!!,"['everyone', 'vote', 'mileycyrus', 'mtv', 'movie', 'award', 'coz', 'comp', 'mashed', 'wont', 'let', 'vote', 'somehow']"
12162,1963484157,fun,"@markhoppus Is there going to be a New-Brunswick, Canada Drive? lol I live far far away","['markhoppus', 'going', 'New-Brunswick', 'Canada', 'Drive', 'lol', 'live', 'far', 'far', 'away']"
12210,1963501166,fun,Boooo my 2nd wkend bein 21 n ima b in tha house alone,"['Boooo', '2nd', 'wkend', 'bein', '21', 'n', 'ima', 'b', 'tha', 'house', 'alone']"
12240,1963506791,fun,Trying to sell my GM stock,"['Trying', 'sell', 'GM', 'stock']"
12268,1963519108,fun,"napppinggg, then work 7 - 11","['napppinggg', 'work', '11']"
12269,1963519317,fun,I wish I could play guitar..... my guitar I got a few christmas`s ago is collecting dust! I need to learn! haha,"['wish', 'could', 'play', 'guitar', '.....', 'guitar', 'got', 'christmas', 'ago', 'collecting', 'dust', 'need', 'learn', 'haha']"
12307,1963529607,fun,Photo: novusnovendo: EYECANDY + LIVE = like a STRIPCLUB! only he keeps his clothes on  BUT he can take them... http://tumblr.com/x2k1wga72,"['Photo', 'novusnovendo', 'EYECANDY', 'LIVE', 'like', 'STRIPCLUB', 'keep', 'clothes', 'take', '...', 'http', '//tumblr.com/x2k1wga72']"
12316,1963531580,fun,@Vivienne89 i noo  i went to the zoo instead lol!! ru goin out 2night??? xx,"['Vivienne89', 'noo', 'went', 'zoo', 'instead', 'lol', 'ru', 'goin', '2night', 'xx']"
12359,1963548913,fun,@xraquelx No sleepover tonight,"['xraquelx', 'sleepover', 'tonight']"
12381,1963562069,fun,Cleaning out my room and found this... http://yfrog.com/0t2b6j   she took me to 2w2v and insisted on paying for my ticket.,"['Cleaning', 'room', 'found', '...', 'http', '//yfrog.com/0t2b6j', 'took', '2w2v', 'insisted', 'paying', 'ticket']"
12388,1963563699,fun,getting ready to babysit,"['getting', 'ready', 'babysit']"
12411,1963567958,fun,NEW YORK DOLLS TOMORROW NIGHT @ THE DEPOT CANCELLED   REFUNDS AVAILABLE AT POINT OF PURCHASE.,"['NEW', 'YORK', 'DOLLS', 'TOMORROW', 'NIGHT', 'DEPOT', 'CANCELLED', 'REFUNDS', 'AVAILABLE', 'POINT', 'PURCHASE']"
12419,1963569465,fun,@tommcfly why you will so little time in rio de janeiro? forgive babelfish!,"['tommcfly', 'little', 'time', 'rio', 'de', 'janeiro', 'forgive', 'babelfish']"
12444,1963573706,fun,Watch Jay Leno tonite!!!  It's his last day as the Tonite Show Host and  Late Nite Leader,"['Watch', 'Jay', 'Leno', 'tonite', ""'s"", 'last', 'day', 'Tonite', 'Show', 'Host', 'Late', 'Nite', 'Leader']"
12487,1963586602,fun,someones dead on army wives. Dad just laughed and Mum got annoyed with him. I wanna watch Britains Got Talent,"['someone', 'dead', 'army', 'wife', 'Dad', 'laughed', 'Mum', 'got', 'annoyed', 'wan', 'na', 'watch', 'Britains', 'Got', 'Talent']"
12510,1963592079,fun,"@Big_Jim I so much want to see the screen adaptation of Kick Ass, but once i found out Nick cage was in it, my heart sank","['Big_Jim', 'much', 'want', 'see', 'screen', 'adaptation', 'Kick', 'Ass', 'found', 'Nick', 'cage', 'heart', 'sank']"
12512,1963592585,fun,@MichelleVo omgggg!! Hawaii!! That's amazing!! I wanna live there,"['MichelleVo', 'omgggg', 'Hawaii', ""'s"", 'amazing', 'wan', 'na', 'live']"
12605,1963641405,fun,OMG that little girl on BGT!!!!!!!!,"['OMG', 'little', 'girl', 'BGT']"
12627,1963645711,fun,I want it to be summer. NOW. why is it sprinkling STILL!?!?,"['want', 'summer', 'sprinkling', 'STILL']"
12674,1963652095,fun,@kayekayekaye Have you met me? (lol) MY MIDDLE NAME IS CREEPY FGS,"['kayekayekaye', 'met', 'lol', 'MIDDLE', 'NAME', 'CREEPY', 'FGS']"
12717,1963705894,fun,@StephWBates  if i was closer i would deliver grub to you!,"['StephWBates', 'closer', 'would', 'deliver', 'grub']"
12755,1963720884,fun,@PlayForKeeps oh my gosh! i know! happend yesterday,"['PlayForKeeps', 'oh', 'gosh', 'know', 'happend', 'yesterday']"
12791,1963727607,fun,@ShesElectric_ more than youl ever no ! !! ! !!   xxx,"['ShesElectric_', 'youl', 'ever', 'xxx']"
12797,1963728657,fun,Man tha mojitos from earlier got me feelin type funny. Hope I don't get sick  http://myloc.me/20DD,"['Man', 'tha', 'mojitos', 'earlier', 'got', 'feelin', 'type', 'funny', 'Hope', ""n't"", 'get', 'sick', 'http', '//myloc.me/20DD']"
12846,1963744251,fun,@martiningram that's a brilliant idea! only one buzz though,"['martiningram', ""'s"", 'brilliant', 'idea', 'one', 'buzz', 'though']"
12873,1963748845,fun,"@GavinHolt awwwh no way, i was well bubblin!","['GavinHolt', 'awwwh', 'way', 'well', 'bubblin']"
12907,1963783587,fun,Hav fun at heav y Metal happy hour you guys! In the future @staygangsta accadentally sets it on fire while smoking with @grayblue,"['Hav', 'fun', 'heav', 'Metal', 'happy', 'hour', 'guy', 'future', 'staygangsta', 'accadentally', 'set', 'fire', 'smoking', 'grayblue']"
12952,1963792513,fun,"just back from my youngest's Kindergarten graduation. Grateful my mom saved me, she had a gift for my son, I didn't think of it","['back', 'youngest', ""'s"", 'Kindergarten', 'graduation', 'Grateful', 'mom', 'saved', 'gift', 'son', ""n't"", 'think']"
12970,1963809410,fun,@acupofjo 1. i dont  2. LMFAO I WONDER.,"['acupofjo', '1.', 'dont', 'LMFAO', 'WONDER']"
12986,1963812762,fun,"@Craiiiiiig21 @Paola625 sounds like Sonics...which I never had  ...and for the record, I say spicy bred buffalo wings w/ blu cheese &amp; beer","['Craiiiiiig21', 'Paola625', 'sound', 'like', 'Sonics', '...', 'never', '...', 'record', 'say', 'spicy', 'bred', 'buffalo', 'wing', 'w/', 'blu', 'cheese', 'amp', 'beer']"
13018,1963820021,fun,@TheRealKream yup,"['TheRealKream', 'yup']"
13022,1963820969,fun,Rice is ready to eat.Off now to watch Comet 2009!The most important music price in germany.Wow n Lisa arrives around 12p.m.  Still 2 hours,"['Rice', 'ready', 'eat.Off', 'watch', 'Comet', '2009', 'important', 'music', 'price', 'germany.Wow', 'n', 'Lisa', 'arrives', 'around', '12p.m', 'Still', 'hour']"
13026,1963821149,fun,How is it that my preschoolers can bowl over a hundred when they weigh only 35-40 lbs? Today was there last day for the year.,"['preschooler', 'bowl', 'hundred', 'weigh', '35-40', 'lb', 'Today', 'last', 'day', 'year']"
13033,1963822494,fun,@hannahbananalee talk about drool - the Canon EOS 5D Mark 2 is *amazing*.  Too bad it costs $2k...  http://tinyurl.com/63qoz4,"['hannahbananalee', 'talk', 'drool', 'Canon', 'EOS', '5D', 'Mark', 'amazing', 'bad', 'cost', '2k', '...', 'http', '//tinyurl.com/63qoz4']"
13045,1963859786,fun,i'm going to pig out on ice cream and potato chips,"[""'m"", 'going', 'pig', 'ice', 'cream', 'potato', 'chip']"
13193,1963945425,fun,I have just been to see the Jonas Brothers 3D movie with @maze  was funny NO ONE else was there  hahah can't... http://tinyurl.com/magcwo,"['see', 'Jonas', 'Brothers', '3D', 'movie', 'maze', 'funny', 'ONE', 'else', 'hahah', 'ca', ""n't"", '...', 'http', '//tinyurl.com/magcwo']"
13202,1963948451,fun,@pfchangs I can't direct message you for my free lunch,"['pfchangs', 'ca', ""n't"", 'direct', 'message', 'free', 'lunch']"
13284,1963986232,fun,Maaaaaaaaajor headache. It's so gloomy outside!  Just gonna lounge today. Whoopiiiiii.,"['Maaaaaaaaajor', 'headache', ""'s"", 'gloomy', 'outside', 'gon', 'na', 'lounge', 'today', 'Whoopiiiiii']"
13305,1963989563,fun,Last session of the day  http://twitpic.com/67ezh,"['Last', 'session', 'day', 'http', '//twitpic.com/67ezh']"
13448,1964036871,fun,@NTKilpatrick nope  but the T1i looks super sweet!,"['NTKilpatrick', 'nope', 'T1i', 'look', 'super', 'sweet']"
13458,1964039049,fun,@chloestraw  I want to go to the pub. Boooo.,"['chloestraw', 'want', 'go', 'pub', 'Boooo']"
13470,1964041880,fun,on youtube watching taylor on the today show wish i was there !,"['youtube', 'watching', 'taylor', 'today', 'show', 'wish']"
13473,1964042664,fun,@ShawnDotB me to mi sausage,"['ShawnDotB', 'mi', 'sausage']"
13480,1964049019,fun,Out with the guys playing 10 pin &amp; doing Mexican! Great combo! My bowling was not so good though  I blame it on my previous broken arm!!,"['guy', 'playing', '10', 'pin', 'amp', 'Mexican', 'Great', 'combo', 'bowling', 'good', 'though', 'blame', 'previous', 'broken', 'arm']"
13483,1964049658,fun,off to Sacto to take babies to kennel,"['Sacto', 'take', 'baby', 'kennel']"
13570,1964088605,fun,Leaving L.A.  but had so much fun!,"['Leaving', 'L.A.', 'much', 'fun']"
13621,1964118843,fun,@shipperz Im alive..lol ooooo  youre not here,"['shipperz', 'Im', 'alive', '..', 'lol', 'ooooo', 'youre']"
13684,1964142308,fun,have an extra Justin Rutledge ticket for the Mod Club tonight,"['extra', 'Justin', 'Rutledge', 'ticket', 'Mod', 'Club', 'tonight']"
13720,1964150267,fun,"@rickblanton Not married any more! Silly man! That was done long ago, you do read my tweets! Barely escaped w/out paying him alimony!","['rickblanton', 'married', 'Silly', 'man', 'done', 'long', 'ago', 'read', 'tweet', 'Barely', 'escaped', 'w/out', 'paying', 'alimony']"
13806,1964211217,fun,@djknucklehead  no water park today? made me jealous looking at that pic,"['djknucklehead', 'water', 'park', 'today', 'made', 'jealous', 'looking', 'pic']"
13809,1964211999,fun,I've already been cleaning for over an hour!!! So much more http://twitpic.com/67gzx,"[""'ve"", 'already', 'cleaning', 'hour', 'much', 'http', '//twitpic.com/67gzx']"
13829,1964217532,fun,@LadyStar88 Lol...I am greedy. I'm craving Coldstone again.,"['LadyStar88', 'Lol', '...', 'greedy', ""'m"", 'craving', 'Coldstone']"
13867,1964227836,fun,Took a long nap...I feel like I should still be asleep,"['Took', 'long', 'nap', '...', 'feel', 'like', 'still', 'asleep']"
13883,1964231358,fun,"Late night fun with friend, and early morning wake ups make Zeb a very grumpy girl","['Late', 'night', 'fun', 'friend', 'early', 'morning', 'wake', 'ups', 'make', 'Zeb', 'grumpy', 'girl']"
13920,1964246823,fun,So aparently my Out of Sight album sampler cd only has the video on it,"['aparently', 'Sight', 'album', 'sampler', 'cd', 'video']"
13944,1964250656,fun,"PKU meeting in London, ON all day today.  One of my favorite PKUers Jessie not there.   He has PKU and Leukemia and was in the hospital.","['PKU', 'meeting', 'London', 'day', 'today', 'One', 'favorite', 'PKUers', 'Jessie', 'PKU', 'Leukemia', 'hospital']"
13978,1964290614,fun,Awww I wanted to see some more of Greg,"['Awww', 'wanted', 'see', 'Greg']"
13985,1964292186,fun,wants a new phone. ugh my b-day in 3 weeks ya'll,"['want', 'new', 'phone', 'ugh', 'b-day', 'week', 'ya', ""'ll""]"
14010,1964299372,fun,i am SOOO mad...yesterday and today...SUCKED!!!so much!,"['SOOO', 'mad', '...', 'yesterday', 'today', '...', 'SUCKED', 'much']"
14110,1964365551,fun,were playing at 7 @ club impact tomorrow! finally got shirts! woopity doo! i want a slurpeeee sooo bad right now,"['playing', 'club', 'impact', 'tomorrow', 'finally', 'got', 'shirt', 'woopity', 'doo', 'want', 'slurpeeee', 'sooo', 'bad', 'right']"
14122,1964368363,fun,@SHELLiZAY hmmm Essense awards would be fun... but also pricy,"['SHELLiZAY', 'hmmm', 'Essense', 'award', 'would', 'fun', '...', 'also', 'pricy']"
14169,1964376606,fun,"BGT was just amazing tonight, and threee amazing acts got sent home","['BGT', 'amazing', 'tonight', 'threee', 'amazing', 'act', 'got', 'sent', 'home']"
14171,1964376810,fun,got my car back and excited/sad for the going away party I'm attending tonight. Dani is going back to Brazil...,"['got', 'car', 'back', 'excited/sad', 'going', 'away', 'party', ""'m"", 'attending', 'tonight', 'Dani', 'going', 'back', 'Brazil', '...']"
14175,1964377782,fun,"@skaterdays LOL, such a dork. Hmm, is that book pretty good? Maybe I should check it out. That's why 4gb sucks  8 isn't much better.","['skaterdays', 'LOL', 'dork', 'Hmm', 'book', 'pretty', 'good', 'Maybe', 'check', ""'s"", '4gb', 'suck', ""n't"", 'much', 'better']"
14226,1964388803,fun,Don't have the Will power to finish hour two of my work out,"[""n't"", 'power', 'finish', 'hour', 'two', 'work']"
14255,1964394593,fun,@NewMoon_addict yeah like super short  I guess I'll just have to hold my breath till Sunday.,"['NewMoon_addict', 'yeah', 'like', 'super', 'short', 'guess', ""'ll"", 'hold', 'breath', 'till', 'Sunday']"
14303,1964454192,fun,Hmm...what to make for dinner tonight???  No clue.  Don't feel like cooking anything    Hubby wants to go away tonight.,"['Hmm', '...', 'make', 'dinner', 'tonight', 'clue', ""n't"", 'feel', 'like', 'cooking', 'anything', 'Hubby', 'want', 'go', 'away', 'tonight']"
14305,1964454625,fun,@staceyviera I know. I was hoping to meet you tonite  &amp; I just found out a few min ago that we have a mutual friend Cuong H.,"['staceyviera', 'know', 'hoping', 'meet', 'tonite', 'amp', 'found', 'min', 'ago', 'mutual', 'friend', 'Cuong', 'H']"
14364,1964493987,fun,@rosskie good luck!!  OH and I are playing inthe mixed knockout this week. Playing the pros 14yr old son playing off 5 &amp; top woman off 6,"['rosskie', 'good', 'luck', 'OH', 'playing', 'inthe', 'mixed', 'knockout', 'week', 'Playing', 'pro', '14yr', 'old', 'son', 'playing', 'amp', 'top', 'woman']"
14387,1964498296,fun,@skotcarruth i like it,"['skotcarruth', 'like']"
14402,1964503268,fun,@TheNewMachine Haha. Yep. Ya got me,"['TheNewMachine', 'Haha', 'Yep', 'Ya', 'got']"
14471,1964544338,fun,@Hooded how come? i want pizza,"['Hooded', 'come', 'want', 'pizza']"
14562,1964573016,fun,Welcome to Minnesoooooooota.  Free up some time this trip to catch up! Won't be at Cliquot Club though; they closed,"['Welcome', 'Minnesoooooooota', 'Free', 'time', 'trip', 'catch', 'Wo', ""n't"", 'Cliquot', 'Club', 'though', 'closed']"
14566,1964574277,fun,@ravefamous who will we make fun  of?!?!,"['ravefamous', 'make', 'fun']"
14648,1964595270,fun,Im so excited about the MTV movie awards!!!  even though I won't be there   I can't wait to watch them on tv and I hope...,"['Im', 'excited', 'MTV', 'movie', 'award', 'even', 'though', 'wo', ""n't"", 'ca', ""n't"", 'wait', 'watch', 'tv', 'hope', '...']"
14714,1964621242,fun,@jonasbrothers http://twitpic.com/624qo - but a brown snake bit my duck named Elvis  anyway ahaha Elvis is soo cutee!! And so is Nicho ...,"['jonasbrothers', 'http', '//twitpic.com/624qo', 'brown', 'snake', 'bit', 'duck', 'named', 'Elvis', 'anyway', 'ahaha', 'Elvis', 'soo', 'cutee', 'Nicho', '...']"
14772,1964641130,fun,@CoffeebreakDMV so afraid my daughter's gonna write a memoir where i'm some ungodly mix of Miles &amp; Betty Davis in All About Eve,"['CoffeebreakDMV', 'afraid', 'daughter', ""'s"", 'gon', 'na', 'write', 'memoir', ""'m"", 'ungodly', 'mix', 'Miles', 'amp', 'Betty', 'Davis', 'Eve']"
14909,1964680138,fun,@COVERGIRL6 man i need 2 find a siitter Val still aint fuckin wit me  LOL,"['COVERGIRL6', 'man', 'need', 'find', 'siitter', 'Val', 'still', 'aint', 'fuckin', 'wit', 'LOL']"
14969,1964697706,fun,is getting ready for another makeup baseball game.  Played the same team last night &amp; got run ruled.,"['getting', 'ready', 'another', 'makeup', 'baseball', 'game', 'Played', 'team', 'last', 'night', 'amp', 'got', 'run', 'ruled']"
15031,1964712906,fun,"...celebrated by spilling half my soup. Hello, 40 calorie lunch.    Can it be the weekend now, please?","['...', 'celebrated', 'spilling', 'half', 'soup', 'Hello', '40', 'calorie', 'lunch', 'weekend', 'please']"
15071,1964729293,fun,"@MuchMusic i saw the new cities last tuesday, amazing show! and won tickets for tomorrow's show, but might not be able to make it","['MuchMusic', 'saw', 'new', 'city', 'last', 'tuesday', 'amazing', 'show', 'ticket', 'tomorrow', ""'s"", 'show', 'might', 'able', 'make']"
15109,1964737708,fun,giesal all dayyyyyy. come join meee!,"['giesal', 'dayyyyyy', 'come', 'join', 'meee']"
15129,1964741518,fun,http://twitpic.com/67ljj - As if teenagers need any more encouragement,"['http', '//twitpic.com/67ljj', 'teenager', 'need', 'encouragement']"
15142,1964744624,fun,@KlutzyAnisha  How about we play tomorrow?,"['KlutzyAnisha', 'play', 'tomorrow']"
15170,1964751286,fun,"@mileycyrus Miley!!! I Heard You Have Never Been To A Prom  I Would Have Invited You To Mine If I Knew, We Could Arrange Another One? x","['mileycyrus', 'Miley', 'Heard', 'Never', 'Prom', 'Would', 'Invited', 'Mine', 'Knew', 'Could', 'Arrange', 'Another', 'One', 'x']"
15188,1964764733,fun,@lilithsativa POOOOOOOOR SHEEEEP!!!,"['lilithsativa', 'POOOOOOOOR', 'SHEEEEP']"
15255,1964783318,fun,football in the sun has owned me,"['football', 'sun', 'owned']"
15282,1964789775,fun,"Im stuffed, Ive been eating junk all day!","['Im', 'stuffed', 'Ive', 'eating', 'junk', 'day']"
15286,1964792600,fun,@jackEO313 at first i thought bar life meant you were partying nonstop to catch up for the last 2 years...lol shoulda known better,"['jackEO313', 'first', 'thought', 'bar', 'life', 'meant', 'partying', 'nonstop', 'catch', 'last', 'year', '...', 'lol', 'shoulda', 'known', 'better']"
15344,1964810115,fun,I'm not sure why walking around in barnes and noble comforts me so much. O well now I'm off to work,"[""'m"", 'sure', 'walking', 'around', 'barnes', 'noble', 'comfort', 'much', 'well', ""'m"", 'work']"
15381,1964827674,fun,i don't know what i'm doing  i feel so empty LOLLL cheesy but true :/,"[""n't"", 'know', ""'m"", 'feel', 'empty', 'LOLLL', 'cheesy', 'true']"
15424,1964838007,fun,"@PopularRepublic lol 'if u knew better, u'd do better, wouldnt wear Uggs in shoe weather...' awww RIP Stack B","['PopularRepublic', 'lol', ""'if"", 'u', 'knew', 'better', 'u', ""'d"", 'better', 'wouldnt', 'wear', 'Uggs', 'shoe', 'weather', '...', 'awww', 'RIP', 'Stack', 'B']"
15438,1964840566,fun,"going to my bff's. haha. but thats in like 2 hourssss sooooo...calllll me. actually darn, i have hw","['going', 'bff', ""'s"", 'haha', 'thats', 'like', 'hourssss', 'sooooo', '...', 'calllll', 'actually', 'darn', 'hw']"
15454,1964843305,fun,tried to do something funny on twitter but failed.,"['tried', 'something', 'funny', 'twitter', 'failed']"
15497,1964863174,fun,"@DesmoidSurvivor @fryphile he should be an honourary fluffette, such lovely hair (what's left  )","['DesmoidSurvivor', 'fryphile', 'honourary', 'fluffette', 'lovely', 'hair', ""'s"", 'left']"
15537,1964872212,fun,"@oakridgeboys Think these little youtube's are cool!! Prayers, my dad admitted to hosp. this am, n/sure what problem is yet, maybe heart","['oakridgeboys', 'Think', 'little', 'youtube', ""'s"", 'cool', 'Prayers', 'dad', 'admitted', 'hosp', 'n/sure', 'problem', 'yet', 'maybe', 'heart']"
15630,1964894602,fun,@themaguire maybe one day I can be on your favorite producers list  lol,"['themaguire', 'maybe', 'one', 'day', 'favorite', 'producer', 'list', 'lol']"
15689,1964956139,fun,@AvonteNikole  Meee tooooooo..... And its bad.. when I'm bored... I eat.. lol,"['AvonteNikole', 'Meee', 'tooooooo', '.....', 'bad', '..', ""'m"", 'bored', '...', 'eat', '..', 'lol']"
15707,1964959194,fun,@mrstephens85 hahahaha awww uduhn lun me no mor???,"['mrstephens85', 'hahahaha', 'awww', 'uduhn', 'lun', 'mor']"
15757,1964976665,fun,@megbc OMG!!!!! 17???? wow. I'm the old one...,"['megbc', 'OMG', '17', 'wow', ""'m"", 'old', 'one', '...']"
15759,1964976820,fun,Wants To Dress Up,"['Wants', 'Dress']"
15797,1964985269,fun,@Dojie is that u trying to say i have a cold steal heart  lol,"['Dojie', 'u', 'trying', 'say', 'cold', 'steal', 'heart', 'lol']"
15819,1964991201,fun,@_constantstatic i like babies better  (although i like shows/books about crime),"['_constantstatic', 'like', 'baby', 'better', 'although', 'like', 'shows/books', 'crime']"
15840,1965009270,fun,@kingivn Have fun amorsote even tho u forgot my bday,"['kingivn', 'fun', 'amorsote', 'even', 'tho', 'u', 'forgot', 'bday']"
15921,1965070096,fun,@osandisays dude...come to amel larrieux with me tonight...errybody fakin!,"['osandisays', 'dude', '...', 'come', 'amel', 'larrieux', 'tonight', '...', 'errybody', 'fakin']"
15947,1965077042,fun,Harley Quinn cstm  hehehehe  not going to the prom buaa,"['Harley', 'Quinn', 'cstm', 'hehehehe', 'going', 'prom', 'buaa']"
15960,1965079626,fun,I need to sleep for a whole day to recover from this birthday!! I'm getting so old!!,"['need', 'sleep', 'whole', 'day', 'recover', 'birthday', ""'m"", 'getting', 'old']"
16013,1965092788,fun,okie gonna tweet more because i am loosing you guys or girls,"['okie', 'gon', 'na', 'tweet', 'loosing', 'guy', 'girl']"
16035,1965098144,fun,"Tonight was just a warm up for major night out in West end 2moro, gorgeous dress, killer heels, fraught with problems as big crowd going","['Tonight', 'warm', 'major', 'night', 'West', 'end', '2moro', 'gorgeous', 'dress', 'killer', 'heel', 'fraught', 'problem', 'big', 'crowd', 'going']"
16120,1965251625,fun,I'm SO thinking about skippin out to NY in the morning. . . but all of my plans were for tonight  well . . . most of them anyway.,"[""'m"", 'thinking', 'skippin', 'NY', 'morning', 'plan', 'tonight', 'well', 'anyway']"
16123,1965252015,fun,"why I love so much, why your make me smile all the time? why your so special but i cant have u  ? I get scared to try.","['love', 'much', 'make', 'smile', 'time', 'special', 'cant', 'u', 'get', 'scared', 'try']"
16135,1965253769,fun,it's ridiculously warm in bed,"[""'s"", 'ridiculously', 'warm', 'bed']"
16172,1965260251,fun,@kvagur  haha soooo party tonight???,"['kvagur', 'haha', 'soooo', 'party', 'tonight']"
16189,1965267352,fun,"@LMontt I went on a Disney Cruise when I was a kid, but the characters were on strike so there weren't any","['LMontt', 'went', 'Disney', 'Cruise', 'kid', 'character', 'strike', ""n't""]"
16194,1965268188,fun,"@bobbiepen yeah, I was always changing my hair color in High School.  I've pretty much worn everything LOL. Some good, some baaaaaaaad","['bobbiepen', 'yeah', 'always', 'changing', 'hair', 'color', 'High', 'School', ""'ve"", 'pretty', 'much', 'worn', 'everything', 'LOL', 'good', 'baaaaaaaad']"
16216,1965273720,fun,"@yahyan  yahyan: @supremacii iaaaaaaaaaaaaan, i was just joking","['yahyan', 'yahyan', 'supremacii', 'iaaaaaaaaaaaaan', 'joking']"
16236,1965278580,fun,@clouddancefest It was truly awful,"['clouddancefest', 'truly', 'awful']"
16262,1965289800,fun,"@Ashcoates its been fun so far, but its nothing like a festival altho we did have a cider this afternoon, but only the one","['Ashcoates', 'fun', 'far', 'nothing', 'like', 'festival', 'altho', 'cider', 'afternoon', 'one']"
16357,1965313858,fun,"Going out to eat with my entourage, probably to Fat E's since they're closing tomorrow!   watching a movie with Jimmy tonight, text me....","['Going', 'eat', 'entourage', 'probably', 'Fat', 'E', ""'s"", 'since', ""'re"", 'closing', 'tomorrow', 'watching', 'movie', 'Jimmy', 'tonight', 'text', '....']"
16367,1965315271,fun,Im a loner  haha suckss,"['Im', 'loner', 'haha', 'suckss']"
16369,1965315531,fun,i wish i could teach my dog how to play xbox!  alas...no thumbs,"['wish', 'could', 'teach', 'dog', 'play', 'xbox', 'ala', '...', 'thumb']"
16371,1965315724,fun,"Great, just great. #Cookoutofthecentury and my wife's tummy hurts. Just. Great.","['Great', 'great', 'Cookoutofthecentury', 'wife', ""'s"", 'tummy', 'hurt', 'Great']"
16380,1965325243,fun,I am so full. No more food tonight... I don't want no cake and ice cream at this party.,"['full', 'food', 'tonight', '...', ""n't"", 'want', 'cake', 'ice', 'cream', 'party']"
16383,1965325781,fun,Watchin 'how to lose a man in 10 days' wiv mum  lol,"['Watchin', ""'how"", 'lose', 'man', '10', 'day', 'wiv', 'mum', 'lol']"
16416,1965332044,fun,@catrionat7 Lol I Sed Want to Not Ach Dress Up For No Reason. Pleaseeeeeeeeeeeeee Im Bored.  Lol,"['catrionat7', 'Lol', 'Sed', 'Want', 'Ach', 'Dress', 'Reason', 'Pleaseeeeeeeeeeeeee', 'Im', 'Bored', 'Lol']"
16577,1965390251,fun,"word is marlon brando gave him 25 cent . . . yeah , tha GODFATHER","['word', 'marlon', 'brando', 'gave', '25', 'cent', 'yeah', 'tha', 'GODFATHER']"
16667,1965419713,fun,Im had to leave early to go to piccolo practice.,"['Im', 'leave', 'early', 'go', 'piccolo', 'practice']"
16691,1965423806,fun,@samchannah @juliedeborah Beer is an excellent excuse. Earlier i was sweating god knows how much! Not looking forward to working tomorrow,"['samchannah', 'juliedeborah', 'Beer', 'excellent', 'excuse', 'Earlier', 'sweating', 'god', 'know', 'much', 'looking', 'forward', 'working', 'tomorrow']"
16714,1965428439,fun,playing at my old school playground still the same except them lame ass got rid of the tire swing,"['playing', 'old', 'school', 'playground', 'still', 'except', 'lame', 'as', 'got', 'rid', 'tire', 'swing']"
16734,1965435422,fun,"OK, time to head into Urban Outfitters to see what catches my eye, then head home, since this rain is hindering any more pics for the day","['OK', 'time', 'head', 'Urban', 'Outfitters', 'see', 'catch', 'eye', 'head', 'home', 'since', 'rain', 'hindering', 'pic', 'day']"
16736,1965435734,fun,@devidev im stuck 2  this when my la love turns in2 road rage lol,"['devidev', 'im', 'stuck', 'la', 'love', 'turn', 'in2', 'road', 'rage', 'lol']"
16772,1965442711,fun,is going to forgo Pub Night with the wife tonight. Tough week for both of us and neither is really up for it. Plus our neighbor died,"['going', 'forgo', 'Pub', 'Night', 'wife', 'tonight', 'Tough', 'week', 'u', 'neither', 'really', 'Plus', 'neighbor', 'died']"
16800,1965449080,fun,wants to go swimming,"['want', 'go', 'swimming']"
16914,1965476607,fun,"RIP Attack Attack!  MTV headbangersball? really? and now you are inside the &quot;goth&quot; genre, wow, I'll still be seein you at @warped09 :/","['RIP', 'Attack', 'Attack', 'MTV', 'headbangersball', 'really', 'inside', 'quot', 'goth', 'quot', 'genre', 'wow', ""'ll"", 'still', 'seein', 'warped09']"
16920,1965477262,fun,"@LeeGazeprophets white pointy shoes haha, and ah you got me excited about the enw drummer  youre mean!","['LeeGazeprophets', 'white', 'pointy', 'shoe', 'haha', 'ah', 'got', 'excited', 'enw', 'drummer', 'youre', 'mean']"
16944,1965481943,fun,DotA is an addiction...i waste 6-7 hours playing dota,"['DotA', 'addiction', '...', 'waste', '6-7', 'hour', 'playing', 'dota']"
16982,1965496028,fun,@joe_g1986 a price drop would be nice  I want another one for a backup/blu-ray player.,"['joe_g1986', 'price', 'drop', 'would', 'nice', 'want', 'another', 'one', 'backup/blu-ray', 'player']"
16993,1965499230,fun,@xoxo_emily  i wish i was there to hear that!,"['xoxo_emily', 'wish', 'hear']"
16997,1965500068,fun,"Rehearsal is done  we had SO MUCH FUUN. hide&amp;seek tag and we learned BOMB DANCES , going home and doing hw maybe!","['Rehearsal', 'done', 'MUCH', 'FUUN', 'hide', 'amp', 'seek', 'tag', 'learned', 'BOMB', 'DANCES', 'going', 'home', 'hw', 'maybe']"
17028,1965505585,fun,@DomCorleone  oh hell yeah lol. im a vegetarian tho but i still cooks the mean =X im a traitor,"['DomCorleone', 'oh', 'hell', 'yeah', 'lol', 'im', 'vegetarian', 'tho', 'still', 'cook', 'mean', '=X', 'im', 'traitor']"
17073,1965520444,fun,Ohhhhh what a line,"['Ohhhhh', 'line']"
17152,1965541670,fun,"@ greengoo: Haha, I don't have any  I have decided to see if making a grilled cheese on a George Foreman would work well...","['greengoo', 'Haha', ""n't"", 'decided', 'see', 'making', 'grilled', 'cheese', 'George', 'Foreman', 'would', 'work', 'well', '...']"
17185,1965555190,fun,"@fifleaona I work in a room in the middle of the office, thus no windows. We call it the programmer cave, I  can only imagine the sky.","['fifleaona', 'work', 'room', 'middle', 'office', 'thus', 'window', 'call', 'programmer', 'cave', 'imagine', 'sky']"
17260,1965573921,fun,Yeahhhhhhhhhhhhh friday..and I work tomorrow,"['Yeahhhhhhhhhhhhh', 'friday', '..', 'work', 'tomorrow']"
17291,1965580603,fun,I need to look at apartments tomorrow,"['need', 'look', 'apartment', 'tomorrow']"
17373,1965647884,fun,@Dannigyrl Fabulous. And I didn't get that pic  Gmail be acting the fool sometimes. Can u DM me it?,"['Dannigyrl', 'Fabulous', ""n't"", 'get', 'pic', 'Gmail', 'acting', 'fool', 'sometimes', 'u', 'DM']"
17377,1965648320,fun,@glennbeck we can't wait to see you too! pls come back to iowa it isn't the same at the theatre,"['glennbeck', 'ca', ""n't"", 'wait', 'see', 'pls', 'come', 'back', 'iowa', ""n't"", 'theatre']"
17388,1965649526,fun,"Romeo and Juliet were very much in love when they were wed. They honored their vows, and where are they now? they're dead.","['Romeo', 'Juliet', 'much', 'love', 'wed', 'honored', 'vow', ""'re"", 'dead']"
17502,1965677689,fun,@ReminisceSmith im only on 1800  lol,"['ReminisceSmith', 'im', '1800', 'lol']"
17637,1965728076,fun,I think I already regret telling rick I have an xbox... I'm losing him to that and twitter..  you still want it jimbo haha,"['think', 'already', 'regret', 'telling', 'rick', 'xbox', '...', ""'m"", 'losing', 'twitter', '..', 'still', 'want', 'jimbo', 'haha']"
17663,1965734837,fun,Ate huge set of Appetizers. full now,"['Ate', 'huge', 'set', 'Appetizers', 'full']"
17692,1965742731,fun,@spjwebster wish @njwebster was coming too  I guess we can make time for you though if we have to ;),"['spjwebster', 'wish', 'njwebster', 'coming', 'guess', 'make', 'time', 'though']"
17769,1965795413,fun,"@JadeSkylar - oh, COOL!! D. I'm going to like a bunchh of JB shows this summer... I am so broke now though  haha","['JadeSkylar', 'oh', 'COOL', 'D.', ""'m"", 'going', 'like', 'bunchh', 'JB', 'show', 'summer', '...', 'broke', 'though', 'haha']"
17812,1965807237,fun,The Hangover: That movie is gonna be hilarious. wish i could see it with the crew,"['Hangover', 'movie', 'gon', 'na', 'hilarious', 'wish', 'could', 'see', 'crew']"
17923,1965834189,fun,@ghaliia Mabrook @iamMishal inta wain wil diet wain! @p0ach ma 3indi funoon,"['ghaliia', 'Mabrook', 'iamMishal', 'inta', 'wain', 'wil', 'diet', 'wain', 'p0ach', '3indi', 'funoon']"
17941,1965838657,fun,OMG Great Day Today Went To A Art Thingy  And Noe I Really Want A Zune HD  And The Bed Part Its Raining  Come Out Mister Sun,"['OMG', 'Great', 'Day', 'Today', 'Went', 'Art', 'Thingy', 'Noe', 'Really', 'Want', 'Zune', 'HD', 'Bed', 'Part', 'Raining', 'Come', 'Mister', 'Sun']"
18117,1965891379,fun,LauraA22is missing the fun she had with @Sylars_Army at Eclipse 3  #SArmy #SArmy #SArmy,"['LauraA22is', 'missing', 'fun', 'Sylars_Army', 'Eclipse', 'SArmy', 'SArmy', 'SArmy']"
18132,1965893956,fun,Nursing my sick guniea pig back to health  and my cat is being jealous,"['Nursing', 'sick', 'guniea', 'pig', 'back', 'health', 'cat', 'jealous']"
18178,1965904347,fun,acsvxdcbgfn soccer now. shall see young phoebe after D: I don't want her dressed up though,"['acsvxdcbgfn', 'soccer', 'shall', 'see', 'young', 'phoebe', ""n't"", 'want', 'dressed', 'though']"
18218,1965914745,fun,"Um. Why can't I write smut tonight? I like smut. I want to write smut. Yet, nothing. No smut.","['Um', 'ca', ""n't"", 'write', 'smut', 'tonight', 'like', 'smut', 'want', 'write', 'smut', 'Yet', 'nothing', 'smut']"
18275,1965930776,fun,@caramp lol you saw where I was going with that...both of my last names are to common nothing special on me,"['caramp', 'lol', 'saw', 'going', '...', 'last', 'name', 'common', 'nothing', 'special']"
18402,1965959710,fun,Writing this paper is a lot harder then i thought . LOL,"['Writing', 'paper', 'lot', 'harder', 'thought', 'LOL']"
18416,1965963366,fun,Saw the UCLA bookstore...now convinced that every single major university has a better bookstore than @ASU   Having fun so far!,"['Saw', 'UCLA', 'bookstore', '...', 'convinced', 'every', 'single', 'major', 'university', 'better', 'bookstore', 'ASU', 'fun', 'far']"
18430,1965966950,fun,I'm at the anime store iat rivercenter going crazy at all the Pokemon stuff. I wish I had money,"[""'m"", 'anime', 'store', 'iat', 'rivercenter', 'going', 'crazy', 'Pokemon', 'stuff', 'wish', 'money']"
18439,1965967874,fun,"Was outside playing ball with dogs, now all hot and sweaty","['outside', 'playing', 'ball', 'dog', 'hot', 'sweaty']"
18480,1965980007,fun,@laurabolger Lol what do you mean? I thought you were going to London for it? xD and it is yea  Xx,"['laurabolger', 'Lol', 'mean', 'thought', 'going', 'London', 'xD', 'yea', 'Xx']"
18483,1965980437,fun,wishing Ro was feeling better,"['wishing', 'Ro', 'feeling', 'better']"
18489,1965981189,fun,http://twitpic.com/67x8k - WITH MY FRIENDS WERE IN OUR WORK,"['http', '//twitpic.com/67x8k', 'FRIENDS', 'WORK']"
18573,1966001568,fun,@susansediqe soooo over ppl telling me they went to the tonite show!!!  Ive had dreams of meeting him  I'm embarrassd of that a lil LOL,"['susansediqe', 'soooo', 'ppl', 'telling', 'went', 'tonite', 'show', 'Ive', 'dream', 'meeting', ""'m"", 'embarrassd', 'lil', 'LOL']"
18639,1966038607,fun,"Launching fitness video blog with @kimidreams next week, featuring Polar watches, can't afford @bodybugg 's 6 weeks, video every day!","['Launching', 'fitness', 'video', 'blog', 'kimidreams', 'next', 'week', 'featuring', 'Polar', 'watch', 'ca', ""n't"", 'afford', 'bodybugg', ""'s"", 'week', 'video', 'every', 'day']"
18688,1966051151,fun,"City Dippin iz u fun, so much eye candy out here...I remember y I miss  LOL","['City', 'Dippin', 'iz', 'u', 'fun', 'much', 'eye', 'candy', '...', 'remember', 'miss', 'LOL']"
18749,1966068781,fun,I'll probably have better photos up later today. Took some picks with my big camera too. Camera phone = blury camera,"[""'ll"", 'probably', 'better', 'photo', 'later', 'today', 'Took', 'pick', 'big', 'camera', 'Camera', 'phone', 'blury', 'camera']"
18752,1966069141,fun,"Dayum, tweets r coming fast, so likely missing a lot.    Plz DM, k?  Oh, is @rod_stewart 4 real?","['Dayum', 'tweet', 'r', 'coming', 'fast', 'likely', 'missing', 'lot', 'Plz', 'DM', 'k', 'Oh', 'rod_stewart', 'real']"
18861,1966095613,fun,@MariaV_ST vaca!! buuu sigo en el work,"['MariaV_ST', 'vaca', 'buuu', 'sigo', 'en', 'el', 'work']"
18862,1966095757,fun,@JammieAdams No you are not having my favorite drink without me  lol,"['JammieAdams', 'favorite', 'drink', 'without', 'lol']"
18923,1966109943,fun,"@staaceeyy weeooow, i feel fat.... i remember when i used to weigh that much  pfffffffffffffffffffffftttttttt long time ago, hahaha","['staaceeyy', 'weeooow', 'feel', 'fat', '....', 'remember', 'used', 'weigh', 'much', 'pfffffffffffffffffffffftttttttt', 'long', 'time', 'ago', 'hahaha']"
18939,1966114272,fun,Feeeel like ima die! Now on my way to rainforest.  !! I need a girls spa day ASAP!,"['Feeeel', 'like', 'ima', 'die', 'way', 'rainforest', 'need', 'girl', 'spa', 'day', 'ASAP']"
18995,1966128728,fun,did not get to go see UP!! Oh well ended up going to dinner with Blase and Bridget!,"['get', 'go', 'see', 'Oh', 'well', 'ended', 'going', 'dinner', 'Blase', 'Bridget']"
19059,1966162648,fun,wishing i could go to CaBo tonight,"['wishing', 'could', 'go', 'CaBo', 'tonight']"
19064,1966163850,fun,"Oh, but Grease is on VH1! It's almost over, though  http://myloc.me/2215","['Oh', 'Grease', 'VH1', ""'s"", 'almost', 'though', 'http', '//myloc.me/2215']"
19115,1966179371,fun,On way to grab @DeejaySpider @ airport. Listenin to #thebeat. There's noooooo way @djflipout would play these mashups.... AVH would be,"['way', 'grab', 'DeejaySpider', 'airport', 'Listenin', 'thebeat', ""'s"", 'noooooo', 'way', 'djflipout', 'would', 'play', 'mashups', '....', 'AVH', 'would']"
19148,1966190984,fun,@Beauabroughton shud up! lol my device thing doesn't work,"['Beauabroughton', 'shud', 'lol', 'device', 'thing', ""n't"", 'work']"
19188,1966196916,fun,There was no traffic at all on my way home and all traffic lights were green.Im afraidIowe karma a big check,"['traffic', 'way', 'home', 'traffic', 'light', 'green.Im', 'afraidIowe', 'karma', 'big', 'check']"
19240,1966209836,fun,just got sold out from UP,"['got', 'sold']"
19250,1966212725,fun,joooooooooooooo!!!!!!!!!!!! studying!!!  to be readdy to go to the party!!!   If they let me go!!  jajaja I think yeaahh!!! \m/!!,"['joooooooooooooo', 'studying', 'readdy', 'go', 'party', 'let', 'go', 'jajaja', 'think', 'yeaahh', '\\m/']"
19262,1966215861,fun,"@DD714 Ahh man, and im off NEXT weekend","['DD714', 'Ahh', 'man', 'im', 'NEXT', 'weekend']"
19279,1966219921,fun,@BBKwieen all of em! Hahahahaha sry,"['BBKwieen', 'em', 'Hahahahaha', 'sry']"
19297,1966225227,fun,@WayneDaStar that's a mess  I'll look for it next week,"['WayneDaStar', ""'s"", 'mess', ""'ll"", 'look', 'next', 'week']"
19326,1966230558,fun,Fun Friday night planned...... Spent at work,"['Fun', 'Friday', 'night', 'planned', '......', 'Spent', 'work']"
19353,1966237909,fun,hi from chile!!! It's 9 deg C  winter's coming....cant wait for cali sun.,"['hi', 'chile', ""'s"", 'deg', 'C', 'winter', ""'s"", 'coming', '....', 'cant', 'wait', 'cali', 'sun']"
19366,1966242117,fun,@FenterZ hahaha your gonna beat me again  LOL at james sahal and his &quot;stunnerbum&quot;,"['FenterZ', 'hahaha', 'gon', 'na', 'beat', 'LOL', 'james', 'sahal', 'quot', 'stunnerbum', 'quot']"
19382,1966246334,fun,"Bought some little plastic personal wine bottles at Jewel, perfect for rooftop boozin'! Wish I didn't have to wait so long!","['Bought', 'little', 'plastic', 'personal', 'wine', 'bottle', 'Jewel', 'perfect', 'rooftop', 'boozin', 'Wish', ""n't"", 'wait', 'long']"
19406,1966252667,fun,@davidaldrich_wx Did you see the color of the sky and how it looks in Philly??  It is yellowish/orangeish/brownish looks scary!!  lol,"['davidaldrich_wx', 'see', 'color', 'sky', 'look', 'Philly', 'yellowish/orangeish/brownish', 'look', 'scary', 'lol']"
19411,1966258651,fun,@Atashas your sister would ! hahah thats so funny !! i thought you liked them,"['Atashas', 'sister', 'would', 'hahah', 'thats', 'funny', 'thought', 'liked']"
19446,1966266213,fun,@Anthony_y_Tony I had Pad Thai 3 times last night  ragoons LOL yumb,"['Anthony_y_Tony', 'Pad', 'Thai', 'time', 'last', 'night', 'ragoons', 'LOL', 'yumb']"
19469,1966269734,fun,The nocturnal serendipity... Kashmir is an important means to that end...,"['nocturnal', 'serendipity', '...', 'Kashmir', 'important', 'mean', 'end', '...']"
19502,1966278882,fun,poker night instead of kate voegele.... i guess it'll do....,"['poker', 'night', 'instead', 'kate', 'voegele', '....', 'guess', ""'ll"", '....']"
19504,1966279114,fun,@LizMyxx okay...just eat cookies &amp;&amp; not share with me lol,"['LizMyxx', 'okay', '...', 'eat', 'cooky', 'amp', 'amp', 'share', 'lol']"
19547,1966288117,fun,"a reply from @zackalltimelow would  make my life, he replies usually to the people who call him gay, then he tells them he willblok them","['reply', 'zackalltimelow', 'would', 'make', 'life', 'reply', 'usually', 'people', 'call', 'gay', 'tell', 'willblok']"
19585,1966297713,fun,"@momfluential That turtle on the side of the road just passed you, too.","['momfluential', 'turtle', 'side', 'road', 'passed']"
19694,1966327411,fun,@funkylovin ah mine is never home before 8   I handed off the kids and grabbed the bottle of malibu and a coke..momma getting drinky :para,"['funkylovin', 'ah', 'mine', 'never', 'home', 'handed', 'kid', 'grabbed', 'bottle', 'malibu', 'coke', '..', 'momma', 'getting', 'drinky', 'para']"
19706,1966330096,fun,"@shawnsafaridon lol, i've done that one b4  i'm a victim 2 that! lol","['shawnsafaridon', 'lol', ""'ve"", 'done', 'one', 'b4', ""'m"", 'victim', 'lol']"
19716,1966334069,fun,"i want to go out tonight, but i ain't go no money and no one to go with   any takers???","['want', 'go', 'tonight', 'ai', ""n't"", 'go', 'money', 'one', 'go', 'taker']"
19727,1966336204,fun,"@pleazurs Woot freaking hoo, tho Mad World isn't doing well on the iTunes top #100 chart.","['pleazurs', 'Woot', 'freaking', 'hoo', 'tho', 'Mad', 'World', ""n't"", 'well', 'iTunes', 'top', '100', 'chart']"
19752,1966345253,fun,"the good thing of having a fever is feeling cold, especially in such hot weather. I think I'm hallucinating lol  .","['good', 'thing', 'fever', 'feeling', 'cold', 'especially', 'hot', 'weather', 'think', ""'m"", 'hallucinating', 'lol']"
19818,1966358387,fun,@Jonasbrothers friends of mine just meet you today..... I can't wait until it is my turn,"['Jonasbrothers', 'friend', 'mine', 'meet', 'today', '.....', 'ca', ""n't"", 'wait', 'turn']"
19837,1966400948,fun,they were actually there omg apparently a relative of marc went to my school lol,"['actually', 'omg', 'apparently', 'relative', 'marc', 'went', 'school', 'lol']"
19853,1966405320,fun,I haven't gone sheesha smoking in a loooong time  Maybe tomorrow? &gt; *starts planning*,"[""n't"", 'gone', 'sheesha', 'smoking', 'loooong', 'time', 'Maybe', 'tomorrow', 'gt', 'start', 'planning']"
19865,1966408694,fun,@JESS_TRUESDALE lmao! you a mess.  Im gonna be in ATL in a few weeks,"['JESS_TRUESDALE', 'lmao', 'mess', 'Im', 'gon', 'na', 'ATL', 'week']"
20011,1693956727,fun,I'll go now.I'll watch teen nick!,"[""'ll"", 'go', 'now.I', ""'ll"", 'watch', 'teen', 'nick']"
20024,1693957402,fun,I cannot wait to go to FLORIDA!!,"['wait', 'go', 'FLORIDA']"
20032,1693957628,fun,All zombie songs are now dedicated to @HAMMER32  ? http://blip.fm/~5jbib,"['zombie', 'song', 'dedicated', 'HAMMER32', 'http', '//blip.fm/~5jbib']"
20047,1693958349,fun,@khodgkin1 Oh! Good idea about putting them on ice cream,"['khodgkin1', 'Oh', 'Good', 'idea', 'putting', 'ice', 'cream']"
20059,1693974979,fun,@mikebreed There's a reason why they're so cute at times - to prevent you from throwing them overboard when they scream every 2 hrs...,"['mikebreed', ""'s"", 'reason', ""'re"", 'cute', 'time', 'prevent', 'throwing', 'overboard', 'scream', 'every', 'hr', '...']"
20084,1693976069,fun,Can't wait for SYTYCD tour with Ashleighhh &amp; Izzayyy,"['Ca', ""n't"", 'wait', 'SYTYCD', 'tour', 'Ashleighhh', 'amp', 'Izzayyy']"
20089,1693976205,fun,@CeesDope_  ahhhhaaa bangbros.com! psshh nigga its all about onionbooty.com,"['CeesDope_', 'ahhhhaaa', 'bangbros.com', 'psshh', 'nigga', 'onionbooty.com']"
20108,1693976979,fun,"aaahhh, showers are great","['aaahhh', 'shower', 'great']"
20133,1693978045,fun,"omg, I never knew that Wikipedia also lists the shades of colours, it's cool","['omg', 'never', 'knew', 'Wikipedia', 'also', 'list', 'shade', 'colour', ""'s"", 'cool']"
20163,1693995083,fun,@SashaKane I am absolutely craving a brownie with ice cream right now. FedEx some over!,"['SashaKane', 'absolutely', 'craving', 'brownie', 'ice', 'cream', 'right', 'FedEx']"
20165,1693995093,fun,and these awesome tweeples too!  @xoNessCullenxo @xoJasperHalexo @xoEmmettC35xo @oxTanyaDenaliox @xoEsmeCullenxo,"['awesome', 'tweeples', 'xoNessCullenxo', 'xoJasperHalexo', 'xoEmmettC35xo', 'oxTanyaDenaliox', 'xoEsmeCullenxo']"
20190,1693995975,fun,@moonfrye LOL and that's why I use my iPod touch,"['moonfrye', 'LOL', ""'s"", 'use', 'iPod', 'touch']"
20191,1693995992,fun,hehe tweet time... bastos talaga chux,"['hehe', 'tweet', 'time', '...', 'bastos', 'talaga', 'chux']"
20206,1693996800,fun,"@DavidArchie if you don't mind, change your profile pic with a picture of you in UK. It'll be fun","['DavidArchie', ""n't"", 'mind', 'change', 'profile', 'pic', 'picture', 'UK', ""'ll"", 'fun']"
20230,1693997723,fun,@DavidArchie Yeahhh you do that lol,"['DavidArchie', 'Yeahhh', 'lol']"
20239,1693998122,fun,"@RealBillBailey haven't read that book, but heard of it. Feed, spay, love is a great motto for pet owners  although there is more involved","['RealBillBailey', ""n't"", 'read', 'book', 'heard', 'Feed', 'spay', 'love', 'great', 'motto', 'pet', 'owner', 'although', 'involved']"
20246,1693998597,fun,@robinmeure &gt; &quot;live Q&amp;A 24/7&quot;... definitely the best part of twitter for me,"['robinmeure', 'gt', 'quot', 'live', 'Q', 'amp', '24/7', 'quot', '...', 'definitely', 'best', 'part', 'twitter']"
20308,1694015536,fun,just watched JONAS. It was funny.,"['watched', 'JONAS', 'funny']"
20310,1694015577,fun,@damohopo Come to Rochester with me and Nikki. Beer and a Hog Roast always helps.,"['damohopo', 'Come', 'Rochester', 'Nikki', 'Beer', 'Hog', 'Roast', 'always', 'help']"
20312,1694015680,fun,@mariekehardy this will make you feel better. Will down a cocktail or 2 in your honour. Now get retorting  http://twitpic.com/4j91r,"['mariekehardy', 'make', 'feel', 'better', 'cocktail', 'honour', 'get', 'retorting', 'http', '//twitpic.com/4j91r']"
20313,1694015703,fun,badminton marathon tonight!  please cooperate feet!,"['badminton', 'marathon', 'tonight', 'please', 'cooperate', 'foot']"
20350,1694032499,fun,looking forward to coffee and driving tomorrow. really,"['looking', 'forward', 'coffee', 'driving', 'tomorrow', 'really']"
20378,1694033631,fun,"http://twitpic.com/4j95z - I don't know why, but I LOLd.","['http', '//twitpic.com/4j95z', ""n't"", 'know', 'LOLd']"
20380,1694033663,fun,@merdujapon Really all that? I'll look for it and will report back,"['merdujapon', 'Really', ""'ll"", 'look', 'report', 'back']"
20388,1694033898,fun,Joey's getting a new lizard... This should be fun  x,"['Joey', ""'s"", 'getting', 'new', 'lizard', '...', 'fun', 'x']"
20427,1694035419,fun,@mnoxon The fans have found you!!,"['mnoxon', 'fan', 'found']"
20436,1694035916,fun,Watching Dr. Horrible with @Bobwieck. @jenhansen don't be mad!,"['Watching', 'Dr.', 'Horrible', 'Bobwieck', 'jenhansen', ""n't"", 'mad']"
20440,1694035998,fun,Weekend is over :\ Hope you all had a great weekend,"['Weekend', 'Hope', 'great', 'weekend']"
20446,1694051027,fun,Sleepy Tabz is heading to bed.  Fun night! Listened through the next episode of Joss'd!,"['Sleepy', 'Tabz', 'heading', 'bed', 'Fun', 'night', 'Listened', 'next', 'episode', 'Joss', ""'d""]"
20465,1694051794,fun,toodaayy!,['toodaayy']
20467,1694051864,fun,@amber_benson Looks like fun doing the Macarena with a live band!,"['amber_benson', 'Looks', 'like', 'fun', 'Macarena', 'live', 'band']"
20473,1694052149,fun,"I know what would make me really tired, put me to sleep and I would sleep good!  ...RICE!!! Lmao!","['know', 'would', 'make', 'really', 'tired', 'put', 'sleep', 'would', 'sleep', 'good', '...', 'RICE', 'Lmao']"
20500,1694053154,fun,@thakkar I knw maan! i was gonna say the same thing. We both would become omelettes and others would become chapathis,"['thakkar', 'knw', 'maan', 'gon', 'na', 'say', 'thing', 'would', 'become', 'omelette', 'others', 'would', 'become', 'chapathis']"
20511,1694053377,fun,"@feedmecupcakes I just wanted to say, that you have the best screen name ever. That is all.","['feedmecupcakes', 'wanted', 'say', 'best', 'screen', 'name', 'ever']"
20534,1694054428,fun,yeah so Prom Night is now the Craft (good movie),"['yeah', 'Prom', 'Night', 'Craft', 'good', 'movie']"
147,1957001506,relief,I'm at work,"[""'m"", 'work']"
215,1957014389,relief,"is done painting all the bedroom furniture, I still have to do the table but it will wait until after the move. Uggh moving in the heat","['done', 'painting', 'bedroom', 'furniture', 'still', 'table', 'wait', 'move', 'Uggh', 'moving', 'heat']"
312,1957037860,relief,"Scary lightning and thunder  I'm glad it's over now. Going to sleep, I hope I'm not late to school tomorow again. Haha","['Scary', 'lightning', 'thunder', ""'m"", 'glad', ""'s"", 'Going', 'sleep', 'hope', ""'m"", 'late', 'school', 'tomorow', 'Haha']"
380,1957053409,relief,is home.  safely... but hungry,"['home', 'safely', '...', 'hungry']"
406,1957062621,relief,"just finished 8 hours of Texas Life Insurance CE tonight, 22 more hours to go","['finished', 'hour', 'Texas', 'Life', 'Insurance', 'CE', 'tonight', '22', 'hour', 'go']"
419,1957065570,relief,"@AnthonyLucas @iainfunnell Yeah, physically moving too!  Apparently we'll be reporting directly to Mr. Hayward...","['AnthonyLucas', 'iainfunnell', 'Yeah', 'physically', 'moving', 'Apparently', ""'ll"", 'reporting', 'directly', 'Mr.', 'Hayward', '...']"
524,1957089386,relief,Headin home...Refreshed my mind and soul justa lil bit...Bac to reality.,"['Headin', 'home', '...', 'Refreshed', 'mind', 'soul', 'justa', 'lil', 'bit', '...', 'Bac', 'reality']"
623,1957112696,relief,@charlieboy808 thanks for the rt and sorry about your new place with the domestics,"['charlieboy808', 'thanks', 'rt', 'sorry', 'new', 'place', 'domestic']"
631,1957113687,relief,@kaseypoteet LOL yeah yeah you big perv ;) Was hoping to see you next week but scrapped plans,"['kaseypoteet', 'LOL', 'yeah', 'yeah', 'big', 'perv', 'hoping', 'see', 'next', 'week', 'scrapped', 'plan']"
679,1957123350,relief,@nawid nope  het is LOST&amp;found he ;-),"['nawid', 'nope', 'het', 'LOST', 'amp', 'found']"
793,1957147618,relief,@colstewart You're cycling tho' that's good. Healthy eating  Healthy and eating are a contradiction in terms.,"['colstewart', ""'re"", 'cycling', 'tho', ""'s"", 'good', 'Healthy', 'eating', 'Healthy', 'eating', 'contradiction', 'term']"
1024,1957198077,relief,"Off work, trying to relax for about 30 mins before I've gotta go back to sleep","['work', 'trying', 'relax', '30', 'min', ""'ve"", 'got', 'ta', 'go', 'back', 'sleep']"
1116,1957219315,relief,@KevinDavis1914  .... It was just alriiightt,"['KevinDavis1914', '....', 'alriiightt']"
1127,1957223957,relief,"@ddlovato, ahhhhhhh so excited for july 21 (: ecxept stupid australia won't get it til like decembbberrrrrrrr  but stilll ahhh! congratss.","['ddlovato', 'ahhhhhhh', 'excited', 'july', '21', 'ecxept', 'stupid', 'australia', 'wo', ""n't"", 'get', 'til', 'like', 'decembbberrrrrrrr', 'stilll', 'ahhh', 'congratss']"
1132,1957225139,relief,@kimberlymdg I had fun tonight! I'll leave you with this...Brandi Carlile will be in Dallas today.  We should just sneak into the show!,"['kimberlymdg', 'fun', 'tonight', ""'ll"", 'leave', '...', 'Brandi', 'Carlile', 'Dallas', 'today', 'sneak', 'show']"
1141,1957227285,relief,@DHughesy ME! I wanted to go.,"['DHughesy', 'wanted', 'go']"
1196,1957239665,relief,@delta_goodrem should updatd her twitter,"['delta_goodrem', 'updatd', 'twitter']"
1237,1957249003,relief,"missed all the awesome weather, because she was in a movie!","['missed', 'awesome', 'weather', 'movie']"
1249,1957252101,relief,just got back from school.  SHEMMS!! Summer class has been officially ended.  http://plurk.com/p/wxsgy,"['got', 'back', 'school', 'SHEMMS', 'Summer', 'class', 'officially', 'ended', 'http', '//plurk.com/p/wxsgy']"
1268,1957259916,relief,off to my Psychology class.,"['Psychology', 'class']"
1279,1957262854,relief,#thingsmummysaid You need to learn to wash dishes and do laundry because I won't always be here to do them for you. She was right,"['thingsmummysaid', 'need', 'learn', 'wash', 'dish', 'laundry', 'wo', ""n't"", 'always', 'right']"
1348,1957282467,relief,@redframer123 I think they make you turn your phones off  I'll see what I can do!,"['redframer123', 'think', 'make', 'turn', 'phone', ""'ll"", 'see']"
1352,1957283025,relief,@oxygen8705 aww ty! s'just a bummer watching conversations,"['oxygen8705', 'aww', 'ty', ""s'just"", 'bummer', 'watching', 'conversation']"
1367,1957287436,relief,Aw. The sky is weeping.,"['Aw', 'sky', 'weeping']"
1462,1957312851,relief,shattered! PWG botched his hybrid dolphin shirt order and sent him xl,"['shattered', 'PWG', 'botched', 'hybrid', 'dolphin', 'shirt', 'order', 'sent', 'xl']"
1567,1957341357,relief,Done with my drew and jayk handmade gifts now watching old menudo vids,"['Done', 'drew', 'jayk', 'handmade', 'gift', 'watching', 'old', 'menudo', 'vids']"
1622,1957355196,relief,"Bout 2 lay iit down, got a head ache   @niariley we hangin tomorrow idont care wat u say lol..soooo dm me ur # &amp; imma hit u tomorrow k ;)","['Bout', 'lay', 'iit', 'got', 'head', 'ache', 'niariley', 'hangin', 'tomorrow', 'idont', 'care', 'wat', 'u', 'say', 'lol', '..', 'soooo', 'dm', 'ur', 'amp', 'imma', 'hit', 'u', 'tomorrow', 'k']"
1627,1957356574,relief,@trinsgarcia Yeah I`m okay. I couldn`t breathe for like 7 seconds.  I thought I was gonna die. Hahaha,"['trinsgarcia', 'Yeah', 'okay', 'breathe', 'like', 'second', 'thought', 'gon', 'na', 'die', 'Hahaha']"
1653,1957363721,relief,"@AroundHarlem that reminds me, i need to pick up a mask 2mrw. Thanks  I prefer not to take meds because i will b addicted","['AroundHarlem', 'reminds', 'need', 'pick', 'mask', '2mrw', 'Thanks', 'prefer', 'take', 'med', 'b', 'addicted']"
1684,1957371316,relief,on that note - i do not feel missed.,"['note', 'feel', 'missed']"
1710,1957378234,relief,"I just want somebody to love, and who loves me. I think and day-dream about about that CONSTANTLY.","['want', 'somebody', 'love', 'love', 'think', 'day-dream', 'CONSTANTLY']"
1791,1957398625,relief,@melkoo If it is any consolation I got my BMI tested hahaha it says I am obesed  well so much for being unhappy for about 10 minutes.,"['melkoo', 'consolation', 'got', 'BMI', 'tested', 'hahaha', 'say', 'obesed', 'well', 'much', 'unhappy', '10', 'minute']"
1886,1957422951,relief,just fed three very hungry stray kitties three cans or tuna. i hope they stay warm and safe tonight,"['fed', 'three', 'hungry', 'stray', 'kitty', 'three', 'can', 'tuna', 'hope', 'stay', 'warm', 'safe', 'tonight']"
1891,1957424442,relief,is finally gotten online after logging 200km over the last two days on errands as the family driver  http://plurk.com/p/wxz12,"['finally', 'gotten', 'online', 'logging', '200km', 'last', 'two', 'day', 'errand', 'family', 'driver', 'http', '//plurk.com/p/wxz12']"
1932,1957433155,relief,Cape Town was spitting all morning - now that im behind this desk; the sun comes out...perfect timing,"['Cape', 'Town', 'spitting', 'morning', 'im', 'behind', 'desk', 'sun', 'come', '...', 'perfect', 'timing']"
1936,1957434460,relief,Ahh feels good to have played guitar hero after months! I suck at it now but  haha,"['Ahh', 'feel', 'good', 'played', 'guitar', 'hero', 'month', 'suck', 'haha']"
2006,1957452090,relief,"Oopsie, the origami box I just made looks like a strawberry! should I be allowed to teach?","['Oopsie', 'origami', 'box', 'made', 'look', 'like', 'strawberry', 'allowed', 'teach']"
2164,1957483655,relief,Happy belated Birthday to Billy!! I forgot to say that on his bday.  I  feel aweful!,"['Happy', 'belated', 'Birthday', 'Billy', 'forgot', 'say', 'bday', 'feel', 'aweful']"
2213,1957495950,relief,Can't I just be a stay at home mom already,"['Ca', ""n't"", 'stay', 'home', 'mom', 'already']"
2214,1957496048,relief,this sux but took like 4 minutes. going to sleep finally  http://img36.imageshack.us/img36/4603/iprevailedsig.png,"['sux', 'took', 'like', 'minute', 'going', 'sleep', 'finally', 'http', '//img36.imageshack.us/img36/4603/iprevailedsig.png']"
2341,1957522630,relief,im very sorry.,"['im', 'sorry']"
2450,1957547323,relief,I am soooo  right now!,"['soooo', 'right']"
2577,1957577074,relief,&quot; ...not academically of course. &quot; I miss him already,"['quot', '...', 'academically', 'course', 'quot', 'miss', 'already']"
2584,1957578654,relief,Finally installed ovi in mobile. it would have been good if it could be downloaded to comp and installed to mobile. Frickin 3MB download,"['Finally', 'installed', 'ovi', 'mobile', 'would', 'good', 'could', 'downloaded', 'comp', 'installed', 'mobile', 'Frickin', '3MB', 'download']"
2639,1957591836,relief,I feel like flying off somewhere. It's been a month since my last trip...,"['feel', 'like', 'flying', 'somewhere', ""'s"", 'month', 'since', 'last', 'trip', '...']"
2656,1957595665,relief,we are looking forward to daddy returning from work on Saturday. He's been gone a whole month,"['looking', 'forward', 'daddy', 'returning', 'work', 'Saturday', ""'s"", 'gone', 'whole', 'month']"
2763,1957621246,relief,"At least my wish came true, its not hot anymore...just rainy","['least', 'wish', 'came', 'true', 'hot', 'anymore', '...', 'rainy']"
2860,1957640805,relief,Tucking myself in tonight  Mogwai on repeat,"['Tucking', 'tonight', 'Mogwai', 'repeat']"
2865,1957641284,relief,Today is my last official day of Uni! No more balancing uni work with music!!!! Til october atleast,"['Today', 'last', 'official', 'day', 'Uni', 'balancing', 'uni', 'work', 'music', 'Til', 'october', 'atleast']"
2995,1957673495,relief,is gutted to be at work when it is sooo nice outside,"['gutted', 'work', 'sooo', 'nice', 'outside']"
3078,1957695327,relief,@streetkingpin Well my battery just needed a jump...and now I gotta pay extra to get my nail fixed,"['streetkingpin', 'Well', 'battery', 'needed', 'jump', '...', 'got', 'ta', 'pay', 'extra', 'get', 'nail', 'fixed']"
3120,1957705954,relief,Back at work,"['Back', 'work']"
3162,1957715515,relief,@joehhzeh in august with anberlin. they're not headlining though  and yes there is a perth show,"['joehhzeh', 'august', 'anberlin', ""'re"", 'headlining', 'though', 'yes', 'perth', 'show']"
3205,1957727757,relief,@rms70 ooh how is Milan? i could do with a holiday! Bfoyf is off to Geneva today visiting fam so ive got a weekend on my own,"['rms70', 'ooh', 'Milan', 'could', 'holiday', 'Bfoyf', 'Geneva', 'today', 'visiting', 'fam', 'ive', 'got', 'weekend']"
3254,1957740028,relief,"@lavsmohan In my case, it's going to be exams showing me a thing or two.  I'm very much hopeful about November '09, though.","['lavsmohan', 'case', ""'s"", 'going', 'exam', 'showing', 'thing', 'two', ""'m"", 'much', 'hopeful', 'November', ""'09"", 'though']"
3270,1957742855,relief,"Working on a newsletter but I'd say I've got a writer's block atm  - take a deep breath and get on with it, girl...","['Working', 'newsletter', ""'d"", 'say', ""'ve"", 'got', 'writer', ""'s"", 'block', 'atm', 'take', 'deep', 'breath', 'get', 'girl', '...']"
3292,1957746079,relief,"@ShelbyRayne no im doing it in the morning, lol. i know i havent slept at all","['ShelbyRayne', 'im', 'morning', 'lol', 'know', 'havent', 'slept']"
3311,1957752630,relief,@jradc Awww....gnight.  haha,"['jradc', 'Awww', '....', 'gnight', 'haha']"
3314,1957753190,relief,@adrenalynntoao Hope you feel better! If your alone we can talk until your ready to go to bed...I'm alone too,"['adrenalynntoao', 'Hope', 'feel', 'better', 'alone', 'talk', 'ready', 'go', 'bed', '...', ""'m"", 'alone']"
3361,1957762576,relief,"just got up, smoking a cig and drinking coffee.. i need to start working on my final project for the univ","['got', 'smoking', 'cig', 'drinking', 'coffee', '..', 'need', 'start', 'working', 'final', 'project', 'univ']"
3406,1958041874,relief,"Feeling a little under the weather today  got a funny tummy - however, the sun is shining and I'm at home. Yay!","['Feeling', 'little', 'weather', 'today', 'got', 'funny', 'tummy', 'however', 'sun', 'shining', ""'m"", 'home', 'Yay']"
3488,1958058583,relief,"Just finished work nd now waiting in the freezing cold drinking a mango magic, haha FAIL T.T mama, wheree are yu ? I'm cold","['finished', 'work', 'nd', 'waiting', 'freezing', 'cold', 'drinking', 'mango', 'magic', 'haha', 'FAIL', 'T.T', 'mama', 'wheree', 'yu', ""'m"", 'cold']"
3550,1958072829,relief,@hartluck Oooh but your not coming to Perth  that sucks but you still Rock!,"['hartluck', 'Oooh', 'coming', 'Perth', 'suck', 'still', 'Rock']"
3629,1958090786,relief,Roommate is sssnoring :/ And my throat is so dry,"['Roommate', 'sssnoring', 'throat', 'dry']"
3631,1958091187,relief,Back from London  Now just catching up on all the tv and sleeping all day!,"['Back', 'London', 'catching', 'tv', 'sleeping', 'day']"
3674,1958100367,relief,Still soo tired..not ready to get up for the day...work again,"['Still', 'soo', 'tired', '..', 'ready', 'get', 'day', '...', 'work']"
3701,1958107130,relief,"@BexieLady I feel for you, that sounds like how Kiya was last night  all I can say is get comfy on the couch and enjoy the cuddles!","['BexieLady', 'feel', 'sound', 'like', 'Kiya', 'last', 'night', 'say', 'get', 'comfy', 'couch', 'enjoy', 'cuddle']"
3716,1958109594,relief,VERY upset....  Mom is in the hospital,"['upset', '....', 'Mom', 'hospital']"
3808,1958127569,relief,just in imagination,['imagination']
3861,1960123769,relief,Losing makeup bags is TRAGIC...luckily I keep 4 in diff places but I gotta replace my Bare Escentuals  *tearrrrrrrr*,"['Losing', 'makeup', 'bag', 'TRAGIC', '...', 'luckily', 'keep', 'diff', 'place', 'got', 'ta', 'replace', 'Bare', 'Escentuals', 'tearrrrrrrr']"
3914,1960138796,relief,"After being down for several hours, finally my site is back online. Silly DNS setting mistake","['several', 'hour', 'finally', 'site', 'back', 'online', 'Silly', 'DNS', 'setting', 'mistake']"
3927,1960143456,relief,Just got up a half hour ago.... Ugh not much sleep,"['got', 'half', 'hour', 'ago', '....', 'Ugh', 'much', 'sleep']"
4045,1960194070,relief,"@ost8doc  Sorry...but, I bet they aren't that bad...","['ost8doc', 'Sorry', '...', 'bet', ""n't"", 'bad', '...']"
4051,1960195099,relief,gotta go! bye twitterland!  good night! i'll try sleep. so that i will recover easily! still sick!  bye!,"['got', 'ta', 'go', 'bye', 'twitterland', 'good', 'night', ""'ll"", 'try', 'sleep', 'recover', 'easily', 'still', 'sick', 'bye']"
4110,1960209610,relief,@tpgraham the AC tix are actually $20 but the show is sold out.  I'd have to get tix through stubhub and pay up to $70.,"['tpgraham', 'AC', 'tix', 'actually', '20', 'show', 'sold', ""'d"", 'get', 'tix', 'stubhub', 'pay', '70']"
4115,1960211167,relief,"Finally finished that topic. Quick revision break, then on to How far did Heath change the Conservative party?","['Finally', 'finished', 'topic', 'Quick', 'revision', 'break', 'far', 'Heath', 'change', 'Conservative', 'party']"
4150,1960253190,relief,I guess I am too freaky for followers.,"['guess', 'freaky', 'follower']"
4190,1960263541,relief,Omfg.lmao.lassetti was right... those bangs did look bad.  lmao,"['Omfg.lmao.lassetti', 'right', '...', 'bang', 'look', 'bad', 'lmao']"
4193,1960265264,relief,Pas si terrific que ï¿½a ce twitterrific,"['Pas', 'si', 'terrific', 'que', 'ï¿½a', 'ce', 'twitterrific']"
4349,1960329657,relief,Off for a loooong weekend of inlawing...  ... ...,"['loooong', 'weekend', 'inlawing', '...', '...', '...']"
4408,1960349806,relief,waiting for 5pm to go for a drink with ones out of work because Belinda leaving today  at least the sun is shining for her!,"['waiting', '5pm', 'go', 'drink', 'one', 'work', 'Belinda', 'leaving', 'today', 'least', 'sun', 'shining']"
4452,1960382852,relief,"We need to remodel the house and the thoughts of doing it make me kind of ill   He has one way and I have anouther, I just want to move. !","['need', 'remodel', 'house', 'thought', 'make', 'kind', 'ill', 'one', 'way', 'anouther', 'want', 'move']"
4605,1960453760,relief,TGIF... this &quot;short&quot; week has been wayyyyyy too long,"['TGIF', '...', 'quot', 'short', 'quot', 'week', 'wayyyyyy', 'long']"
4613,1960455495,relief,"is HOT. Just done some late spring cleaning! About to settle down with a book i can barely read, left my glasses at my mums","['HOT', 'done', 'late', 'spring', 'cleaning', 'settle', 'book', 'barely', 'read', 'left', 'glass', 'mum']"
4614,1960455779,relief,Chirstina said shes gunna twitter more ...no more partners,"['Chirstina', 'said', 'shes', 'gunna', 'twitter', '...', 'partner']"
4672,1960468830,relief,@jackiejewel ohh yeahh with the showcase he said his artist will be outta town  so keep me posted as to the next one,"['jackiejewel', 'ohh', 'yeahh', 'showcase', 'said', 'artist', 'outta', 'town', 'keep', 'posted', 'next', 'one']"
4705,1960489545,relief,"i got all my hair cut off, it's almost above my ears","['got', 'hair', 'cut', ""'s"", 'almost', 'ear']"
4793,1960512862,relief,Inspection went fine ... they like the house woopee. Would just be nice if it had been this morning so I could have done stuffs today,"['Inspection', 'went', 'fine', '...', 'like', 'house', 'woopee', 'Would', 'nice', 'morning', 'could', 'done', 'stuff', 'today']"
4850,1960534792,relief,"spray tan = fail on legs and feet. I've been scrubbing them and feet look better, but they looked awful this morning  Everywhere else = ok","['spray', 'tan', 'fail', 'leg', 'foot', ""'ve"", 'scrubbing', 'foot', 'look', 'better', 'looked', 'awful', 'morning', 'Everywhere', 'else', 'ok']"
4854,1960535535,relief,@SamWilson1 - sigh,"['SamWilson1', 'sigh']"
4879,1960540951,relief,"Oh, my God..... The end of the first course))) don't believe in it) but, yeh, so many exams  La-la-la// everything is wonderful!!!!!!!!!!","['Oh', 'God', '.....', 'end', 'first', 'course', ""n't"", 'believe', 'yeh', 'many', 'exam', 'La-la-la//', 'everything', 'wonderful']"
4946,1960566167,relief,is awake.  Still feeling sick.     But I got the blog done at least. http://plurk.com/p/x17t9,"['awake', 'Still', 'feeling', 'sick', 'got', 'blog', 'done', 'least', 'http', '//plurk.com/p/x17t9']"
4998,1960583429,relief,Glad to see the sun out in Dublin after a great week in London. Back to work,"['Glad', 'see', 'sun', 'Dublin', 'great', 'week', 'London', 'Back', 'work']"
5029,1960595814,relief,"1:13 finished essay! off to sleep, busy day tmr","['1:13', 'finished', 'essay', 'sleep', 'busy', 'day', 'tmr']"
5051,1960602722,relief,Last day for our professional interns,"['Last', 'day', 'professional', 'intern']"
5160,1960633359,relief,had a shit contact with both parents &gt;.&gt;  grrr,"['shit', 'contact', 'parent', 'gt', 'gt', 'grrr']"
5163,1960633846,relief,Moment of truth!! Im nervous for her!,"['Moment', 'truth', 'Im', 'nervous']"
5215,1960672702,relief,Nothings better than having to take a cold shower in the morning,"['Nothings', 'better', 'take', 'cold', 'shower', 'morning']"
5232,1960702229,relief,Finally it's Friday! Things are going to be so different starting next week...my house will be empty!,"['Finally', ""'s"", 'Friday', 'Things', 'going', 'different', 'starting', 'next', 'week', '...', 'house', 'empty']"
5283,1960716018,relief,My last full day in NY  but can't wait to go to Seattle and La la land,"['last', 'full', 'day', 'NY', 'ca', ""n't"", 'wait', 'go', 'Seattle', 'La', 'la', 'land']"
5286,1960716423,relief,"It's Friday, but not the most pleasant ones  waaaaaay to much work...","[""'s"", 'Friday', 'pleasant', 'one', 'waaaaaay', 'much', 'work', '...']"
5372,1960806569,relief,@grizzlycullen it was days yesterday and probably today that I wish I had taken the top off my jeep.  I need help haha. IT'S FRICKEN HOT,"['grizzlycullen', 'day', 'yesterday', 'probably', 'today', 'wish', 'taken', 'top', 'jeep', 'need', 'help', 'haha', ""'S"", 'FRICKEN', 'HOT']"
5454,1960859287,relief,@xXHAZELXx: Ok its suppose 2b followfriday not unfollow Friday  aw well I have nice tweeters anyway! &lt;-almost doesnt sound right...lol;),"['xXHAZELXx', 'Ok', 'suppose', '2b', 'followfriday', 'unfollow', 'Friday', 'aw', 'well', 'nice', 'tweeter', 'anyway', 'lt', '-almost', 'doesnt', 'sound', 'right', '...', 'lol']"
5480,1960867244,relief,@pmayroy cause i wasn't there!,"['pmayroy', 'cause', ""n't""]"
5558,1960909270,relief,On a flight home  after an awesome trip with my cousin! Miss you sophia,"['flight', 'home', 'awesome', 'trip', 'cousin', 'Miss', 'sophia']"
5665,1960993632,relief,Had a blood test today.   Wasn't too bad really. Needed to dash 2 Starbucks after to revive my spirits with a nice Iced latte &amp; a bun.Yum!,"['blood', 'test', 'today', ""n't"", 'bad', 'really', 'Needed', 'dash', 'Starbucks', 'revive', 'spirit', 'nice', 'Iced', 'latte', 'amp', 'bun.Yum']"
5742,1961037074,relief,@handlewithcare  Nice start to the holiday!,"['handlewithcare', 'Nice', 'start', 'holiday']"
5747,1961038440,relief,No one talk to me anymore on here,"['one', 'talk', 'anymore']"
5789,1961049246,relief,Dont worry babe,"['Dont', 'worry', 'babe']"
5809,1961059288,relief,@rachaely57 Yes! Haha and then when he impaled himself with the crossed keys!  Love Scottish-trying-to-be-Irish Ewan McGregor,"['rachaely57', 'Yes', 'Haha', 'impaled', 'crossed', 'key', 'Love', 'Scottish-trying-to-be-Irish', 'Ewan', 'McGregor']"
5810,1961059405,relief,Off to work,['work']
5812,1961060116,relief,is thinking WOW I survived Freshman year...Mission Accomplished...Now Sophomore year,"['thinking', 'WOW', 'survived', 'Freshman', 'year', '...', 'Mission', 'Accomplished', '...', 'Sophomore', 'year']"
5838,1961065494,relief,My son had surgery yesterday so mommy and son time won't be as long today,"['son', 'surgery', 'yesterday', 'mommy', 'son', 'time', 'wo', ""n't"", 'long', 'today']"
5856,1961071638,relief,@VAustralia flew Brisbane - Lax today.  Great flight.  Love the lights.  Shame about one drink limit though!,"['VAustralia', 'flew', 'Brisbane', 'Lax', 'today', 'Great', 'flight', 'Love', 'light', 'Shame', 'one', 'drink', 'limit', 'though']"
5893,1961086361,relief,Just chillin'.. I'm a bit bored boohoo  !,"['chillin', '..', ""'m"", 'bit', 'bored', 'boohoo']"
5916,1961092032,relief,@dooce I don't. I hope it takes them a good long while to recover.,"['dooce', ""n't"", 'hope', 'take', 'good', 'long', 'recover']"
5965,1961104402,relief,Managed to finally get through to someone who had left a message earlier today. Old dog already put to sleep,"['Managed', 'finally', 'get', 'someone', 'left', 'message', 'earlier', 'today', 'Old', 'dog', 'already', 'put', 'sleep']"
5974,1961106141,relief,Finished Breaking Dawn last night. I managed to finish those 800 pages in 3 days. It was so good! I'm sad that I'm done w/ Twilight Saga,"['Finished', 'Breaking', 'Dawn', 'last', 'night', 'managed', 'finish', '800', 'page', 'day', 'good', ""'m"", 'sad', ""'m"", 'done', 'w/', 'Twilight', 'Saga']"
5994,1961112642,relief,This week flew by.  Want to go see Up soooo badly this weekend!,"['week', 'flew', 'Want', 'go', 'see', 'soooo', 'badly', 'weekend']"
6051,1961133834,relief,@robgokeemusic shopping is therapuetic and i'm all about bettering myself... i need financing for my therapy however,"['robgokeemusic', 'shopping', 'therapuetic', ""'m"", 'bettering', '...', 'need', 'financing', 'therapy', 'however']"
6070,1961138116,relief,has been playing Guitar hero to let of some steam..  you see.. Mr Unreliable has striked again!  not funny,"['playing', 'Guitar', 'hero', 'let', 'steam', '..', 'see', '..', 'Mr', 'Unreliable', 'striked', 'funny']"
6091,1961143641,relief,@DAC1MM don't know yet.. no word...   hopeful though!! and some good stuff happening lately so I'm getting excited!,"['DAC1MM', ""n't"", 'know', 'yet', '..', 'word', '...', 'hopeful', 'though', 'good', 'stuff', 'happening', 'lately', ""'m"", 'getting', 'excited']"
6203,1961180185,relief,@VarrenAKABabyV oh no not difficult. It's just nuts that's how you have to market yourselves on home turf,"['VarrenAKABabyV', 'oh', 'difficult', ""'s"", 'nut', ""'s"", 'market', 'home', 'turf']"
6210,1961182714,relief,@Novaw0lf damnit i didn't  but neither did you so win!,"['Novaw0lf', 'damnit', ""n't"", 'neither', 'win']"
6243,1961190230,relief,time for work!,"['time', 'work']"
6322,1961225397,relief,@Pichu Crap. Now you have to cover the whole purse with those so it looks like a pattern.,"['Pichu', 'Crap', 'cover', 'whole', 'purse', 'look', 'like', 'pattern']"
6355,1961239049,relief,"@MareBear2534 I know dude, i'm doing re-runs, making Jenny watch them now too so we can have conversations LOL.  Haven't been online much","['MareBear2534', 'know', 'dude', ""'m"", 're-runs', 'making', 'Jenny', 'watch', 'conversation', 'LOL', ""n't"", 'online', 'much']"
6538,1961291796,relief,@unmarketing boo i'm a week late  how long u in town for?,"['unmarketing', 'boo', ""'m"", 'week', 'late', 'long', 'u', 'town']"
6563,1961296484,relief,My ipod has taken it's last breath... Im truly devastated. I have lost my public transportation companion,"['ipod', 'taken', ""'s"", 'last', 'breath', '...', 'Im', 'truly', 'devastated', 'lost', 'public', 'transportation', 'companion']"
6570,1961298383,relief,"Praise the advantages of todays copy protection: can not run my fresh installed 3D app, since the licensing system donï¿½t let me.","['Praise', 'advantage', 'today', 'copy', 'protection', 'run', 'fresh', 'installed', '3D', 'app', 'since', 'licensing', 'system', 'donï¿½t', 'let']"
6583,1961365086,relief,Going off BC is making me break out.,"['Going', 'BC', 'making', 'break']"
6608,1961370844,relief,Has finally finished emulsioning the bathroom. Now for gloss work,"['finally', 'finished', 'emulsioning', 'bathroom', 'gloss', 'work']"
6647,1961408948,relief,Actually I'm really missing Fabian  Which is pretty sad since i talked to him like... 2 hours ago! Gosh time flies when you miss someone.,"['Actually', ""'m"", 'really', 'missing', 'Fabian', 'pretty', 'sad', 'since', 'talked', 'like', '...', 'hour', 'ago', 'Gosh', 'time', 'fly', 'miss', 'someone']"
6743,1961427963,relief,"@Ames1103 I think that boat sailed my friend... The few CCO's that had them, had them months ago....  I wish you luck though...","['Ames1103', 'think', 'boat', 'sailed', 'friend', '...', 'CCO', ""'s"", 'month', 'ago', '....', 'wish', 'luck', 'though', '...']"
6766,1961433852,relief,"@TheMakeupSnob I know   It was worth a shot, though!","['TheMakeupSnob', 'know', 'worth', 'shot', 'though']"
6782,1961439053,relief,@brainstuck hey! chutti was very tiring.. and have to travel again tomo  how was your Friday?,"['brainstuck', 'hey', 'chutti', 'tiring', '..', 'travel', 'tomo', 'Friday']"
6867,1961476298,relief,"Walking the puppies downtown. Also, mystery of missing cat solved: he hid himself in the basement for nearly two days.","['Walking', 'puppy', 'downtown', 'Also', 'mystery', 'missing', 'cat', 'solved', 'hid', 'basement', 'nearly', 'two', 'day']"
6924,1961489344,relief,i am leaving soon for Kansas City to take some of my stuff. Only 8 days of living in Carthage left.,"['leaving', 'soon', 'Kansas', 'City', 'take', 'stuff', 'day', 'living', 'Carthage', 'left']"
6949,1961493805,relief,@kellychiello i know  but the weather's clearing and suppose to be nice sat and sun,"['kellychiello', 'know', 'weather', ""'s"", 'clearing', 'suppose', 'nice', 'sat', 'sun']"
7034,1961526739,relief,@kamarichelsea You gave me the inspiration for my last update.,"['kamarichelsea', 'gave', 'inspiration', 'last', 'update']"
7093,1961541199,relief,Went to get my car inspection sticker got gigantic red R one. Just keep piling it on. I can take it. Don't worry about me. I'll be ok.,"['Went', 'get', 'car', 'inspection', 'sticker', 'got', 'gigantic', 'red', 'R', 'one', 'keep', 'piling', 'take', ""n't"", 'worry', ""'ll"", 'ok']"
7104,1961542751,relief,ano pa bang aasahan ko sa iyo? you never fail to FAIL me.,"['ano', 'pa', 'bang', 'aasahan', 'ko', 'sa', 'iyo', 'never', 'fail', 'FAIL']"
7111,1961544410,relief,The best I could do for proof of the crack  LOL  http://twitpic.com/66ust,"['best', 'could', 'proof', 'crack', 'LOL', 'http', '//twitpic.com/66ust']"
7174,1961557787,relief,home from taking Nick home - a little lighter in pocket after being flashed by a speed camera,"['home', 'taking', 'Nick', 'home', 'little', 'lighter', 'pocket', 'flashed', 'speed', 'camera']"
7259,1961578052,relief,heading to Sam Adams Brewery... but can't sample it when I get there,"['heading', 'Sam', 'Adams', 'Brewery', '...', 'ca', ""n't"", 'sample', 'get']"
7304,1961615004,relief,"am planning on going to sleep early, too tired to do any work","['planning', 'going', 'sleep', 'early', 'tired', 'work']"
7361,1961648516,relief,the start of my day was finding a lump on my body... went to the hospital... apparently its nothing! fewfffff! bloodtests suck...  haha,"['start', 'day', 'finding', 'lump', 'body', '...', 'went', 'hospital', '...', 'apparently', 'nothing', 'fewfffff', 'bloodtests', 'suck', '...', 'haha']"
7386,1961656738,relief,@chenks seen that!  hopefully ebay replacement  will work for you!  but take it to bits anyway! lol,"['chenks', 'seen', 'hopefully', 'ebay', 'replacement', 'work', 'take', 'bit', 'anyway', 'lol']"
7387,1961656746,relief,working my way through this casualties discography.  have to pull weeds later  ...,"['working', 'way', 'casualty', 'discography', 'pull', 'weed', 'later', '...']"
7427,1961692145,relief,"@Deb124 yeah i got ur text! well ive only been on summer break for a week, and so far its been boring... all i do is watch tennis matches","['Deb124', 'yeah', 'got', 'ur', 'text', 'well', 'ive', 'summer', 'break', 'week', 'far', 'boring', '...', 'watch', 'tennis', 'match']"
7469,1961738862,relief,is sooo close to finishing her exams  role on monday and i will have my life back.,"['sooo', 'close', 'finishing', 'exam', 'role', 'monday', 'life', 'back']"
7492,1961743896,relief,i told myself i wasn't gonna cry and then one kid that everyone made fun of all year said &quot;it's been a good year&quot;,"['told', ""n't"", 'gon', 'na', 'cry', 'one', 'kid', 'everyone', 'made', 'fun', 'year', 'said', 'quot', ""'s"", 'good', 'year', 'quot']"
7497,1961744637,relief,Its Friday! Only 5 more hours until I'm free!.....until tomorrow.  oh well,"['Friday', 'hour', ""'m"", 'free', '.....', 'tomorrow', 'oh', 'well']"
7555,1961760301,relief,"Finally got to wash my hair! I feel much better now, but I gotta dry it ... Effffffort.","['Finally', 'got', 'wash', 'hair', 'feel', 'much', 'better', 'got', 'ta', 'dry', '...', 'Effffffort']"
7580,1961765459,relief,moving 11 blocks up the street. goodbye hardwood floors,"['moving', '11', 'block', 'street', 'goodbye', 'hardwood', 'floor']"
7628,1961818155,relief,@clothes_w thank you..,"['clothes_w', 'thank', '..']"
7682,1961833803,relief,Decided I should study  (finger down throat making gaging noises) Hate MFs!!,"['Decided', 'study', 'finger', 'throat', 'making', 'gaging', 'noise', 'Hate', 'MFs']"
7729,1961872401,relief,has just woken up from a power nap. That feels better! Nothing planned for tonight though,"['woken', 'power', 'nap', 'feel', 'better', 'Nothing', 'planned', 'tonight', 'though']"
7733,1961872623,relief,I really don't want a limo service to take me to the airport  I want him to. Ok soft moment... Don't get use to these!,"['really', ""n't"", 'want', 'limo', 'service', 'take', 'airport', 'want', 'Ok', 'soft', 'moment', '...', ""n't"", 'get', 'use']"
7735,1961874105,relief,i ran out of facebook quizzes. lol grocery shopping then work. w00t?,"['ran', 'facebook', 'quiz', 'lol', 'grocery', 'shopping', 'work', 'w00t']"
7799,1961895266,relief,"Ok, shortened urls are fine and all but, please, give me more context other than just &quot;cool&quot;. Not everyone has &quot;url-auto-expand&quot;","['Ok', 'shortened', 'url', 'fine', 'please', 'give', 'context', 'quot', 'cool', 'quot', 'everyone', 'quot', 'url-auto-expand', 'quot']"
7831,1961908806,relief,@ryansilk sounds like a great idea.  wish I could make it,"['ryansilk', 'sound', 'like', 'great', 'idea', 'wish', 'could', 'make']"
7835,1961909678,relief,@JustTeaching haha nice to know I'm not alone! Working in the BBC and can't see it,"['JustTeaching', 'haha', 'nice', 'know', ""'m"", 'alone', 'Working', 'BBC', 'ca', ""n't"", 'see']"
7900,1961922534,relief,"@MorningMajor yep,raced round it in cars and bikes,its only 40mins away,dont av much motorsport there now,its more planes n choppers now","['MorningMajor', 'yep', 'raced', 'round', 'car', 'bike', '40mins', 'away', 'dont', 'av', 'much', 'motorsport', 'plane', 'n', 'chopper']"
7909,1961923675,relief,is wanting someone to spend her summer evening with whilst she's in such a nice relaxed mood !,"['wanting', 'someone', 'spend', 'summer', 'evening', 'whilst', ""'s"", 'nice', 'relaxed', 'mood']"
7923,1961926176,relief,@luv_liv_lyf good to hear! Just in time for the weekend. I'll be working though,"['luv_liv_lyf', 'good', 'hear', 'time', 'weekend', ""'ll"", 'working', 'though']"
8209,1962067688,relief,@bethanyshondark Ouch. Better get used to it. I think 22 to 25 are prime marriage years.,"['bethanyshondark', 'Ouch', 'Better', 'get', 'used', 'think', '22', '25', 'prime', 'marriage', 'year']"
8237,1962102183,relief,@thehoodnerd    Ive been dying for those!! They just so expensive in little sizes.,"['thehoodnerd', 'Ive', 'dying', 'expensive', 'little', 'size']"
8241,1962103517,relief,work all day,"['work', 'day']"
8381,1962164760,relief,"@Flamenkers I send messages to greg all the time, no answer  its ok I still love o &amp; a, goog luck with your move to Erie.","['Flamenkers', 'send', 'message', 'greg', 'time', 'answer', 'ok', 'still', 'love', 'amp', 'goog', 'luck', 'move', 'Erie']"
8413,1962171623,relief,finally some effing internet! i effin need to update the wifi in SG malls. Idk how  i miss dada and craigie......,"['finally', 'effing', 'internet', 'effin', 'need', 'update', 'wifi', 'SG', 'mall', 'Idk', 'miss', 'dada', 'craigie', '......']"
8417,1962174044,relief,Thanking god for after elton for allowing me to see the new TW trailer since work blocked youtube and lj,"['Thanking', 'god', 'elton', 'allowing', 'see', 'new', 'TW', 'trailer', 'since', 'work', 'blocked', 'youtube', 'lj']"
8475,1962195602,relief,@_HarryKim OOC:  It's okay.  Maybe our schedules will work out soon.,"['_HarryKim', 'OOC', ""'s"", 'okay', 'Maybe', 'schedule', 'work', 'soon']"
8503,1962201239,relief,FINALLY-- Now I am me again.  I had to use internet explorer.  Firefox issues   Back to normal Tweeting.,"['FINALLY', '--', 'use', 'internet', 'explorer', 'Firefox', 'issue', 'Back', 'normal', 'Tweeting']"
8515,1962203585,relief,Fighting a migraine   Medication is almost working.,"['Fighting', 'migraine', 'Medication', 'almost', 'working']"
8533,1962211890,relief,"Note to self: Omelets are better when made with butter, not olive oil.  Also, @laurendanyelle doesn't like my cooking *spits in a napkin*","['Note', 'self', 'Omelets', 'better', 'made', 'butter', 'olive', 'oil', 'Also', 'laurendanyelle', ""n't"", 'like', 'cooking', 'spit', 'napkin']"
8552,1962216862,relief,I'm a lil sad looks like nomore brooklyn 4 a while WTF @lailashah,"[""'m"", 'lil', 'sad', 'look', 'like', 'nomore', 'brooklyn', 'WTF', 'lailashah']"
8556,1962218336,relief,@thedrumlife Oh we're friends now? You know you're so up &amp; down with me.  I retract my last statement thennnnnnnn.,"['thedrumlife', 'Oh', ""'re"", 'friend', 'know', ""'re"", 'amp', 'retract', 'last', 'statement', 'thennnnnnnn']"
8560,1962219911,relief,this chipotle line is out the door! but I really want it!!,"['chipotle', 'line', 'door', 'really', 'want']"
8621,1962234267,relief,Today's ABA has been full of emotional tears  #ASD #autism some days are harder than others.  Its hard to not intervene  poor baby,"['Today', ""'s"", 'ABA', 'full', 'emotional', 'tear', 'ASD', 'autism', 'day', 'harder', 'others', 'hard', 'intervene', 'poor', 'baby']"
8680,1962256970,relief,"Just watched the trailer for the new Sam Raimi movie, Drag me to Hell.  Looks interesting, but there was no humor in it.","['watched', 'trailer', 'new', 'Sam', 'Raimi', 'movie', 'Drag', 'Hell', 'Looks', 'interesting', 'humor']"
8740,1962295396,relief,"It's official, I'm finally getting grey hairs at 36  #fb","[""'s"", 'official', ""'m"", 'finally', 'getting', 'grey', 'hair', '36', 'fb']"
8750,1962297668,relief,last day of Bedford County History with @corriemichael  gossiping and twittering away as usual...,"['last', 'day', 'Bedford', 'County', 'History', 'corriemichael', 'gossiping', 'twittering', 'away', 'usual', '...']"
8757,1962299613,relief,@nick_carter the video is private,"['nick_carter', 'video', 'private']"
8765,1962300641,relief,@WreckTheLaw Great write up.  Player won't start though,"['WreckTheLaw', 'Great', 'write', 'Player', 'wo', ""n't"", 'start', 'though']"
8843,1962323629,relief,Proof of heat  good day wish I hadn't spent most of it in bed  http://twitpic.com/670tp,"['Proof', 'heat', 'good', 'day', 'wish', ""n't"", 'spent', 'bed', 'http', '//twitpic.com/670tp']"
8862,1962327757,relief,I am also wasting time til my cab gets here. spamspamspam. Also Keiths motorbike was nicked. WELL shit.,"['also', 'wasting', 'time', 'til', 'cab', 'get', 'spamspamspam', 'Also', 'Keiths', 'motorbike', 'nicked', 'WELL', 'shit']"
8886,1962363550,relief,Got my new phone - now to program everything since my old one had no memory card like this one,"['Got', 'new', 'phone', 'program', 'everything', 'since', 'old', 'one', 'memory', 'card', 'like', 'one']"
8947,1962375464,relief,"Today has been a nice positive  fun day , after several weeks of bum days","['Today', 'nice', 'positive', 'fun', 'day', 'several', 'week', 'bum', 'day']"
9022,1962397048,relief,@Boy_Kill_Boy I know the feeling,"['Boy_Kill_Boy', 'know', 'feeling']"
9025,1962397669,relief,@te0h hahah no not that valley. that's cool valley. texas valley. like...rio grande valley. ahhaha i wish i lived in california valley,"['te0h', 'hahah', 'valley', ""'s"", 'cool', 'valley', 'texas', 'valley', 'like', '...', 'rio', 'grande', 'valley', 'ahhaha', 'wish', 'lived', 'california', 'valley']"
9052,1962408442,relief,"An hour of walking in hot weather = a satisfied but hurting Nellie.  Ow, blisters.","['hour', 'walking', 'hot', 'weather', 'satisfied', 'hurting', 'Nellie', 'Ow', 'blister']"
9111,1962424799,relief,"@DerrenLitten  ITV plugging the Special a lot. Have a great night all of you, will miss your tweets when you come back home","['DerrenLitten', 'ITV', 'plugging', 'Special', 'lot', 'great', 'night', 'miss', 'tweet', 'come', 'back', 'home']"
9163,1962442616,relief,Just got back from lunch and feeling more like a nap is in order than work  But I will press on!,"['got', 'back', 'lunch', 'feeling', 'like', 'nap', 'order', 'work', 'press']"
9171,1962450346,relief,i'm soooooo sleeeeepy!!! the last day o' school was today....sniffle....,"[""'m"", 'soooooo', 'sleeeeepy', 'last', 'day', 'school', 'today', '....', 'sniffle', '....']"
9218,1962461042,relief,"@srslyjustsayin I saw you stalkerishly from the elevator, but Brookie was eating her moracca (?) So we had to go.","['srslyjustsayin', 'saw', 'stalkerishly', 'elevator', 'Brookie', 'eating', 'moracca', 'go']"
9226,1962463620,relief,@tsa4string Have fun at the show tonight... wish I could be there,"['tsa4string', 'fun', 'show', 'tonight', '...', 'wish', 'could']"
9228,1962463660,relief,"Finally home! Tp tetep, kurang 3BT buat shooting kamis nih! Huaaaa, stress gila! Syapa lg ya?","['Finally', 'home', 'Tp', 'tetep', 'kurang', '3BT', 'buat', 'shooting', 'kami', 'nih', 'Huaaaa', 'stress', 'gila', 'Syapa', 'lg', 'ya']"
9251,1962476147,relief,Aaggh!! My blackberry curve took a gash in the screen the day AFTER we get invisible shields in stock. Well it'll be a good advertisement,"['Aaggh', 'blackberry', 'curve', 'took', 'gash', 'screen', 'day', 'get', 'invisible', 'shield', 'stock', 'Well', ""'ll"", 'good', 'advertisement']"
9274,1962481248,relief,The $500 I saved on not buying a couch is going towards paying my visit to ER for UTI,"['500', 'saved', 'buying', 'couch', 'going', 'towards', 'paying', 'visit', 'ER', 'UTI']"
9326,1962521106,relief,"im well exited for this weekend, partaaaay! although i dont want to go back to school on Tuesday","['im', 'well', 'exited', 'weekend', 'partaaaay', 'although', 'dont', 'want', 'go', 'back', 'school', 'Tuesday']"
9369,1962560503,relief,"Crap, nearly forgot my PIN  I shouldn't try to learn anything new in the future lest it push out more vital information.","['Crap', 'nearly', 'forgot', 'PIN', ""n't"", 'try', 'learn', 'anything', 'new', 'future', 'lest', 'push', 'vital', 'information']"
9390,1962563886,relief,At work and really slow for a beautiful day and a Friday.,"['work', 'really', 'slow', 'beautiful', 'day', 'Friday']"
9396,1962565085,relief,@AndySquirrel now if I still lived that way you could pop in and see me  but I don't so you can't,"['AndySquirrel', 'still', 'lived', 'way', 'could', 'pop', 'see', ""n't"", 'ca', ""n't""]"
9440,1962575396,relief,Two more loads and the moving crew's done! Started at 7am and i'm done for the day! Too bad the ac doesn't work in my new place  oh life!,"['Two', 'load', 'moving', 'crew', ""'s"", 'done', 'Started', '7am', ""'m"", 'done', 'day', 'bad', 'ac', ""n't"", 'work', 'new', 'place', 'oh', 'life']"
9489,1962592252,relief,"I'm such a saddo, haha. But that actually makes me really happy. Warrens dead though","[""'m"", 'saddo', 'haha', 'actually', 'make', 'really', 'happy', 'Warrens', 'dead', 'though']"
9535,1962605802,relief,Glad it's Friday... but bummed that I am officially working Saturdays.,"['Glad', ""'s"", 'Friday', '...', 'bummed', 'officially', 'working', 'Saturdays']"
9552,1962610746,relief,@gabbychiquito aww  ok well just let me know what she says hah &lt;3,"['gabbychiquito', 'aww', 'ok', 'well', 'let', 'know', 'say', 'hah', 'lt']"
9579,1962616532,relief,@chaosofthemind aww  get it when your mom comes back 8D,"['chaosofthemind', 'aww', 'get', 'mom', 'come', 'back', '8D']"
9583,1962616852,relief,"@KazooCarrieFan I know! I can't go either...it's sad  She needs to come back to MI asap, haha","['KazooCarrieFan', 'know', 'ca', ""n't"", 'go', 'either', '...', ""'s"", 'sad', 'need', 'come', 'back', 'MI', 'asap', 'haha']"
9585,1962617370,relief,@vexdigital  I still love the fact that you can't scratch them!!! That is a winner for me!!!,"['vexdigital', 'still', 'love', 'fact', 'ca', ""n't"", 'scratch', 'winner']"
9598,1962651005,relief,jus gt bak nw on msn stil not got a tan  o wel x,"['jus', 'gt', 'bak', 'nw', 'msn', 'stil', 'got', 'tan', 'wel', 'x']"
9623,1962654987,relief,@MrQuocHung Chang thay anh online gi ca,"['MrQuocHung', 'Chang', 'thay', 'anh', 'online', 'gi', 'ca']"
9625,1962655118,relief,@chicodebarge I guess you're responding to me about DC. If that's the case...,"['chicodebarge', 'guess', ""'re"", 'responding', 'DC', ""'s"", 'case', '...']"
9649,1962661836,relief,"@BDEugenio yeah, when you start reaching your early-mid-20s","['BDEugenio', 'yeah', 'start', 'reaching', 'early-mid-20s']"
9675,1962684485,relief,There my laptop is dead  lucky I got my fone lol,"['laptop', 'dead', 'lucky', 'got', 'fone', 'lol']"
9683,1962685920,relief,Andrew's flight back to CO should be landing soon,"['Andrew', ""'s"", 'flight', 'back', 'CO', 'landing', 'soon']"
9689,1962686760,relief,@axm9237 I'll have to wait for the YouTube links,"['axm9237', ""'ll"", 'wait', 'YouTube', 'link']"
9709,1962692523,relief,#quitsmokingdiary  5 Weeks tomorrow since giving up YAAAAAAYY!!!!               - I dont want to talk about it,"['quitsmokingdiary', 'Weeks', 'tomorrow', 'since', 'giving', 'YAAAAAAYY', 'dont', 'want', 'talk']"
9722,1962695000,relief,"Math was not fun at all. Oh well, i get to cook as soon as i get home.","['Math', 'fun', 'Oh', 'well', 'get', 'cook', 'soon', 'get', 'home']"
9796,1962716696,relief,@stevico1 Its so nice i ahd to work today,"['stevico1', 'nice', 'ahd', 'work', 'today']"
9808,1962718303,relief,"@nkotblorib Thanks girl!!!!! Like I said, I'm willing to take a loss on them...just don't want to see them wasted","['nkotblorib', 'Thanks', 'girl', 'Like', 'said', ""'m"", 'willing', 'take', 'loss', '...', ""n't"", 'want', 'see', 'wasted']"
9821,1962721788,relief,time to mow the lawn.,"['time', 'mow', 'lawn']"
9845,1962726140,relief,"@HarleyRodrigue hey Harley, I hope you stay around and not let the haters get the best of you!  people suck!","['HarleyRodrigue', 'hey', 'Harley', 'hope', 'stay', 'around', 'let', 'hater', 'get', 'best', 'people', 'suck']"
9870,1962731506,relief,Allies not coming over,"['Allies', 'coming']"
9924,1962744991,relief,"@mileycyrus aww if I could, I would...  GBY ;)","['mileycyrus', 'aww', 'could', 'would', '...', 'GBY']"
9932,1962746210,relief,@vessel2219 of course,"['vessel2219', 'course']"
10022,1962804115,relief,I'm no longer a sophomore.  Junior year is bringing new things. I'll be on 24/7 now. Hit me up and check out  http://bit.ly/esGIQ,"[""'m"", 'longer', 'sophomore', 'Junior', 'year', 'bringing', 'new', 'thing', ""'ll"", '24/7', 'Hit', 'check', 'http', '//bit.ly/esGIQ']"
10112,1962824968,relief,@princeofcode Sorry we couldn't get the projector working with the windoze laptop  but a ton of people came up afterwards and saw it live,"['princeofcode', 'Sorry', 'could', ""n't"", 'get', 'projector', 'working', 'windoze', 'laptop', 'ton', 'people', 'came', 'afterwards', 'saw', 'live']"
10148,1962833782,relief,almost got in a giant car accident on the 101,"['almost', 'got', 'giant', 'car', 'accident', '101']"
10162,1962838079,relief,sitting at home doing nothing. gonna be like this all weekend,"['sitting', 'home', 'nothing', 'gon', 'na', 'like', 'weekend']"
10169,1962839676,relief,"Getting my butt kicked by this project  I have the idea, but can't get it perfect.","['Getting', 'butt', 'kicked', 'project', 'idea', 'ca', ""n't"", 'get', 'perfect']"
10209,1962847865,relief,This weekend. I will be in dallas so no kandy koated around the H,"['weekend', 'dallas', 'kandy', 'koated', 'around', 'H']"
10226,1962852479,relief,The morning forcast on the radio was partly to mostly cloudy -yay vog-  stay inside and have a HAPPY FRIDAY,"['morning', 'forcast', 'radio', 'partly', 'mostly', 'cloudy', '-yay', 'vog-', 'stay', 'inside', 'HAPPY', 'FRIDAY']"
10300,1962872310,relief,I love when i have to burp but everytime i try i almost throw up,"['love', 'burp', 'everytime', 'try', 'almost', 'throw']"
10340,1962880733,relief,"i am boooooooored, theres nowhere to go","['boooooooored', 'there', 'nowhere', 'go']"
10355,1962883759,relief,never mind it's closed  sorry Miley,"['never', 'mind', ""'s"", 'closed', 'sorry', 'Miley']"
10440,1962907625,relief,bored out of my mind. I guess im paying the price for having so much fun yesterday.,"['bored', 'mind', 'guess', 'im', 'paying', 'price', 'much', 'fun', 'yesterday']"
10444,1962908767,relief,@BrooklynDDecker twice? lucky you. i havent even watched it once. just released here today.,"['BrooklynDDecker', 'twice', 'lucky', 'havent', 'even', 'watched', 'released', 'today']"
10447,1962908862,relief,@JosephHabedank was gonna DM you but it says you're not following me!    lol  after all I've done!  hahaha,"['JosephHabedank', 'gon', 'na', 'DM', 'say', ""'re"", 'following', 'lol', ""'ve"", 'done', 'hahaha']"
10470,1962912560,relief,@mileycyrus I would vote for you Miley but I live in Ireland  You'll be fine  Good luck! Slï¿½n!(bye in irish ) Sorcha xxxx,"['mileycyrus', 'would', 'vote', 'Miley', 'live', 'Ireland', ""'ll"", 'fine', 'Good', 'luck', 'Slï¿½n', 'bye', 'irish', 'Sorcha', 'xxxx']"
10473,1962913068,relief,@T_Rex_513 I'm working all weekend,"['T_Rex_513', ""'m"", 'working', 'weekend']"
10533,1962933448,relief,Ahhh i'm sqeaky clean and fresh. Even though i'm wearing dirty clothes  I love Two and a Half Men - it's amazing!,"['Ahhh', ""'m"", 'sqeaky', 'clean', 'fresh', 'Even', 'though', ""'m"", 'wearing', 'dirty', 'clothes', 'love', 'Two', 'Half', 'Men', ""'s"", 'amazing']"
10571,1962940399,relief,Last days of maternity leave,"['Last', 'day', 'maternity', 'leave']"
10687,1962979329,relief,@Yermilla @NafRas 250E!!! CRAZZYYYY ! But just this summer !!!  cuz Ci are very close to RD! :s,"['Yermilla', 'NafRas', '250E', 'CRAZZYYYY', 'summer', 'cuz', 'Ci', 'close', 'RD']"
10783,1963014411,relief,@dangzombies Yeah I kept rethinking it because noone that I knew would want to go with me lol. So I ended up just didn't buy them.,"['dangzombies', 'Yeah', 'kept', 'rethinking', 'noone', 'knew', 'would', 'want', 'go', 'lol', 'ended', ""n't"", 'buy']"
10867,1963043380,relief,@weatherthastorm hey Jess where is Josh??,"['weatherthastorm', 'hey', 'Jess', 'Josh']"
10959,1963068802,relief,My replacement iron ring arrived.  It's shiny.  And a bit more jagged than the original,"['replacement', 'iron', 'ring', 'arrived', ""'s"", 'shiny', 'bit', 'jagged', 'original']"
10978,1963080559,relief,@teejay41...  that was meeeaaannn. people make mistakes ok?! lol,"['teejay41', '...', 'meeeaaannn', 'people', 'make', 'mistake', 'ok', 'lol']"
11048,1963102052,relief,@OGVENOE yeah @Erocc and @x_LilJess_x did only ones that care for me,"['OGVENOE', 'yeah', 'Erocc', 'x_LilJess_x', 'one', 'care']"
11055,1963103174,relief,Off to pick up tj from his last full day of school! Only 3 more half days left,"['pick', 'tj', 'last', 'full', 'day', 'school', 'half', 'day', 'left']"
11061,1963104940,relief,"@Don_J i soo dont wanna work tmrw!  ...only on a half day tho so hopefully the sun will stay out for me! Gonna go get showered, tweet l8rs","['Don_J', 'soo', 'dont', 'wan', 'na', 'work', 'tmrw', '...', 'half', 'day', 'tho', 'hopefully', 'sun', 'stay', 'Gon', 'na', 'go', 'get', 'showered', 'tweet', 'l8rs']"
11140,1963127269,relief,@honorsociety you guys actually rock  why aren't you going to europe with jb?,"['honorsociety', 'guy', 'actually', 'rock', ""n't"", 'going', 'europe', 'jb']"
11148,1963128023,relief,@dougiemcfly me too. We're cold pals,"['dougiemcfly', ""'re"", 'cold', 'pal']"
11166,1963131386,relief,Digging in to my soul jazz collection in an attempt to cheer myself up. I think it's working a little.,"['Digging', 'soul', 'jazz', 'collection', 'attempt', 'cheer', 'think', ""'s"", 'working', 'little']"
11174,1963133317,relief,@SQLChicken Yep! Tail between legs!,"['SQLChicken', 'Yep', 'Tail', 'leg']"
11222,1963148937,relief,wow my trip to tampa has come to an end...,"['wow', 'trip', 'tampa', 'come', 'end', '...']"
11227,1963151176,relief,@KnightOnline i think Today its not possible 2 play KOL,"['KnightOnline', 'think', 'Today', 'possible', 'play', 'KOL']"
11288,1963169728,relief,last real seventh hour,"['last', 'real', 'seventh', 'hour']"
11372,1963195774,relief,"more packing, cleaning, and getting shit done. last day in this apartment. this time tomorrow my shit will be in storage","['packing', 'cleaning', 'getting', 'shit', 'done', 'last', 'day', 'apartment', 'time', 'tomorrow', 'shit', 'storage']"
11429,1963215010,relief,Finally out of school for today! HAD TO SIT IN LIBRARY FOR A LONG TIME,"['Finally', 'school', 'today', 'SIT', 'LIBRARY', 'LONG', 'TIME']"
11449,1963218200,relief,Getting oil change. Apparently the mice that have been eating my birdseed in my garage have also been eating my air filter.,"['Getting', 'oil', 'change', 'Apparently', 'mouse', 'eating', 'birdseed', 'garage', 'also', 'eating', 'air', 'filter']"
11463,1963221970,relief,is feeling her eyes burned-fried after 10 hours attached to the screen uploading new summer clothing for my store www.Chittypulga.com,"['feeling', 'eye', 'burned-fried', '10', 'hour', 'attached', 'screen', 'uploading', 'new', 'summer', 'clothing', 'store', 'www.Chittypulga.com']"
11471,1963224903,relief,@midtown i'll teleport it straight to you,"['midtown', ""'ll"", 'teleport', 'straight']"
11493,1963230221,relief,Kinda may have chickened out...,"['Kinda', 'may', 'chickened', '...']"
11496,1963230761,relief,@LmdLaura im fine. but a bit tired  im glad that its weekend now.,"['LmdLaura', 'im', 'fine', 'bit', 'tired', 'im', 'glad', 'weekend']"
11671,1963316374,relief,@amy_p hahaha I wanted to eat that Chicken,"['amy_p', 'hahaha', 'wanted', 'eat', 'Chicken']"
11768,1963346333,relief,today was busy.. geez. getting ready then graduation,"['today', 'busy', '..', 'geez', 'getting', 'ready', 'graduation']"
11806,1963362983,relief,Listening to 'Fountain of youth' by Supastition @imeem http://x.imeem.com/KPEQpG7vUY how ive been feeling about music these days,"['Listening', ""'Fountain"", 'youth', 'Supastition', 'imeem', 'http', '//x.imeem.com/KPEQpG7vUY', 'ive', 'feeling', 'music', 'day']"
11824,1963368138,relief,@XavierMathews not sexy with 2 tubes sticking out of my stomach  but thanks !,"['XavierMathews', 'sexy', 'tube', 'sticking', 'stomach', 'thanks']"
11835,1963370129,relief,"@MarkHeartofBiz Yeah, if I lived on the rez, I'd already be dead.","['MarkHeartofBiz', 'Yeah', 'lived', 'rez', ""'d"", 'already', 'dead']"
11902,1963387976,relief,yay doctors  now interview then back 2 the doctor's for blood work,"['yay', 'doctor', 'interview', 'back', 'doctor', ""'s"", 'blood', 'work']"
11913,1963392301,relief,"last weekday of doing nothing, school starts next week!!!","['last', 'weekday', 'nothing', 'school', 'start', 'next', 'week']"
12085,1963460555,relief,"@hihihammy yeah. because i'll have to go tomorrow morning and get picked up early sunday, so i see no reason to go the whole weekend","['hihihammy', 'yeah', ""'ll"", 'go', 'tomorrow', 'morning', 'get', 'picked', 'early', 'sunday', 'see', 'reason', 'go', 'whole', 'weekend']"
12120,1963474606,relief,as of this point I am done. I am not going to waste my time re downloading all my music. I lost 5k songs,"['point', 'done', 'going', 'waste', 'time', 'downloading', 'music', 'lost', '5k', 'song']"
12174,1963486227,relief,About to clean my room,"['clean', 'room']"
12177,1963487767,relief,Slowly getting ready for work,"['Slowly', 'getting', 'ready', 'work']"
12216,1963502727,relief,@Rachael_Hodges Yup. Their loss.,"['Rachael_Hodges', 'Yup', 'loss']"
12230,1963504622,relief,One is not supposed to have a headache on a Friday. That's just not right.,"['One', 'supposed', 'headache', 'Friday', ""'s"", 'right']"
12280,1963522578,relief,I like to explain something complicated to someone and get back a response of &quot;Sounds good!&quot;.  Except when it sounds like &quot;I don't care&quot;,"['like', 'explain', 'something', 'complicated', 'someone', 'get', 'back', 'response', 'quot', 'Sounds', 'good', 'quot', 'Except', 'sound', 'like', 'quot', ""n't"", 'care', 'quot']"
12343,1963545452,relief,Ooooh Kay! Its time for me to stop twitterin and get going...,"['Ooooh', 'Kay', 'time', 'stop', 'twitterin', 'get', 'going', '...']"
12390,1963563889,relief,finally home and enjoying the rest of my day. Azongo and I are having a smoke-fest! woot! #mmot miss my @MorganLeigh321,"['finally', 'home', 'enjoying', 'rest', 'day', 'Azongo', 'smoke-fest', 'woot', 'mmot', 'miss', 'MorganLeigh321']"
12442,1963573292,relief,Time to head back home. My business here is done.,"['Time', 'head', 'back', 'home', 'business', 'done']"
12585,1963608766,relief,With bff @love_chrissy22 glad she got that dog out of here lol my stomatch hurts,"['bff', 'love_chrissy22', 'glad', 'got', 'dog', 'lol', 'stomatch', 'hurt']"
12601,1963640956,relief,I had my hair in a messy ponytail all day &amp; I took it out just now and it looks really nice (: but still messy,"['hair', 'messy', 'ponytail', 'day', 'amp', 'took', 'look', 'really', 'nice', 'still', 'messy']"
12612,1963642601,relief,Oh gosh how I want the party to be over and done with already.,"['Oh', 'gosh', 'want', 'party', 'done', 'already']"
12618,1963644061,relief,not doing relay  oh well.,"['relay', 'oh', 'well']"
12623,1963644710,relief,Officially drugged up and taking a nap. Allergies ain't no joke. Never had them this bad since two days ago.,"['Officially', 'drugged', 'taking', 'nap', 'Allergies', 'ai', ""n't"", 'joke', 'Never', 'bad', 'since', 'two', 'day', 'ago']"
12665,1963651426,relief,"Omg at Hollie! That was well sad to watch!  See, Simon can be well nice when he wants to be! lol","['Omg', 'Hollie', 'well', 'sad', 'watch', 'See', 'Simon', 'well', 'nice', 'want', 'lol']"
12691,1963701529,relief,i wanna vote for Miley Cyrus for the mtv movie awards..but i don't know where i could  somebody could send me a link? thaank you &lt;3,"['wan', 'na', 'vote', 'Miley', 'Cyrus', 'mtv', 'movie', 'award', '..', ""n't"", 'know', 'could', 'somebody', 'could', 'send', 'link', 'thaank', 'lt']"
12724,1963706605,relief,At the vet with a sick dog  http://twitpic.com/67clz,"['vet', 'sick', 'dog', 'http', '//twitpic.com/67clz']"
12816,1963732040,relief,"@genglo ouch! I can't even look at that one, just knowing it exists it enough for me","['genglo', 'ouch', 'ca', ""n't"", 'even', 'look', 'one', 'knowing', 'exists', 'enough']"
12817,1963732173,relief,Finished up cleaning my desk at least. . . office is looking empty. . .almost time to be in the car for 1 1/2!  #fb,"['Finished', 'cleaning', 'desk', 'least', 'office', 'looking', 'empty', '.almost', 'time', 'car', '1/2', 'fb']"
12980,1963812270,relief,omg im finally back!!!! my comp as broken guys  i missed yall!!!!,"['omg', 'im', 'finally', 'back', 'comp', 'broken', 'guy', 'missed', 'yall']"
13020,1963820254,relief,I'm at mcdonalds eating chicken nuggets with my kid so embarrased I droped my soda  haha it fell out of my tray lol,"[""'m"", 'mcdonalds', 'eating', 'chicken', 'nugget', 'kid', 'embarrased', 'droped', 'soda', 'haha', 'fell', 'tray', 'lol']"
13096,1963875034,relief,"is bak in mcr....glad i can sleep in ma own bed 2nite yeyah...but i fink i,m missin popeye  hopin 2 c him 2moz  xxx","['bak', 'mcr', '....', 'glad', 'sleep', 'bed', '2nite', 'yeyah', '...', 'fink', 'missin', 'popeye', 'hopin', 'c', '2moz', 'xxx']"
13154,1963909861,relief,I nvr wanted May to come to an end,"['nvr', 'wanted', 'May', 'come', 'end']"
13195,1963946166,relief,Off work in half an hour. Getting an MRI after that. Yay me,"['work', 'half', 'hour', 'Getting', 'MRI', 'Yay']"
13210,1963951434,relief,"@wolulcmit @dubow just finished mine, some parts were remarkably difficult  cramming kanji now!","['wolulcmit', 'dubow', 'finished', 'mine', 'part', 'remarkably', 'difficult', 'cramming', 'kanji']"
13264,1963972149,relief,"Today, i did't have lunch, cuz wel i embarrass my self with all &quot;school&quot;  ok, FINAL TESTS and FINAL YEAR aaaaa! thanx God 4 That friends!","['Today', ""did't"", 'lunch', 'cuz', 'wel', 'embarrass', 'self', 'quot', 'school', 'quot', 'ok', 'FINAL', 'TESTS', 'FINAL', 'YEAR', 'aaaaa', 'thanx', 'God', 'friend']"
13314,1963993397,relief,"@lasherdemon As much as we would love that, it is hard to make ends meet up here ... with the job situations and all...","['lasherdemon', 'much', 'would', 'love', 'hard', 'make', 'end', 'meet', '...', 'job', 'situation', '...']"
13380,1964013888,relief,@ashleytisdale you were great. just awesome. i was crying cuz i wanted to be there so bad,"['ashleytisdale', 'great', 'awesome', 'cry', 'cuz', 'wanted', 'bad']"
13474,1964042926,relief,"@shelleyellie Aw, thanks. Slowly getting over it.  Yep, he tweaked his knee late in the third. Basically stood still for the last 2 games.","['shelleyellie', 'Aw', 'thanks', 'Slowly', 'getting', 'Yep', 'tweaked', 'knee', 'late', 'third', 'Basically', 'stood', 'still', 'last', 'game']"
13565,1964087386,relief,"Hey my twitter friends, tho very few!!!!","['Hey', 'twitter', 'friend', 'tho']"
13579,1964091369,relief,Finally get to lay down for a bit i have a major headache,"['Finally', 'get', 'lay', 'bit', 'major', 'headache']"
13583,1964092130,relief,@Molltini ok. lol. i miss you too. i hope your cramps get better. i know how painful they can be.,"['Molltini', 'ok.', 'lol', 'miss', 'hope', 'cramp', 'get', 'better', 'know', 'painful']"
13584,1964092147,relief,Awwwwwwww man my baby dried up.,"['Awwwwwwww', 'man', 'baby', 'dried']"
13620,1964118823,relief,"poor me, JUST going to nap","['poor', 'going', 'nap']"
13648,1964125324,relief,TODAY IS A GOOD DAY BUT ITS COLD,"['TODAY', 'GOOD', 'DAY', 'COLD']"
13718,1964149450,relief,"wow, i broke my toe today on a stupid piece of concrete!  LAME! job searching then sight seeing with Brittany.","['wow', 'broke', 'toe', 'today', 'stupid', 'piece', 'concrete', 'LAME', 'job', 'searching', 'sight', 'seeing', 'Brittany']"
13825,1964216248,relief,@drewave At least you made it,"['drewave', 'least', 'made']"
13836,1964219963,relief,"Happy Friday Dance, no rain and I'm about outta here..till 2morrow  I sat the saturday morning shift, but its still all good","['Happy', 'Friday', 'Dance', 'rain', ""'m"", 'outta', '..', 'till', '2morrow', 'sat', 'saturday', 'morning', 'shift', 'still', 'good']"
13971,1964289254,relief,@MrsSeear me too! Yay he got in. And the other kid who cries a lot,"['MrsSeear', 'Yay', 'got', 'kid', 'cry', 'lot']"
13976,1964290218,relief,Bouta donate blood! Ahhhhh!,"['Bouta', 'donate', 'blood', 'Ahhhhh']"
13996,1964294379,relief,"@shesbatty what is I/O psy? I'm taking psy101 starting this Monday, not looking forward to going back to school but","['shesbatty', 'I/O', 'psy', ""'m"", 'taking', 'psy101', 'starting', 'Monday', 'looking', 'forward', 'going', 'back', 'school']"
14004,1964296912,relief,@hippiekat I AM WONDERFULLLL. i went to the ppooool. i forgot my floatiez though,"['hippiekat', 'WONDERFULLLL', 'went', 'ppooool', 'forgot', 'floatiez', 'though']"
14017,1964300332,relief,@mfharrison I still have another hour.,"['mfharrison', 'still', 'another', 'hour']"
14023,1964303061,relief,is cold and wished to go back to bed,"['cold', 'wished', 'go', 'back', 'bed']"
14060,1964326038,relief,http://twitpic.com/67hw5 - Session almost over,"['http', '//twitpic.com/67hw5', 'Session', 'almost']"
14164,1964375297,relief,"Dad asked my why I was sticking my tongue out while I was ironing, and I told him it was so I didn't burn my finger, as I burnt my finger","['Dad', 'asked', 'sticking', 'tongue', 'ironing', 'told', ""n't"", 'burn', 'finger', 'burnt', 'finger']"
14200,1964381613,relief,"Finally, I got my teaching load confusion cleared. I will teach 3 third year sections but with a catch.","['Finally', 'got', 'teaching', 'load', 'confusion', 'cleared', 'teach', 'third', 'year', 'section', 'catch']"
14281,1964449142,relief,Jsut F*@#$%&amp; got off work at Carowinds and am DEAD ASS TIRED!!!,"['Jsut', 'F', 'amp', 'got', 'work', 'Carowinds', 'DEAD', 'ASS', 'TIRED']"
14282,1964449335,relief,Grrr! My internet will be up and running next Wed  at least now I have a def. Answer!,"['Grrr', 'internet', 'running', 'next', 'Wed', 'least', 'def', 'Answer']"
14424,1964532806,relief,At least it's Friday...working 'til 1:30AM,"['least', ""'s"", 'Friday', '...', 'working', ""'til"", '1:30AM']"
14482,1964546370,relief,Home from China &amp; back to work,"['Home', 'China', 'amp', 'back', 'work']"
14528,1964561850,relief,"Have to wait till Friday to pick up my Visa for China- not as expedited as I would have hoped, but at it's done   #geeksonaplane","['wait', 'till', 'Friday', 'pick', 'Visa', 'China-', 'expedited', 'would', 'hoped', ""'s"", 'done', 'geeksonaplane']"
14546,1964564700,relief,"@Gernika Had lunch at Bittercreek, they were out of Hopnoxious  Had Sweetgrass IPA tho, so all is still right in the world.","['Gernika', 'lunch', 'Bittercreek', 'Hopnoxious', 'Sweetgrass', 'IPA', 'tho', 'still', 'right', 'world']"
14551,1964565864,relief,I'm a senior. I should of been already.,"[""'m"", 'senior', 'already']"
14607,1964582411,relief,"@Applecored its like a little adventure, only Im kinda worried about her, and I cant take the bus to where she is cos my oyster is broken","['Applecored', 'like', 'little', 'adventure', 'Im', 'kinda', 'worried', 'cant', 'take', 'bus', 'co', 'oyster', 'broken']"
14649,1964595309,relief,@AustinWise Part of an AR-15. Actually the only part of one that qualifies as a gun. You have to be 21 to buy them without parts on them.,"['AustinWise', 'Part', 'AR-15', 'Actually', 'part', 'one', 'qualifies', 'gun', '21', 'buy', 'without', 'part']"
14692,1964604048,relief,@aduquette I know. It's not hard to NOT click reply.  Sorry to hear about the possible stomach condition  Sucks to deal with.,"['aduquette', 'know', ""'s"", 'hard', 'click', 'reply', 'Sorry', 'hear', 'possible', 'stomach', 'condition', 'Sucks', 'deal']"
14783,1964642996,relief,Cough drops taste gross...blaaaqhhh,"['Cough', 'drop', 'taste', 'gross', '...', 'blaaaqhhh']"
14831,1964651327,relief,"@nilsipilsifan Hehe. Yeah, me too.  or I would totally write it. XD","['nilsipilsifan', 'Hehe', 'Yeah', 'would', 'totally', 'write', 'XD']"
14832,1964651636,relief,@frankietee 4th... Please not! Maybe she'll get 3 attempts and win tomorrow!!,"['frankietee', '4th', '...', 'Please', 'Maybe', ""'ll"", 'get', 'attempt', 'win', 'tomorrow']"
14844,1964661276,relief,"to be really really... not bored but bad, i won't now the news  but thats ok. BRB x","['really', 'really', '...', 'bored', 'bad', 'wo', ""n't"", 'news', 'thats', 'ok.', 'BRB', 'x']"
15007,1964707016,relief,"Is getting excited for the weekend.......Or, hang on, i am going to be all alone   never mind, excitement lost","['getting', 'excited', 'weekend', '.......', 'hang', 'going', 'alone', 'never', 'mind', 'excitement', 'lost']"
15020,1964710454,relief,@DAEONE haha wtf is that! You don't want me to leave,"['DAEONE', 'haha', 'wtf', ""n't"", 'want', 'leave']"
15044,1964723783,relief,great. more rain,"['great', 'rain']"
15110,1964737764,relief,i say business ive only sold 2....and its not RL money  ...but its got me back into photoshop again,"['say', 'business', 'ive', 'sold', '....', 'RL', 'money', '...', 'got', 'back', 'photoshop']"
15146,1964746051,relief,"made it into leadership, buttt i'm still not happy! how can i enjoy it without my best friend?","['made', 'leadership', 'buttt', ""'m"", 'still', 'happy', 'enjoy', 'without', 'best', 'friend']"
15164,1964750451,relief,Been so busy for the entire week. Be able to take a breath next Tuesday,"['busy', 'entire', 'week', 'able', 'take', 'breath', 'next', 'Tuesday']"
15189,1964765555,relief,"@josefamanriquez and yet i couldnt get a pic it wasnt allowed, then i won passes to their carpet of the 3d premiere no pic still wit them","['josefamanriquez', 'yet', 'couldnt', 'get', 'pic', 'wasnt', 'allowed', 'pass', 'carpet', '3d', 'premiere', 'pic', 'still', 'wit']"
15198,1964766277,relief,My uncle isn't coming after all,"['uncle', ""n't"", 'coming']"
15199,1964766283,relief,"Just got done with my first day of work and is exsausted, sweaty, and chalky.","['got', 'done', 'first', 'day', 'work', 'exsausted', 'sweaty', 'chalky']"
15325,1964806483,relief,is sooo tired and too busy to tweet  im glad the weekend is here... yay 4 day-weekend,"['sooo', 'tired', 'busy', 'tweet', 'im', 'glad', 'weekend', '...', 'yay', 'day-weekend']"
15331,1964807425,relief,@James_Waters WAS until I had to go home 'cause the presentation ended  x,"['James_Waters', 'go', 'home', ""'cause"", 'presentation', 'ended', 'x']"
15394,1964830593,relief,"@mops_beyond I told you people in indiana were batshit. I lived there, after all. I feel like I escaped from that Orwell book everyday...","['mops_beyond', 'told', 'people', 'indiana', 'batshit', 'lived', 'feel', 'like', 'escaped', 'Orwell', 'book', 'everyday', '...']"
15449,1964842702,relief,@georgiaface Let the Right One In? Aparently Drag Me to Hell also has some horrible cat nastiness,"['georgiaface', 'Let', 'Right', 'One', 'Aparently', 'Drag', 'Hell', 'also', 'horrible', 'cat', 'nastiness']"
15579,1964885329,relief,"on my way to get some Maggie Moos Peanut Butter Galaxy, then home! thank god this week is done. 4 meetings in 1 day!!!!","['way', 'get', 'Maggie', 'Moos', 'Peanut', 'Butter', 'Galaxy', 'home', 'thank', 'god', 'week', 'done', 'meeting', 'day']"
15596,1964888771,relief,Finally got my lil monster off my hands so I could run errands and now I gotta do them in the rain!!!,"['Finally', 'got', 'lil', 'monster', 'hand', 'could', 'run', 'errand', 'got', 'ta', 'rain']"
15602,1964889898,relief,Always get my hopes up too soon...we were soooo close,"['Always', 'get', 'hope', 'soon', '...', 'soooo', 'close']"
15614,1964891929,relief,@xplode hahaha wow thanks bud :p but my plan is to pretend its a costume... I wish it were cold so i could wear a sweatshirt over this,"['xplode', 'hahaha', 'wow', 'thanks', 'bud', 'p', 'plan', 'pretend', 'costume', '...', 'wish', 'cold', 'could', 'wear', 'sweatshirt']"
15653,1964946925,relief,Is heading home from foot surgery and wishing she had a boyfriend to come over and cuddle with,"['heading', 'home', 'foot', 'surgery', 'wishing', 'boyfriend', 'come', 'cuddle']"
15676,1964952064,relief,@_micster  How the hell does your hair not fall out constantly?,"['_micster', 'hell', 'hair', 'fall', 'constantly']"
15758,1964976722,relief,The VP is gone...so why am I getting a headache?    Time to have some coffee and fight it off. #migraine #ohnoyoudidnt,"['VP', 'gone', '...', 'getting', 'headache', 'Time', 'coffee', 'fight', 'migraine', 'ohnoyoudidnt']"
15763,1964977716,relief,@rbmartin oh it just takes me after i sign in to an error page,"['rbmartin', 'oh', 'take', 'sign', 'error', 'page']"
15801,1964986132,relief,"http://twitpic.com/67mj4 - Yes, it is nice. Oh and Kevin's shirtless too but you don't see it as well","['http', '//twitpic.com/67mj4', 'Yes', 'nice', 'Oh', 'Kevin', ""'s"", 'shirtless', ""n't"", 'see', 'well']"
15903,1965019222,relief,@enthropologie It didn't rain.  Lightly misted though.,"['enthropologie', ""n't"", 'rain', 'Lightly', 'misted', 'though']"
15907,1965068867,relief,@tinydeww I found out this morning too.,"['tinydeww', 'found', 'morning']"
15916,1965069622,relief,@DirtyCucumber Me too,['DirtyCucumber']
15927,1965071502,relief,off work yesss ! super hungry,"['work', 'yesss', 'super', 'hungry']"
15955,1965078812,relief,@danabaker Thanks hon. #Migraine went away then came back.,"['danabaker', 'Thanks', 'hon', 'Migraine', 'went', 'away', 'came', 'back']"
15961,1965079708,relief,home after a while out! i feel like a long skate seshion but got arrands to do,"['home', 'feel', 'like', 'long', 'skate', 'seshion', 'got', 'arrands']"
15980,1965086422,relief,Ratings Army Wives  teary; Criminal Minds Yikes! Criminal Intent takes all sorts. real life news  horrifying ok me for bed nite all,"['Ratings', 'Army', 'Wives', 'teary', 'Criminal', 'Minds', 'Yikes', 'Criminal', 'Intent', 'take', 'sort', 'real', 'life', 'news', 'horrifying', 'ok', 'bed', 'nite']"
15989,1965087463,relief,@natalidelconte i didn't get to chat!   .  oh well.  time to eat a praline.,"['natalidelconte', ""n't"", 'get', 'chat', 'oh', 'well', 'time', 'eat', 'praline']"
16027,1965097291,relief,@vestybaby I went to Chicago for a few days and was twitterless while I was there,"['vestybaby', 'went', 'Chicago', 'day', 'twitterless']"
16040,1965209769,relief,"Browsing through the web. And expecting to see the PMS forum back up, but no luck","['Browsing', 'web', 'expecting', 'see', 'PMS', 'forum', 'back', 'luck']"
16049,1965212122,relief,@Katiff are you feeling better? sorry you're feeling under!,"['Katiff', 'feeling', 'better', 'sorry', ""'re"", 'feeling']"
16067,1965215697,relief,"Mom just &quot;he'd&quot; me. *sigh* She's wonderful, and it was just a slip, but you'd think after coming with for my surgery it might go away...","['Mom', 'quot', ""'d"", 'quot', 'sigh', ""'s"", 'wonderful', 'slip', ""'d"", 'think', 'coming', 'surgery', 'might', 'go', 'away', '...']"
16142,1965255224,relief,@yesitsfiasco cool! ok yeah see i dont have the old files with separate vocals so im trying to punch em all up as one track(all i can do),"['yesitsfiasco', 'cool', 'ok', 'yeah', 'see', 'dont', 'old', 'file', 'separate', 'vocal', 'im', 'trying', 'punch', 'em', 'one', 'track']"
16156,1965257303,relief,also finally home with no friends or anyone.. kinda nice to sit in a quiet room.. do wish the gf was here tho...,"['also', 'finally', 'home', 'friend', 'anyone', '..', 'kinda', 'nice', 'sit', 'quiet', 'room', '..', 'wish', 'gf', 'tho', '...']"
16256,1965288649,relief,@JonathanRKnight I feel for you  I hope it's a smooth flight. Be safe! Mucho amor from Boston!,"['JonathanRKnight', 'feel', 'hope', ""'s"", 'smooth', 'flight', 'safe', 'Mucho', 'amor', 'Boston']"
16283,1965293996,relief,@flossa  have a glass of cold water and meditate a bit. &lt;3,"['flossa', 'glass', 'cold', 'water', 'meditate', 'bit', 'lt']"
16305,1965296636,relief,@KirkDunst not cool.   Hope you feel better. I went up there for breakfast buy you were gone.,"['KirkDunst', 'cool', 'Hope', 'feel', 'better', 'went', 'breakfast', 'buy', 'gone']"
16388,1965326380,relief,YES!  I have my e-mail down to one window (most of which are marked for follow-up on Monday).  all the dang paper still here tho,"['YES', 'e-mail', 'one', 'window', 'marked', 'follow-up', 'Monday', 'dang', 'paper', 'still', 'tho']"
16420,1965332516,relief,Finally got a date for the bonfire tonight. Kinda last option but whatever. None of the chicks I wanted to go with never texted me back,"['Finally', 'got', 'date', 'bonfire', 'tonight', 'Kinda', 'last', 'option', 'whatever', 'None', 'chick', 'wanted', 'go', 'never', 'texted', 'back']"
16444,1965336492,relief,bbq was great... just relaxing around the house!  dont wanna leave my city but have to tomorrow... got to clean the house when i get back,"['bbq', 'great', '...', 'relaxing', 'around', 'house', 'dont', 'wan', 'na', 'leave', 'city', 'tomorrow', '...', 'got', 'clean', 'house', 'get', 'back']"
16452,1965362084,relief,no so sad about that  i'm from MALTA have you heard about it ?,"['sad', ""'m"", 'MALTA', 'heard']"
16537,1965383477,relief,is  wishing work was done soon  &lt;3,"['wishing', 'work', 'done', 'soon', 'lt']"
16581,1965390647,relief,Is helping out at church pianos +stairs+gravity= heavy,"['helping', 'church', 'piano', '+stairs+gravity=', 'heavy']"
16666,1965419171,relief,so ready to go home,"['ready', 'go', 'home']"
16711,1965427903,relief,my 43 quid lastminute.com Secret hotel at heathrow is surprisingly nice. No soap tho,"['43', 'quid', 'lastminute.com', 'Secret', 'hotel', 'heathrow', 'surprisingly', 'nice', 'soap', 'tho']"
16793,1965448284,relief,Just realized it is friday and b/c of a party I don't get to go racing.,"['realized', 'friday', 'b/c', 'party', ""n't"", 'get', 'go', 'racing']"
16884,1965472544,relief,@Jasiurl YAEH! THANK GOD IM HOME!...it suekd and we were kicked out of a church.,"['Jasiurl', 'YAEH', 'THANK', 'GOD', 'IM', 'HOME', '...', 'suekd', 'kicked', 'church']"
16893,1965474037,relief,"K, just finished my last 2 clients for the night. Going home alone  Thats ok I need to be alone, must find inner peace.","['K', 'finished', 'last', 'client', 'night', 'Going', 'home', 'alone', 'Thats', 'ok', 'need', 'alone', 'must', 'find', 'inner', 'peace']"
16939,1965481019,relief,"white pointy shoes haha, and ah you got me excited about the new drummer  youre mean","['white', 'pointy', 'shoe', 'haha', 'ah', 'got', 'excited', 'new', 'drummer', 'youre', 'mean']"
16991,1965497426,relief,@tatianafrosario omg wow  I hope everything is ok now,"['tatianafrosario', 'omg', 'wow', 'hope', 'everything', 'ok']"
17132,1965537500,relief,@DizzyMalfoy ouchie  Did u take some Excedrine? Thats the ONLY thing that kills my headaches FAST!,"['DizzyMalfoy', 'ouchie', 'u', 'take', 'Excedrine', 'Thats', 'thing', 'kill', 'headache', 'FAST']"
17141,1965539437,relief,"@sheelovewood aaaau thanks gi  , I really really love u.Thanks for being a really great friend.And forgiveme if i leave you sometime, ?","['sheelovewood', 'aaaau', 'thanks', 'gi', 'really', 'really', 'love', 'u.Thanks', 'really', 'great', 'friend.And', 'forgiveme', 'leave', 'sometime']"
17159,1965542810,relief,Hubby needs a vacation  Thank God we're leaving for Myrtle Beach in a week!,"['Hubby', 'need', 'vacation', 'Thank', 'God', ""'re"", 'leaving', 'Myrtle', 'Beach', 'week']"
17280,1965577184,relief,@mitchelmusso WISH YOU COULD CALLL ME  DO U HAVE A UK MY SAY NOW NUMBER? UR ACCCE! X,"['mitchelmusso', 'WISH', 'COULD', 'CALLL', 'U', 'UK', 'SAY', 'NUMBER', 'UR', 'ACCCE', 'X']"
17432,1965656577,relief,@JPuno Good to see you back. Sorry that happened to you,"['JPuno', 'Good', 'see', 'back', 'Sorry', 'happened']"
17447,1965665366,relief,Im glad that wasnt my real diver theory test! I failed  i got 70% 35/50 questions right but i did have 35mins left lol x,"['Im', 'glad', 'wasnt', 'real', 'diver', 'theory', 'test', 'failed', 'got', '70', '35/50', 'question', 'right', '35mins', 'left', 'lol', 'x']"
17478,1965672455,relief,"Oh.  The voting is over!   But don't worry, I already voted for you about 100000000000000000000000000000000000 times earlier!!!!!!  &lt;3","['Oh', 'voting', ""n't"", 'worry', 'already', 'voted', '100000000000000000000000000000000000', 'time', 'earlier', 'lt']"
17500,1965677148,relief,sitting at home cuz my plans for tonight cancled  but they are on for tomo so that makes me happy  ctc or txt me!,"['sitting', 'home', 'cuz', 'plan', 'tonight', 'cancled', 'tomo', 'make', 'happy', 'ctc', 'txt']"
17548,1965690131,relief,My best mate found out that I am moving. She doesn't understand I wanna do something with my life; Leaving to go to Uni..,"['best', 'mate', 'found', 'moving', ""n't"", 'understand', 'wan', 'na', 'something', 'life', 'Leaving', 'go', 'Uni', '..']"
17778,1965797155,relief,"@eric_extacy lol i know eric, i wont delete you! just people i dont really know and never talk. and bands","['eric_extacy', 'lol', 'know', 'eric', 'wont', 'delete', 'people', 'dont', 'really', 'know', 'never', 'talk', 'band']"
17783,1965798628,relief,@MitaliandMe thanks for trying,"['MitaliandMe', 'thanks', 'trying']"
17951,1965840380,relief,Cleaned out my Followers List and blocked the porn girls &amp; Crap Now I look like a spammer,"['Cleaned', 'Followers', 'List', 'blocked', 'porn', 'girl', 'amp', 'Crap', 'look', 'like', 'spammer']"
17982,1965851634,relief,I hate not getting e-mail's  going to do other stuff now...ice my toe (long story) and have some calpol (cold :S) soooo night xxxx,"['hate', 'getting', 'e-mail', ""'s"", 'going', 'stuff', '...', 'ice', 'toe', 'long', 'story', 'calpol', 'cold', 'soooo', 'night', 'xxxx']"
17998,1965854878,relief,Back home after a funeral for my wife's grandfather today.  Now its time for homework,"['Back', 'home', 'funeral', 'wife', ""'s"", 'grandfather', 'today', 'time', 'homework']"
18184,1965905523,relief,of course im almost there and theres traffic,"['course', 'im', 'almost', 'there', 'traffic']"
18199,1965910142,relief,I'm all stuffted up but I gotta gets up &amp; go netball,"[""'m"", 'stuffted', 'got', 'ta', 'get', 'amp', 'go', 'netball']"
18200,1965910428,relief,Ugh.  Las #vegas airport is at a &quot;ground stop&quot; which means I'm stuck in the plane on the tarmac (again) at LAX.,"['Ugh', 'Las', 'vega', 'airport', 'quot', 'ground', 'stop', 'quot', 'mean', ""'m"", 'stuck', 'plane', 'tarmac', 'LAX']"
18212,1965913885,relief,@alexxxpatterson we won't be in town  email me if there is another one though.,"['alexxxpatterson', 'wo', ""n't"", 'town', 'email', 'another', 'one', 'though']"
18304,1965934294,relief,Just got out of work,"['got', 'work']"
18328,1965939847,relief,@SuperNinjaMax noooooooooo my parrents found my stash,"['SuperNinjaMax', 'noooooooooo', 'parrents', 'found', 'stash']"
18397,1965958170,relief,"@LisaSpangenberg sadly @Dawno isn't me. It's some1 w/ 1 follower 1 update &amp; hasn't used Twitter since May 1, '07  I wanted that name, too","['LisaSpangenberg', 'sadly', 'Dawno', ""n't"", ""'s"", 'some1', 'w/', 'follower', 'update', 'amp', ""n't"", 'used', 'Twitter', 'since', 'May', ""'07"", 'wanted', 'name']"
18513,1965986238,relief,"@_everblue She actually posted again to say that it was the 2nd and not the 4th, so nevermind.","['_everblue', 'actually', 'posted', 'say', '2nd', '4th', 'nevermind']"
18565,1966000359,relief,Standing ovation for Wieters. Nobody was sitting down. Insane. Hit into double play though,"['Standing', 'ovation', 'Wieters', 'Nobody', 'sitting', 'Insane', 'Hit', 'double', 'play', 'though']"
18579,1966002211,relief,At natalies just finished work. Had the most AMAZING peanut butter sandwhich EVER. &lt;3333 I miss your faceeee,"['natalies', 'finished', 'work', 'AMAZING', 'peanut', 'butter', 'sandwhich', 'EVER', 'lt', '3333', 'miss', 'faceeee']"
18628,1966037035,relief,moved the first load of stuff into @cjloe's garage for storage.. now for round two..   me and guys move into our new place on Monday!,"['moved', 'first', 'load', 'stuff', 'cjloe', ""'s"", 'garage', 'storage', '..', 'round', 'two', '..', 'guy', 'move', 'new', 'place', 'Monday']"
18650,1966040645,relief,"super frustrated, and taking it out on the one's I love!   I love you, Paul!","['super', 'frustrated', 'taking', 'one', ""'s"", 'love', 'love', 'Paul']"
18692,1966052536,relief,i was so bored i decided to iron all my baju sklh. thn i realized i hate doing tht. so all i did was iron a sleeve HAHAHA. im off to schl,"['bored', 'decided', 'iron', 'baju', 'sklh', 'thn', 'realized', 'hate', 'tht', 'iron', 'sleeve', 'HAHAHA', 'im', 'schl']"
18763,1966071457,relief,"@strawbleu Sounds like a useful tip, I most certainly need some stability after this week","['strawbleu', 'Sounds', 'like', 'useful', 'tip', 'certainly', 'need', 'stability', 'week']"
18877,1966100409,relief,I need words of inspiration  where's @iamdiddy and @RevRunWisdom when you need them??,"['need', 'word', 'inspiration', ""'s"", 'iamdiddy', 'RevRunWisdom', 'need']"
18945,1966119471,relief,Setting up bookmarks on my new Blackberry Curve. Now anyone from work can get ahold of me at anytime!,"['Setting', 'bookmark', 'new', 'Blackberry', 'Curve', 'anyone', 'work', 'get', 'ahold', 'anytime']"
18947,1966119969,relief,Sushi w/ @ryan888 well cooked veggie for preggo me  now onto Trolley Car birthday party on McKinney Ave. I actially feel awake for once!,"['Sushi', 'w/', 'ryan888', 'well', 'cooked', 'veggie', 'preggo', 'onto', 'Trolley', 'Car', 'birthday', 'party', 'McKinney', 'Ave', 'actially', 'feel', 'awake']"
19039,1966159127,relief,Drew's new songs make me cry.  I miss Thomas already!,"['Drew', ""'s"", 'new', 'song', 'make', 'cry', 'miss', 'Thomas', 'already']"
19058,1966162534,relief,@showtime757 I wanna go,"['showtime757', 'wan', 'na', 'go']"
19099,1966174817,relief,hooome from work. why am i awake still? up in 5 hours,"['hooome', 'work', 'awake', 'still', 'hour']"
19165,1966193047,relief,@vasilly thanks.  I'm self so I don't see the &quot;my Account&quot; area.  I'll have to dig deeper it seems,"['vasilly', 'thanks', ""'m"", 'self', ""n't"", 'see', 'quot', 'Account', 'quot', 'area', ""'ll"", 'dig', 'deeper', 'seems']"
19239,1966209786,relief,i hate my presentation  hahah whatever im glad its over,"['hate', 'presentation', 'hahah', 'whatever', 'im', 'glad']"
19285,1966221430,relief,Made it to Wisconsin... Now off to Golden Corral again! dang! lol we missed the graduation! tho  Dang!,"['Made', 'Wisconsin', '...', 'Golden', 'Corral', 'dang', 'lol', 'missed', 'graduation', 'tho', 'Dang']"
19331,1966231709,relief,@JanuaryParker hey they do have that  but these never bothered me before.,"['JanuaryParker', 'hey', 'never', 'bothered']"
19355,1966238881,relief,@Hockeyvampiress glad you have a squeee moment good for you-- I just got bills in the mail,"['Hockeyvampiress', 'glad', 'squeee', 'moment', 'good', '--', 'got', 'bill', 'mail']"
19419,1966259744,relief,"been working all day, finally relaxing!! i miss you","['working', 'day', 'finally', 'relaxing', 'miss']"
19564,1966292195,relief,"@Charified sadly, I don't   hehe","['Charified', 'sadly', ""n't"", 'hehe']"
19686,1966326212,relief,@dopequrlbree Awww  You'll Be Fine...,"['dopequrlbree', 'Awww', ""'ll"", 'Fine', '...']"
19710,1966332287,relief,Mosque and mini-golf! haha I tied for 1st. It looks like the Yankees aren't playing tonight   but I'll just play Fifa! ~Zade~,"['Mosque', 'mini-golf', 'haha', 'tied', '1st', 'look', 'like', 'Yankees', ""n't"", 'playing', 'tonight', ""'ll"", 'play', 'Fifa', '~Zade~']"
19744,1966339498,relief,Am now a member of International Thespian Society Troupe #6492!! Now if I can only make my family stop fighting....sigh,"['member', 'International', 'Thespian', 'Society', 'Troupe', '6492', 'make', 'family', 'stop', 'fighting', '....', 'sigh']"
19847,1966404249,relief,@PassionMD hahahaha! i haven't been out with my friends since sunday! i'm so lame,"['PassionMD', 'hahahaha', ""n't"", 'friend', 'since', 'sunday', ""'m"", 'lame']"
19873,1966410272,relief,@skoduri I SLEPT THROUGH MY ALARMS  woke up at 6 instead of 4  i feel like a complete tool,"['skoduri', 'SLEPT', 'ALARMS', 'woke', 'instead', 'feel', 'like', 'complete', 'tool']"
19951,1966428579,relief,screw it lemme click on a ticket. preetttty sure i can make it. might not make it for vermillion lies opening tho,"['screw', 'lem', 'click', 'ticket', 'preetttty', 'sure', 'make', 'might', 'make', 'vermillion', 'lie', 'opening', 'tho']"
19976,1966436438,relief,@jmallen1012 aww i'm sorry   glad mommy took care of you. erin is in for some fun if there's a bug on you in colorado,"['jmallen1012', 'aww', ""'m"", 'sorry', 'glad', 'mommy', 'took', 'care', 'erin', 'fun', ""'s"", 'bug', 'colorado']"
19989,1966439404,relief,@albertposis congratulations ! you guys finish a month earlier than we do. booo,"['albertposis', 'congratulation', 'guy', 'finish', 'month', 'earlier', 'booo']"
19995,1966440188,relief,No more high school...,"['high', 'school', '...']"
20043,1693958243,relief,@deuhlig thanks for sharing,"['deuhlig', 'thanks', 'sharing']"
20056,1693974796,relief,Thank god camera fixed itself. I want a new ipod,"['Thank', 'god', 'camera', 'fixed', 'want', 'new', 'ipod']"
20088,1693976179,relief,finally gone!!!,"['finally', 'gone']"
20107,1693976959,relief,@geoffsays Thanks for the link Geoff,"['geoffsays', 'Thanks', 'link', 'Geoff']"
20111,1693977200,relief,"@gerdiend Woman!!  hope you have a relaxing monday as I have, cu later on this sunny monday @westerkerk","['gerdiend', 'Woman', 'hope', 'relaxing', 'monday', 'cu', 'later', 'sunny', 'monday', 'westerkerk']"
20116,1693977333,relief,@brittannyy14 yea i know right! i love that song!,"['brittannyy14', 'yea', 'know', 'right', 'love', 'song']"
20126,1693977819,relief,You won't believe how long this took to achieve... Still all done and my car is happy again  - Photo: http://bkite.com/0783l,"['wo', ""n't"", 'believe', 'long', 'took', 'achieve', '...', 'Still', 'done', 'car', 'happy', 'Photo', 'http', '//bkite.com/0783l']"
20148,1693978976,relief,its my bday!!! I'm gettin older!,"['bday', ""'m"", 'gettin', 'older']"
20162,1693995073,relief,"Hey Dubbo RSL turkey roast circa 1995. Know it's been a while, just wanted to let you know I still think about you from time to time","['Hey', 'Dubbo', 'RSL', 'turkey', 'roast', 'circa', '1995', 'Know', ""'s"", 'wanted', 'let', 'know', 'still', 'think', 'time', 'time']"
20180,1693995537,relief,Enjoyed the Waller reunion very much! The Wallers are back in town,"['Enjoyed', 'Waller', 'reunion', 'much', 'Wallers', 'back', 'town']"
20201,1693996338,relief,"ohh. i didnt double tweet a while ago, did i? now i did.","['ohh', 'didnt', 'double', 'tweet', 'ago']"
20208,1693996885,relief,"just woke up, no school today, we are free","['woke', 'school', 'today', 'free']"
20219,1693997236,relief,"True to form, Bank Holiday Monday looks like it might be rainy. Hope it holds off til later, family&amp;friends plan walk and picnic today","['True', 'form', 'Bank', 'Holiday', 'Monday', 'look', 'like', 'might', 'rainy', 'Hope', 'hold', 'til', 'later', 'family', 'amp', 'friend', 'plan', 'walk', 'picnic', 'today']"
20224,1693997424,relief,@MODELCHiCK2 thank u soooooo much lil mama xoxo,"['MODELCHiCK2', 'thank', 'u', 'soooooo', 'much', 'lil', 'mama', 'xoxo']"
20236,1693998023,relief,Not really  but its work so yea kinda,"['really', 'work', 'yea', 'kinda']"
20251,1694013136,relief,@jkreeftmeijer Yup theory is GREAT but the reality is beyond imagination...  I also made the same planning not knowing VS will FAIL on me,"['jkreeftmeijer', 'Yup', 'theory', 'GREAT', 'reality', 'beyond', 'imagination', '...', 'also', 'made', 'planning', 'knowing', 'VS', 'FAIL']"
20257,1694013301,relief,@vene2ia Thanks!  I am doing good... Did you read any of my blog posts?,"['vene2ia', 'Thanks', 'good', '...', 'read', 'blog', 'post']"
20295,1694014873,relief,#musicmonday Nicest Thing from Kate Nash,"['musicmonday', 'Nicest', 'Thing', 'Kate', 'Nash']"
20318,1694015800,relief,@shaundiviney THATS BETTER! lol,"['shaundiviney', 'THATS', 'BETTER', 'lol']"
20341,1694017418,relief,I'm excited for the things for Jay's room to arrive,"[""'m"", 'excited', 'thing', 'Jay', ""'s"", 'room', 'arrive']"
20360,1694032949,relief,Cuba trip booked,"['Cuba', 'trip', 'booked']"
20413,1694034782,relief,@Abbie12 Thanks! Welcome back!,"['Abbie12', 'Thanks', 'Welcome', 'back']"
20415,1694034932,relief,@Ryanimay Welcome home!  Glad you made it home safe!,"['Ryanimay', 'Welcome', 'home', 'Glad', 'made', 'home', 'safe']"
20416,1694034997,relief,"i finished new moon  in 1 day all up. maybe less, im quite proud, now who wants to lend me eclipse haha","['finished', 'new', 'moon', 'day', 'maybe', 'less', 'im', 'quite', 'proud', 'want', 'lend', 'eclipse', 'haha']"
20434,1694035805,relief,just got back from the long weekend,"['got', 'back', 'long', 'weekend']"
20452,1694051416,relief,Hello  Back to work today after a week of vacation !,"['Hello', 'Back', 'work', 'today', 'week', 'vacation']"
20458,1694051573,relief,@roynuj thank you  Feel much more relaxed now that everything isn't as scary as in the beginning,"['roynuj', 'thank', 'Feel', 'much', 'relaxed', 'everything', ""n't"", 'scary', 'beginning']"
20464,1694051775,relief,Just finished studying for Abnormal Psychology. Eek. I still have two more days. I'll do more than fine,"['finished', 'studying', 'Abnormal', 'Psychology', 'Eek', 'still', 'two', 'day', ""'ll"", 'fine']"
20489,1694052715,relief,@LadyAnne525 It will give me lulz from time to time.,"['LadyAnne525', 'give', 'lulz', 'time', 'time']"
20504,1694053238,relief,@pokr thanks for the retweet  poker is the best card game on earth,"['pokr', 'thanks', 'retweet', 'poker', 'best', 'card', 'game', 'earth']"
20514,1694053450,relief,"Ah, the bank holiday shift at work. What fun","['Ah', 'bank', 'holiday', 'shift', 'work', 'fun']"
20521,1694053763,relief,Wrapped up some html/java work now spending the night dabbling in some flash intros,"['Wrapped', 'html/java', 'work', 'spending', 'night', 'dabbling', 'flash', 'intro']"
20532,1694054399,relief,I've been slacking on the blips... but a nice mellow one before I go to sleep.  ? http://blip.fm/~5jcfo,"[""'ve"", 'slacking', 'blip', '...', 'nice', 'mellow', 'one', 'go', 'sleep', 'http', '//blip.fm/~5jcfo']"
20533,1694054415,relief,"@prieurdp awesome... let us know how the cloud setup goes, I'm very keen on trying it myself as well","['prieurdp', 'awesome', '...', 'let', 'u', 'know', 'cloud', 'setup', 'go', ""'m"", 'keen', 'trying', 'well']"
20560,1694069783,relief,"@zombiegrrl99 thanks, i feel a lot better now.. but it hurt like hell!!!  good luck with the lousy student writing.","['zombiegrrl99', 'thanks', 'feel', 'lot', 'better', '..', 'hurt', 'like', 'hell', 'good', 'luck', 'lousy', 'student', 'writing']"
20678,1694090035,relief,chillin with the neighbor,"['chillin', 'neighbor']"
20685,1694090164,relief,But on the bright side...no school,"['bright', 'side', '...', 'school']"
20691,1694090360,relief,@bbrooke yeah surrrrrously. we win,"['bbrooke', 'yeah', 'surrrrrously', 'win']"
20705,1694090888,relief,woo well done nadine,"['woo', 'well', 'done', 'nadine']"
20717,1694091218,relief,@interpunkt wow that was easy! Thank you,"['interpunkt', 'wow', 'easy', 'Thank']"
20743,1694107541,relief,bed time! night yall!,"['bed', 'time', 'night', 'yall']"
20768,1694108409,relief,@cherylberyls okaaayyyyy... that was very informative.  proves that digestion doesn't take place in the throat i guess.,"['cherylberyls', 'okaaayyyyy', '...', 'informative', 'prof', 'digestion', ""n't"", 'take', 'place', 'throat', 'guess']"
20779,1694108820,relief,I proudly declare that i no longer haf 'live fish' phobia. Lol. I love em fishies..,"['proudly', 'declare', 'longer', 'haf', ""'live"", 'fish', 'phobia', 'Lol', 'love', 'em', 'fishies', '..']"
20793,1694109369,relief,@prayagn I think we have it pretty much figured out. @adawada added a box in the Helsinki group where you can see the tweets,"['prayagn', 'think', 'pretty', 'much', 'figured', 'adawada', 'added', 'box', 'Helsinki', 'group', 'see', 'tweet']"
20800,1694109928,relief,Ill have a photo up tomorrow! Kay,"['Ill', 'photo', 'tomorrow', 'Kay']"
20820,1694110579,relief,"no school today, teacher cancelled the lesson  chillin'","['school', 'today', 'teacher', 'cancelled', 'lesson', 'chillin']"
20856,1694126061,relief,"Eh, I've gotta go to bed anyways. Goodnight.","['Eh', ""'ve"", 'got', 'ta', 'go', 'bed', 'anyways', 'Goodnight']"
20861,1694126265,relief,"Monday morning lying in bed instead of working is great, more bank holidays required","['Monday', 'morning', 'lying', 'bed', 'instead', 'working', 'great', 'bank', 'holiday', 'required']"
20908,1694127915,relief,Finally sleep time,"['Finally', 'sleep', 'time']"
20911,1694128068,relief,ok that is a simple smoke generator ... but works and mae a spot relly more interesting .,"['ok', 'simple', 'smoke', 'generator', '...', 'work', 'mae', 'spot', 'relly', 'interesting']"
20974,1694145721,relief,it's nice to leave the office when the sun is still up,"[""'s"", 'nice', 'leave', 'office', 'sun', 'still']"
21014,1694147388,relief,Also with the not driving part i could afford a laptop. Also living with a roommate i would save even more,"['Also', 'driving', 'part', 'could', 'afford', 'laptop', 'Also', 'living', 'roommate', 'would', 'save', 'even']"
21015,1694147394,relief,just saw an advert for ATTICS TO EDEN on tv  out today and only ï¿½9.99 from HMV...so I'm not sure why I had to pay ï¿½13 at HMV...never mind,"['saw', 'advert', 'ATTICS', 'EDEN', 'tv', 'today', 'ï¿½9.99', 'HMV', '...', ""'m"", 'sure', 'pay', 'ï¿½13', 'HMV', '...', 'never', 'mind']"
21040,1694162842,relief,"just made it home, time for a shower and some breakie, off out to Blackpool later for some lunch","['made', 'home', 'time', 'shower', 'breakie', 'Blackpool', 'later', 'lunch']"
21054,1694163576,relief,@InLuvwithJON Have you managed to breathe since getting the news?,"['InLuvwithJON', 'managed', 'breathe', 'since', 'getting', 'news']"
21058,1694163750,relief,@amysav83 yeah dropped the bike yesterday.Leg got caught below the engine.bikes not got a mark on it mind   I'm trying to avoid stairs lol,"['amysav83', 'yeah', 'dropped', 'bike', 'yesterday.Leg', 'got', 'caught', 'engine.bikes', 'got', 'mark', 'mind', ""'m"", 'trying', 'avoid', 'stair', 'lol']"
21069,1694164379,relief,@irisush im glad  i dont have to go out...,"['irisush', 'im', 'glad', 'dont', 'go', '...']"
21087,1694165154,relief,likes cheerios and scones in the morning,"['like', 'cheerio', 'scone', 'morning']"
21088,1694165167,relief,"@allensjk Katie is my Malamute dog, as for my weight, well I'm about 6ft tall and 73kg, which is quite good","['allensjk', 'Katie', 'Malamute', 'dog', 'weight', 'well', ""'m"", '6ft', 'tall', '73kg', 'quite', 'good']"
21108,1694166171,relief,"@thepioneerwoman - Bingley, just for that practise-the-proposal scene toward the end. So endearing","['thepioneerwoman', 'Bingley', 'practise-the-proposal', 'scene', 'toward', 'end', 'endearing']"
21113,1694166391,relief,Chilling at home,"['Chilling', 'home']"
21115,1694166475,relief,@honeytweets I also believe in some things are meant to happen.,"['honeytweets', 'also', 'believe', 'thing', 'meant', 'happen']"
21128,1694181622,relief,@lrkane LOL! No worries  You wanna take care of tickets? I can do a $$ EFT or whatever...,"['lrkane', 'LOL', 'worry', 'wan', 'na', 'take', 'care', 'ticket', 'EFT', 'whatever', '...']"
30,1956974706,hate,It is so annoying when she starts typing on her computer in the middle of the night!,"['annoying', 'start', 'typing', 'computer', 'middle', 'night']"
86,1956987600,hate,dammit! hulu desktop has totally screwed up my ability to talk to a particular port on one of our dev servers. so i can't watch and code,"['dammit', 'hulu', 'desktop', 'totally', 'screwed', 'ability', 'talk', 'particular', 'port', 'one', 'dev', 'server', 'ca', ""n't"", 'watch', 'code']"
99,1956989601,hate,@ cayogial i wanted to come to BZ this summer :/ not so sure anymore... a teacher's life in the summer SUCKS,"['cayogial', 'wanted', 'come', 'BZ', 'summer', 'sure', 'anymore', '...', 'teacher', ""'s"", 'life', 'summer', 'SUCKS']"
101,1956990288,hate,@mrgenius23 You win ... SIGH Rakeem,"['mrgenius23', 'win', '...', 'SIGH', 'Rakeem']"
105,1956991009,hate,"@soviet_star Damn, that sucks","['soviet_star', 'Damn', 'suck']"
107,1956991704,hate,@mileycyrus THIS WEBSITE GAVE ME A VIRUS! When i opened it more windows kept POPPING up,"['mileycyrus', 'WEBSITE', 'GAVE', 'VIRUS', 'opened', 'window', 'kept', 'POPPING']"
121,1956996081,hate,@IamYeTe Waraku is tasteless and expensive! Portion is so little!!!!!  re: waraku,"['IamYeTe', 'Waraku', 'tasteless', 'expensive', 'Portion', 'little', 'waraku']"
124,1956996673,hate,@britblackbird  youstinkatrespondingtotexts!,"['britblackbird', 'youstinkatrespondingtotexts']"
160,1957004749,hate,don't you hate it when you finish all your work and there's still 1.25 hours left of work time,"[""n't"", 'hate', 'finish', 'work', ""'s"", 'still', '1.25', 'hour', 'left', 'work', 'time']"
196,1957009666,hate,@melluffsyew Umm yeah. That's probably a pretty good note to self because eeeeeewwwwwwww.,"['melluffsyew', 'Umm', 'yeah', ""'s"", 'probably', 'pretty', 'good', 'note', 'self', 'eeeeeewwwwwwww']"
206,1957013166,hate,@SparkDawgMusic im doing that shit right now ... im on vacation and you got me workin,"['SparkDawgMusic', 'im', 'shit', 'right', '...', 'im', 'vacation', 'got', 'workin']"
209,1957013723,hate,would wish the severe migrains would stop!!! doc's prescriptions arent working,"['would', 'wish', 'severe', 'migrains', 'would', 'stop', 'doc', ""'s"", 'prescription', 'arent', 'working']"
212,1957013895,hate,@tiffalo cuz airlines are super lame.,"['tiffalo', 'cuz', 'airline', 'super', 'lame']"
216,1957014493,hate,I'm so very tired...and have insomnia.,"[""'m"", 'tired', '...', 'insomnia']"
219,1957014706,hate,"I hate Bakersfield and I hate the Ports, let me go home already.  I want to start my vacation.","['hate', 'Bakersfield', 'hate', 'Ports', 'let', 'go', 'home', 'already', 'want', 'start', 'vacation']"
256,1957021486,hate,I hate the new mt dew commercial..the one with a giant mosquito..it scares me and grosses me out all at the same time.,"['hate', 'new', 'mt', 'dew', 'commercial', '..', 'one', 'giant', 'mosquito', '..', 'scare', 'gross', 'time']"
262,1957023263,hate,"i HATE when i see pregnant women smokinggg!!!! its sooo irresponsible n selfish! its saaad. ultimately, the baby is the one who suffers.","['HATE', 'see', 'pregnant', 'woman', 'smokinggg', 'sooo', 'irresponsible', 'n', 'selfish', 'saaad', 'ultimately', 'baby', 'one', 'suffers']"
263,1957023739,hate,Lies...lies...lies....you just cant avoid to lie about practically...EVERYTHING!,"['Lies', '...', 'lie', '...', 'lie', '....', 'cant', 'avoid', 'lie', 'practically', '...', 'EVERYTHING']"
283,1957030622,hate,@lanacaitlin  hahaha well its try its so ugly,"['lanacaitlin', 'hahaha', 'well', 'try', 'ugly']"
299,1957033874,hate,I hate when my bf beats da dogs. But I guess that the only way to teach these pitts.,"['hate', 'bf', 'beat', 'da', 'dog', 'guess', 'way', 'teach', 'pitt']"
302,1957034289,hate,think i may have broke a toe at the bar tonight......thanks drunk girl for steppin all over me!!!!!,"['think', 'may', 'broke', 'toe', 'bar', 'tonight', '......', 'thanks', 'drunk', 'girl', 'steppin']"
309,1957035950,hate,my roommate @tess_tickle loves to ignore me,"['roommate', 'tess_tickle', 'love', 'ignore']"
315,1957038470,hate,"@jcwentz Maths and Science were the strongest for me i think..dunno bout geography, only did like 1 day of study for 1/2 a year of work!","['jcwentz', 'Maths', 'Science', 'strongest', 'think', '..', 'dunno', 'bout', 'geography', 'like', 'day', 'study', '1/2', 'year', 'work']"
333,1957041812,hate,"@meganmansyn Hahahaha! It's not horrible, if others were singing with I'm sure it could work. I wish I could afford my own drum set","['meganmansyn', 'Hahahaha', ""'s"", 'horrible', 'others', 'singing', ""'m"", 'sure', 'could', 'work', 'wish', 'could', 'afford', 'drum', 'set']"
350,1957044935,hate,aarrgghh - fu*k.....a hose has leaked water all over the new floating floor,"['aarrgghh', 'fu', 'k', '.....', 'hose', 'leaked', 'water', 'new', 'floating', 'floor']"
365,1957048703,hate,@ksutt11 ohhhh thunderstorms...boo  why do they always have to make the power go out??,"['ksutt11', 'ohhhh', 'thunderstorm', '...', 'boo', 'always', 'make', 'power', 'go']"
368,1957050633,hate,"RATT ROCKED NASHVILLE TONITE..ONE THING SUCKED, NO ENCORE!  LIKE IN THE 80'S THEY STILL HAVE A FUN SHOW. PEARCY HAS THAT HOTT BAD BOY LOOK","['RATT', 'ROCKED', 'NASHVILLE', 'TONITE', '..', 'ONE', 'THING', 'SUCKED', 'ENCORE', 'LIKE', '80', ""'S"", 'STILL', 'FUN', 'SHOW', 'PEARCY', 'HOTT', 'BAD', 'BOY', 'LOOK']"
384,1957055530,hate,I have to work in the morning while my friends get to party it up.....stupid bberry lite flashing red and I have no messages!,"['work', 'morning', 'friend', 'get', 'party', '.....', 'stupid', 'bberry', 'lite', 'flashing', 'red', 'message']"
404,1957061884,hate,@all_is_one84 Those suck so bad.,"['all_is_one84', 'suck', 'bad']"
411,1957063783,hate,At Charle's with the power out. LOL! Damn SaveMart lost power and we could not buy beer.,"['Charle', ""'s"", 'power', 'LOL', 'Damn', 'SaveMart', 'lost', 'power', 'could', 'buy', 'beer']"
445,1957073753,hate,hates the net. ayaw bumukas ng twitter.  http://plurk.com/p/wxlxs,"['hate', 'net', 'ayaw', 'bumukas', 'ng', 'twitter', 'http', '//plurk.com/p/wxlxs']"
463,1957076577,hate,on jacksonville beach walking in the cold Ass water   but have to work in the morning   ily &lt;('-')&gt;,"['jacksonville', 'beach', 'walking', 'cold', 'Ass', 'water', 'work', 'morning', 'ily', 'lt', ""'-"", 'gt']"
487,1957082538,hate,@abguerraartist  I am not a pussy! damnit!  [sending you an e-mail right now btw],"['abguerraartist', 'pussy', 'damnit', 'sending', 'e-mail', 'right', 'btw']"
505,1957085151,hate,@juliaiiivir Hey! That's my school! I hate that place.,"['juliaiiivir', 'Hey', ""'s"", 'school', 'hate', 'place']"
552,1957094812,hate,"plan may changes , nooooooo","['plan', 'may', 'change', 'nooooooo']"
553,1957094989,hate,my sister is a douchebag,"['sister', 'douchebag']"
596,1957105472,hate,time for tv in bed.Then spending all day catching up on studying  i hate online summer classes,"['time', 'tv', 'bed.Then', 'spending', 'day', 'catching', 'studying', 'hate', 'online', 'summer', 'class']"
601,1957106609,hate,Dang it! I REALLY look like crap!! Sigh only had 35mins to shower and 10mins to get ready,"['Dang', 'REALLY', 'look', 'like', 'crap', 'Sigh', '35mins', 'shower', '10mins', 'get', 'ready']"
635,1957114604,hate,"back at Vienna (  ), sooo tired, luggage lost, Manchester 'd been great - very good outcome from Seminar at MBS &amp; great people around ...","['back', 'Vienna', 'sooo', 'tired', 'luggage', 'lost', 'Manchester', ""'d"", 'great', 'good', 'outcome', 'Seminar', 'MBS', 'amp', 'great', 'people', 'around', '...']"
697,1957127251,hate,@guitar21g @jackie_hussein i have to wake up earlier than i thought.. my dad wants me to take him food at 9AM! no0o0o0o!,"['guitar21g', 'jackie_hussein', 'wake', 'earlier', 'thought', '..', 'dad', 'want', 'take', 'food', '9AM', 'no0o0o0o']"
763,1957142715,hate,"Taking back the HORRIBLE shoes my mum made me get.. urgggh. They are some nasty footwear! Problem is, I can't find any other shoes!","['Taking', 'back', 'HORRIBLE', 'shoe', 'mum', 'made', 'get', '..', 'urgggh', 'nasty', 'footwear', 'Problem', 'ca', ""n't"", 'find', 'shoe']"
776,1957145531,hate,night 5 not talking to my victor  i'm so bored at night now. grrrr i hate this shit,"['night', 'talking', 'victor', ""'m"", 'bored', 'night', 'grrrr', 'hate', 'shit']"
779,1957145817,hate,"gonna get off to try and catch some Z's, no more high school after tomorrow! which really sucks  i wish i didn't have to grow up!","['gon', 'na', 'get', 'try', 'catch', 'Z', ""'s"", 'high', 'school', 'tomorrow', 'really', 'suck', 'wish', ""n't"", 'grow']"
794,1957147658,hate,Sooo.....I'm kinda o sick n tired of the bs that guys dish out  !!!!!!!!,"['Sooo', '.....', ""'m"", 'kinda', 'sick', 'n', 'tired', 'b', 'guy', 'dish']"
835,1957154821,hate,i just murdered two fucking mouses!!! now i cant sleep,"['murdered', 'two', 'fucking', 'mouse', 'cant', 'sleep']"
841,1957156484,hate,"sososo bummed, like really bummed, i hate this rain, ruin my date...","['sososo', 'bummed', 'like', 'really', 'bummed', 'hate', 'rain', 'ruin', 'date', '...']"
842,1957156949,hate,"Working late at night on a Dell notebook, Dell's quality has gone down hill, warrenty service sucks too, poor people  buy a Mac instead","['Working', 'late', 'night', 'Dell', 'notebook', 'Dell', ""'s"", 'quality', 'gone', 'hill', 'warrenty', 'service', 'suck', 'poor', 'people', 'buy', 'Mac', 'instead']"
860,1957160843,hate,"@calvinharris make the most of pork products while you can, they've fucking stopped importing it here in dubai. bad times","['calvinharris', 'make', 'pork', 'product', ""'ve"", 'fucking', 'stopped', 'importing', 'dubai', 'bad', 'time']"
903,1957170232,hate,"WTF facebook just cleared out my whole survey and i was on the last q, this night gets better and better  what else is next?","['WTF', 'facebook', 'cleared', 'whole', 'survey', 'last', 'q', 'night', 'get', 'better', 'better', 'else', 'next']"
909,1957172292,hate,Its weird being at the guy's house without them here. I don't like it,"['weird', 'guy', ""'s"", 'house', 'without', ""n't"", 'like']"
933,1957177654,hate,"@mrskutcher  Where I live, all the small markets deliver their day-old bread to the food bank, but times are really tough, even for me","['mrskutcher', 'live', 'small', 'market', 'deliver', 'day-old', 'bread', 'food', 'bank', 'time', 'really', 'tough', 'even']"
968,1957188633,hate,Doing a mass cleanout of my room before rearranging it. Just sent mother out to buy me a bin and a bookshelf since mine sucks. Bad mood,"['mass', 'cleanout', 'room', 'rearranging', 'sent', 'mother', 'buy', 'bin', 'bookshelf', 'since', 'mine', 'suck', 'Bad', 'mood']"
970,1957188806,hate,"feeling really sick  watching the fifth element, and about to smoke a cigg. ugh i hate colds!","['feeling', 'really', 'sick', 'watching', 'fifth', 'element', 'smoke', 'cigg', 'ugh', 'hate', 'cold']"
997,1957192957,hate,Bummed that F! F! F! broke up,"['Bummed', 'F', 'F', 'F', 'broke']"
1025,1957198359,hate,"@StonedSteve yes it was good 2 see them laught at each other,,but that poor lad asking his mum &amp; dad 2 kill him","['StonedSteve', 'yes', 'good', 'see', 'laught', ',but', 'poor', 'lad', 'asking', 'mum', 'amp', 'dad', 'kill']"
1062,1957206401,hate,@GoblinZA Can't access your site!,"['GoblinZA', 'Ca', ""n't"", 'access', 'site']"
1084,1957211597,hate,Its so Fucking hot! Damn no air conditioning.,"['Fucking', 'hot', 'Damn', 'air', 'conditioning']"
1085,1957212085,hate,@hillaryhatt I never liked that boy  Jerms!,"['hillaryhatt', 'never', 'liked', 'boy', 'Jerms']"
1106,1957218610,hate,"this sucks i'm tweetless...and i f'n hate money, why does it have to be an issue","['suck', ""'m"", 'tweetless', '...', ""f'n"", 'hate', 'money', 'issue']"
1110,1957218793,hate,dam it keeps rainin on me,"['dam', 'keep', 'rainin']"
1162,1957231014,hate,@MissMadalena err i think they're like 15 bucks a ticket cause its 3D too. too expensive,"['MissMadalena', 'err', 'think', ""'re"", 'like', '15', 'buck', 'ticket', 'cause', '3D', 'expensive']"
1164,1957231506,hate,Omg grr my parents left probably 15 minutes ago to belgium and typical i wake up a stupid o'clock,"['Omg', 'grr', 'parent', 'left', 'probably', '15', 'minute', 'ago', 'belgium', 'typical', 'wake', 'stupid', ""o'clock""]"
1173,1957233929,hate,Just watched The Goode Family premiere online... And I think this may be the last episode I watch. It's pretty amazingly mediocre  pass.,"['watched', 'Goode', 'Family', 'premiere', 'online', '...', 'think', 'may', 'last', 'episode', 'watch', ""'s"", 'pretty', 'amazingly', 'mediocre', 'pas']"
1182,1957237503,hate,and this stupid wireless wont work downstairs,"['stupid', 'wireless', 'wont', 'work', 'downstairs']"
1183,1957237598,hate,"Change my hairstyle,but it isn't good as it supposed to be N don't wealth that much money..  hate that hairdresser~~","['Change', 'hairstyle', ""n't"", 'good', 'supposed', 'N', ""n't"", 'wealth', 'much', 'money', '..', 'hate', 'hairdresser~~']"
1201,1957241208,hate,Have to go to work  typical sunshine and deep sleep; stupid friday.,"['go', 'work', 'typical', 'sunshine', 'deep', 'sleep', 'stupid', 'friday']"
1234,1957248127,hate,@anant24121986 it is so unfair that all the good rock shows happen only in B'lore and Pune,"['anant24121986', 'unfair', 'good', 'rock', 'show', 'happen', ""B'lore"", 'Pune']"
1243,1957250995,hate,almost everyone can suck my clit right about now. ive had it up to here with people fucking me over !,"['almost', 'everyone', 'suck', 'clit', 'right', 'ive', 'people', 'fucking']"
1251,1957252405,hate,says BAD TRIP! (angry)  http://plurk.com/p/wxshi,"['say', 'BAD', 'TRIP', 'angry', 'http', '//plurk.com/p/wxshi']"
1281,1957263744,hate,omg!!! mcdonalds combo and wendys sundae = puke material,"['omg', 'mcdonalds', 'combo', 'wendys', 'sundae', 'puke', 'material']"
1282,1957263978,hate,I really need to sort out a bird table and some feeders - the robins and blue tits are being bullied,"['really', 'need', 'sort', 'bird', 'table', 'feeder', 'robin', 'blue', 'tit', 'bullied']"
1289,1957265612,hate,But why do I have to spend it in the office,"['spend', 'office']"
1305,1957268633,hate,"@MissMaryJ M Jizzle I need u to Hit me too, ugghh I'm sick of this damn phone! Like seriously!","['MissMaryJ', 'Jizzle', 'need', 'u', 'Hit', 'ugghh', ""'m"", 'sick', 'damn', 'phone', 'Like', 'seriously']"
1308,1957269543,hate,@iamivanxxx That sucks to hear. I hate days like that,"['iamivanxxx', 'suck', 'hear', 'hate', 'day', 'like']"
1326,1957276419,hate,This train is so squeaky its givin me a sore head its bad enough i have to go to work!,"['train', 'squeaky', 'givin', 'sore', 'head', 'bad', 'enough', 'go', 'work']"
1332,1957278010,hate,@Kikirowr Downside though is that you're breaking the thread.,"['Kikirowr', 'Downside', 'though', ""'re"", 'breaking', 'thread']"
1362,1957286023,hate,The Taxi Q at Pelangi was super loooong.. and now I'm getting headaches because of the hot-cold transition,"['Taxi', 'Q', 'Pelangi', 'super', 'loooong', '..', ""'m"", 'getting', 'headache', 'hot-cold', 'transition']"
1366,1957287286,hate,@WoWInsider I would be playing my old rogue but a friend took the account and could not get it back,"['WoWInsider', 'would', 'playing', 'old', 'rogue', 'friend', 'took', 'account', 'could', 'get', 'back']"
1397,1957293548,hate,rah rah. youtube isn't working again. oh great,"['rah', 'rah', 'youtube', ""n't"", 'working', 'oh', 'great']"
1398,1957294470,hate,@BrookeAmanda that sucks  what bout kate,"['BrookeAmanda', 'suck', 'bout', 'kate']"
1442,1957305935,hate,lol my other tank/dps friend is having the same problem in a different guild.  wtf is wrong with this server?,"['lol', 'tank/dps', 'friend', 'problem', 'different', 'guild', 'wtf', 'wrong', 'server']"
1457,1957311527,hate,my hsbc savings apy dropped to 1.55%. sort of feeling like pulling out all my money and keeping it underneath my mattress.,"['hsbc', 'saving', 'apy', 'dropped', '1.55', 'sort', 'feeling', 'like', 'pulling', 'money', 'keeping', 'underneath', 'mattress']"
1483,1957317721,hate,"damn another day at the office, the sun is bursting from the sky...and the women are eh well...back to the keyboard","['damn', 'another', 'day', 'office', 'sun', 'bursting', 'sky', '...', 'woman', 'eh', 'well', '...', 'back', 'keyboard']"
1499,1957321080,hate,Another Day gone by....  Have to wake up early again tomorrow,"['Another', 'Day', 'gone', '....', 'wake', 'early', 'tomorrow']"
1520,1957328258,hate,i'm so sick   bad throat and the WORST toothache.  good thing i work in a pharmacy.  load me up with drugs!!,"[""'m"", 'sick', 'bad', 'throat', 'WORST', 'toothache', 'good', 'thing', 'work', 'pharmacy', 'load', 'drug']"
1535,1957331877,hate,@avrilchan never invite,"['avrilchan', 'never', 'invite']"
1577,1957344732,hate,Gday... Do you know if NHibernate has issues with COM Interop (VB6 &lt;-&gt; .Net Wrapper &lt;-&gt; .Net+NHibernate dll)? I'm getting crazy,"['Gday', '...', 'know', 'NHibernate', 'issue', 'COM', 'Interop', 'VB6', 'lt', 'gt', '.Net', 'Wrapper', 'lt', 'gt', '.Net+NHibernate', 'dll', ""'m"", 'getting', 'crazy']"
1581,1957345881,hate,"@stevecruzblog  It is so unfair, Hustlaball, US citizens working here, Personal Appearances Expectations, Prowler, can I do that there?","['stevecruzblog', 'unfair', 'Hustlaball', 'US', 'citizen', 'working', 'Personal', 'Appearances', 'Expectations', 'Prowler']"
1586,1957346593,hate,"Changed my hairstyle,but it isn't good as it supposed to be~~N I don't think it worthed that much money..  hate that hairdresser~~;(","['Changed', 'hairstyle', ""n't"", 'good', 'supposed', 'be~~N', ""n't"", 'think', 'worthed', 'much', 'money', '..', 'hate', 'hairdresser~~']"
1591,1957347167,hate,he just fully yelled @me saying dnt be so fcking stupid grow up! stop with this band shit then... throws the remote at me thnks love u2,"['fully', 'yelled', 'saying', 'dnt', 'fcking', 'stupid', 'grow', 'stop', 'band', 'shit', '...', 'throw', 'remote', 'thnks', 'love', 'u2']"
1621,1957354740,hate,"@powertwitter Not a fan of the layout change of hyperlinks. I don't like the indentation and, well, I'm clicking and no link shows.","['powertwitter', 'fan', 'layout', 'change', 'hyperlink', ""n't"", 'like', 'indentation', 'well', ""'m"", 'clicking', 'link', 'show']"
1631,1957357393,hate,My stomach is killing me do j can't sleep,"['stomach', 'killing', 'j', 'ca', ""n't"", 'sleep']"
1644,1957361603,hate,@digicho I'm inclined to think it's stupid.,"['digicho', ""'m"", 'inclined', 'think', ""'s"", 'stupid']"
1654,1957363745,hate,Hates untalented bitches being mean to my talented friends,"['Hates', 'untalented', 'bitch', 'mean', 'talented', 'friend']"
1661,1957364947,hate,Arghhh So annoyed-yet again gone 2 starbucks &amp; given skimmed milk instead of soy milk!! I can't have milk so hav 2 throw away! Expensive,"['Arghhh', 'annoyed-yet', 'gone', 'starbucks', 'amp', 'given', 'skimmed', 'milk', 'instead', 'soy', 'milk', 'ca', ""n't"", 'milk', 'hav', 'throw', 'away', 'Expensive']"
1665,1957365278,hate,@markbuchholz the non-Europers managed to dump the sun here! its gonna be a hot time now!,"['markbuchholz', 'non-Europers', 'managed', 'dump', 'sun', 'gon', 'na', 'hot', 'time']"
1711,1957378535,hate,This is exactly y I hate driving thru dandy - sittin at lights next to a car of asians who r callin out to me &amp; 1 held up a knife  scum!,"['exactly', 'hate', 'driving', 'thru', 'dandy', 'sittin', 'light', 'next', 'car', 'asian', 'r', 'callin', 'amp', 'held', 'knife', 'scum']"
1712,1957378778,hate,@AravindJose thanks dude. Being a low level business man its hard to get normal credit cards..also our place is not listed with any bank,"['AravindJose', 'thanks', 'dude', 'low', 'level', 'business', 'man', 'hard', 'get', 'normal', 'credit', 'card', '..', 'also', 'place', 'listed', 'bank']"
1729,1957383622,hate,@jaysun093  yes it is. Sucks don't it,"['jaysun093', 'yes', 'Sucks', ""n't""]"
1758,1957390538,hate,why the fuck am I on twitter!!!,"['fuck', 'twitter']"
1773,1957393736,hate,"On way to exam, very very nervous  bah","['way', 'exam', 'nervous', 'bah']"
1782,1957396708,hate,"is tryna find her a 30 yr old junt with a 401 k, stable job, good home with an extra room 4 me and my baggage..so tired of u young dudes","['tryna', 'find', '30', 'yr', 'old', 'junt', '401', 'k', 'stable', 'job', 'good', 'home', 'extra', 'room', 'baggage', '..', 'tired', 'u', 'young', 'dude']"
1785,1957397161,hate,Dang you internet. . . Its been down all night. . .,"['Dang', 'internet', 'night']"
1788,1957397410,hate,@bb_nation just launched twittix v1.10 - not convinced,"['bb_nation', 'launched', 'twittix', 'v1.10', 'convinced']"
1804,1957401850,hate,"im gonna die of a heart attack one of these days, if i keep going off to bed this pissed.  GGGGGGG'NITEEEEEEEE","['im', 'gon', 'na', 'die', 'heart', 'attack', 'one', 'day', 'keep', 'going', 'bed', 'pissed', ""GGGGGGG'NITEEEEEEEE""]"
1807,1957403098,hate,How freaking cold is it out in Sydney tonight...,"['freaking', 'cold', 'Sydney', 'tonight', '...']"
1813,1957403754,hate,woke up from bad dream.  grrrr,"['woke', 'bad', 'dream', 'grrrr']"
1817,1957404195,hate,Any city person want to trade n live in the country? House comes w racoons n skunks livin under deck. *sigh*,"['city', 'person', 'want', 'trade', 'n', 'live', 'country', 'House', 'come', 'w', 'racoon', 'n', 'skunk', 'livin', 'deck', 'sigh']"
1832,1957408561,hate,I hate it when this computer screws up and decides not to play sound on videos,"['hate', 'computer', 'screw', 'decides', 'play', 'sound', 'video']"
1942,1957435007,hate,Waiting for my driver! Hate to wait!!!!!,"['Waiting', 'driver', 'Hate', 'wait']"
1958,1957441479,hate,A central lesson of history is that States are parasites which always expand until they destroy their host population. - Stefan Molyneux,"['central', 'lesson', 'history', 'States', 'parasite', 'always', 'expand', 'destroy', 'host', 'population', 'Stefan', 'Molyneux']"
1960,1957442173,hate,@she_shines92 aww that sucks,"['she_shines92', 'aww', 'suck']"
1969,1957444758,hate,@dragonflyeyes nick's voice still makes me wanna kill things,"['dragonflyeyes', 'nick', ""'s"", 'voice', 'still', 'make', 'wan', 'na', 'kill', 'thing']"
2016,1957454104,hate,@chuybe again your fault  i didnt make u leave,"['chuybe', 'fault', 'didnt', 'make', 'u', 'leave']"
2037,1957458941,hate,I'm pretty sure Isis has a tapeworm.  So she's allowed to snuggle with me all she wants tonight.,"[""'m"", 'pretty', 'sure', 'Isis', 'tapeworm', ""'s"", 'allowed', 'snuggle', 'want', 'tonight']"
2046,1957460452,hate,got such sore feet,"['got', 'sore', 'foot']"
2075,1957465259,hate,FUCKSAKE i shouldn't smoke so much stuff.,"['FUCKSAKE', ""n't"", 'smoke', 'much', 'stuff']"
2088,1957467935,hate,So damn tired! Another long day trw!,"['damn', 'tired', 'Another', 'long', 'day', 'trw']"
2089,1957468342,hate,"just woke up, I'm starving","['woke', ""'m"", 'starving']"
2144,1957480314,hate,@Epiphora I will never forgive you for burying the erotica. You're snuffing out our love.,"['Epiphora', 'never', 'forgive', 'burying', 'erotica', ""'re"", 'snuffing', 'love']"
2145,1957480356,hate,"Had to fix bike chain on the way to work...arrived a filthy, bloody mess   lovely weather though!","['fix', 'bike', 'chain', 'way', 'work', '...', 'arrived', 'filthy', 'bloody', 'mess', 'lovely', 'weather', 'though']"
2167,1957484159,hate,"wants to move to QLD already, this cold weather is killing me","['want', 'move', 'QLD', 'already', 'cold', 'weather', 'killing']"
2175,1957485440,hate,stuck in huge traffic jam,"['stuck', 'huge', 'traffic', 'jam']"
2180,1957486370,hate,hates typing on a mac. wishing that i'll be done my english essay soon.  sleeeepy,"['hate', 'typing', 'mac', 'wishing', ""'ll"", 'done', 'english', 'essay', 'soon', 'sleeeepy']"
2193,1957490341,hate,"bah, i h8 waking up","['bah', 'h8', 'waking']"
2196,1957490771,hate,"i hate working, especially when the weather is good","['hate', 'working', 'especially', 'weather', 'good']"
2209,1957494894,hate,Have you ever stepped on a slug by accident? I just did  I hate bugs,"['ever', 'stepped', 'slug', 'accident', 'hate', 'bug']"
2221,1957497342,hate,Shit week all fucking week  off to the gym now with the worst headache.,"['Shit', 'week', 'fucking', 'week', 'gym', 'worst', 'headache']"
2226,1957498978,hate,my eyes are streaming!! i HATE hayfever  it's so bad even my tablets aren't working!,"['eye', 'streaming', 'HATE', 'hayfever', ""'s"", 'bad', 'even', 'tablet', ""n't"", 'working']"
2254,1957504449,hate,@GGSerena boo you didnt answer my text,"['GGSerena', 'boo', 'didnt', 'answer', 'text']"
2292,1957512592,hate,"my mind is racing ... b/c of 4 words he wrote.  I hate him, but I hate her most. ... and I can't keep from falling for him","['mind', 'racing', '...', 'b/c', 'word', 'wrote', 'hate', 'hate', '...', 'ca', ""n't"", 'keep', 'falling']"
2316,1957517844,hate,Bluedart takes a shipment all the way before figuring out &quot;No Deliver&quot; and then bring it back! Databases anyone?,"['Bluedart', 'take', 'shipment', 'way', 'figuring', 'quot', 'Deliver', 'quot', 'bring', 'back', 'Databases', 'anyone']"
2321,1957519335,hate,"Just been bitten by SmoothStreaming, it doesn't seem to work for my client's linux users...fan-fricking-tastic","['bitten', 'SmoothStreaming', ""n't"", 'seem', 'work', 'client', ""'s"", 'linux', 'user', '...', 'fan-fricking-tastic']"
2323,1957519529,hate,? MADAYA KA CHRISTIAN. BLEH!!! I HATE U  http://plurk.com/p/wy2yg,"['MADAYA', 'KA', 'CHRISTIAN', 'BLEH', 'HATE', 'U', 'http', '//plurk.com/p/wy2yg']"
2401,1957534742,hate,I hate this bit,"['hate', 'bit']"
2433,1957543156,hate,This place blows! My UberTwitter isn't functioning here! Had to switch to TB,"['place', 'blow', 'UberTwitter', ""n't"", 'functioning', 'switch', 'TB']"
2448,1957546773,hate,Cars been dropped off for service and mot  getting the train home! Hate public transport!!,"['Cars', 'dropped', 'service', 'mot', 'getting', 'train', 'home', 'Hate', 'public', 'transport']"
2482,1957554204,hate,Hydro drive abandoned after three miles,"['Hydro', 'drive', 'abandoned', 'three', 'mile']"
2498,1957558721,hate,hmz... second most popular page on this governmental site is the 404 page... fail,"['hmz', '...', 'second', 'popular', 'page', 'governmental', 'site', '404', 'page', '...', 'fail']"
2525,1957563359,hate,@upcomingpixar Too bad we're in Sweden where Up isn't up on the theaters  here until October,"['upcomingpixar', 'bad', ""'re"", 'Sweden', ""n't"", 'theater', 'October']"
2562,1957573018,hate,"@jojototh @abduzeedo firefox ok, but opera and IE - footer is not ok","['jojototh', 'abduzeedo', 'firefox', 'ok', 'opera', 'IE', 'footer', 'ok']"
2574,1957575428,hate,@berkscub no sorry twitter sucks balls since the replys change  #fixreplies,"['berkscub', 'sorry', 'twitter', 'suck', 'ball', 'since', 'reply', 'change', 'fixreplies']"
2595,1957583174,hate,"Shit shit, i didn't mean to dall asleep again, it's 9am, I wanted to be out by 9.30. Don't know why I'm so tired,I wasn't late last night","['Shit', 'shit', ""n't"", 'mean', 'dall', 'asleep', ""'s"", '9am', 'wanted', '9.30', ""n't"", 'know', ""'m"", 'tired', ""n't"", 'late', 'last', 'night']"
2600,1957583581,hate,Okay I'm seriously bored. I have nothing to do. I can't go out cause it's raining.,"['Okay', ""'m"", 'seriously', 'bored', 'nothing', 'ca', ""n't"", 'go', 'cause', ""'s"", 'raining']"
2604,1957584006,hate,Up earlier because of a stupid orthadontist appointment,"['earlier', 'stupid', 'orthadontist', 'appointment']"
2658,1957595823,hate,"@Sihm and the &quot;fuck  &quot; was because I dont get my gift!   I was SO exited about it, and it was sooo awesome...","['Sihm', 'quot', 'fuck', 'quot', 'dont', 'get', 'gift', 'exited', 'sooo', 'awesome', '...']"
2703,1957608321,hate,it should be.. not a wink &gt;.&lt;,"['..', 'wink', 'gt', 'lt']"
2713,1957611608,hate,; keeps getting such delayed responses. why is my internet so messed up?!,"['keep', 'getting', 'delayed', 'response', 'internet', 'messed']"
2746,1957617413,hate,is not paying ï¿½8 per hr for Internet access so may be limited to Twitter via txt,"['paying', 'ï¿½8', 'per', 'hr', 'Internet', 'access', 'may', 'limited', 'Twitter', 'via', 'txt']"
2786,1957627730,hate,"I remember when Vanessa first stepped on to the scene. She would give it up to the paps!  Now shes 2 famous I guess. Use us, abuse us!","['remember', 'Vanessa', 'first', 'stepped', 'scene', 'would', 'give', 'pap', 'shes', 'famous', 'guess', 'Use', 'u', 'abuse', 'u']"
2794,1957629394,hate,Was woken up by my screamin lil nefuew,"['woken', 'screamin', 'lil', 'nefuew']"
2872,1957643801,hate,As predicted i feel lyk shit  gahh i hate bein ill!! At wrk tweet lata xx,"['predicted', 'feel', 'lyk', 'shit', 'gahh', 'hate', 'bein', 'ill', 'wrk', 'tweet', 'lata', 'xx']"
2902,1957650945,hate,I feel so useless,"['feel', 'useless']"
2904,1957652124,hate,awhile ago it freaking hot! now it's wet  turn off!,"['awhile', 'ago', 'freaking', 'hot', ""'s"", 'wet', 'turn']"
2931,1957657765,hate,@x_Beckiie_x omg are you going to see it?! another reason to not live in devon none of the f***in cinemas have the film im so annoyed,"['x_Beckiie_x', 'omg', 'going', 'see', 'another', 'reason', 'live', 'devon', 'none', 'f', 'cinema', 'film', 'im', 'annoyed']"
2933,1957657992,hate,Aaaaaaaa!! I hate fucking winshit!!,"['Aaaaaaaa', 'hate', 'fucking', 'winshit']"
2935,1957658212,hate,"Think it may be time for a  lemsip soon, having a cold really sucks","['Think', 'may', 'time', 'lemsip', 'soon', 'cold', 'really', 'suck']"
2955,1957663637,hate,@alexlomas Bastard! I want to be at the beach in the sun,"['alexlomas', 'Bastard', 'want', 'beach', 'sun']"
2963,1957664578,hate,I bruised my toe worse than my I did my finger. It fuckin hurts right now even with ice on it,"['bruised', 'toe', 'worse', 'finger', 'fuckin', 'hurt', 'right', 'even', 'ice']"
2965,1957665077,hate,"@ShiGGaShay - I only get bubble tea during the cambodian new year - only once a year  &amp; when i do, i stand in line for over 10-15 min.","['ShiGGaShay', 'get', 'bubble', 'tea', 'cambodian', 'new', 'year', 'year', 'amp', 'stand', 'line', '10-15', 'min']"
2981,1957670571,hate,@Sarahies I will be ok when I have been to the drs again today and got my essay done  x howre you?? x,"['Sarahies', 'ok', 'drs', 'today', 'got', 'essay', 'done', 'x', 'howre', 'x']"
2997,1957673742,hate,Geography papers are so boring!  I hate revision!,"['Geography', 'paper', 'boring', 'hate', 'revision']"
3003,1957674693,hate,"urgh, my head is banging.","['urgh', 'head', 'banging']"
3010,1957675512,hate,@robinlefeber Ojee! That sucks...,"['robinlefeber', 'Ojee', 'suck', '...']"
3029,1957679893,hate,Oh fml its probs gunna be at shepards bush  i hate it there,"['Oh', 'fml', 'probs', 'gunna', 'shepard', 'bush', 'hate']"
3038,1957681827,hate,Anyone got any remedies for neck pain? Haven't been able to turn my head properly without a bad twinge for a few days now,"['Anyone', 'got', 'remedy', 'neck', 'pain', ""n't"", 'able', 'turn', 'head', 'properly', 'without', 'bad', 'twinge', 'day']"
3049,1957686686,hate,My record player has decided to die. Why on Friday night? Sad E  http://twitpic.com/667a4,"['record', 'player', 'decided', 'die', 'Friday', 'night', 'Sad', 'E', 'http', '//twitpic.com/667a4']"
3058,1957689210,hate,I can't sleep ugh!! and I have shit to do all damn day tomorrow. Wanting to take a sleeping pill but I know Ill get up late,"['ca', ""n't"", 'sleep', 'ugh', 'shit', 'damn', 'day', 'tomorrow', 'Wanting', 'take', 'sleeping', 'pill', 'know', 'Ill', 'get', 'late']"
3083,1957696481,hate,@maddieprior mother is hogging the TV,"['maddieprior', 'mother', 'hogging', 'TV']"
3124,1957706885,hate,Hates headaches! Maybe I'm not ready to rock,"['Hates', 'headache', 'Maybe', ""'m"", 'ready', 'rock']"
3127,1957708099,hate,@razzbingo britain is shit,"['razzbingo', 'britain', 'shit']"
3156,1957714342,hate,@nicko236 It was an app that changed your wallpaper to one of several hundred at random intervals. It's hard to find good wallpapers.,"['nicko236', 'app', 'changed', 'wallpaper', 'one', 'several', 'hundred', 'random', 'interval', ""'s"", 'hard', 'find', 'good', 'wallpaper']"
3224,1957731297,hate,"trying to get used to twitter, i have a cold","['trying', 'get', 'used', 'twitter', 'cold']"
3246,1957738262,hate,preparing for my spanish.. BAAAAAAAAAAH,"['preparing', 'spanish', '..', 'BAAAAAAAAAAH']"
3266,1957742569,hate,I am so damn hungry it's not even funny!,"['damn', 'hungry', ""'s"", 'even', 'funny']"
3281,1957744649,hate,@cynimarie p.s. There is such thing as having too much sushi! Bleeeeah!,"['cynimarie', 'p.s', 'thing', 'much', 'sushi', 'Bleeeeah']"
3290,1957745868,hate,What a gorgeous day!! And I'm going to be stuck in a lab for the next 9 hours or so,"['gorgeous', 'day', ""'m"", 'going', 'stuck', 'lab', 'next', 'hour']"
3346,1957759997,hate,i'm sick of waking up and feeling exhausted,"[""'m"", 'sick', 'waking', 'feeling', 'exhausted']"
3362,1957762612,hate,hate this fucking cold. i can't stop sneezing. and claratyne only works for an hr or 2,"['hate', 'fucking', 'cold', 'ca', ""n't"", 'stop', 'sneezing', 'claratyne', 'work', 'hr']"
3403,1958041749,hate,in the mailbox already for 2 hours,"['mailbox', 'already', 'hour']"
3412,1958042965,hate,@JeremyTheXIV i take it you're not a fan,"['JeremyTheXIV', 'take', ""'re"", 'fan']"
3429,1958046178,hate,@lordofleisure Will have to it's only across the water and all. Just damned expensive,"['lordofleisure', ""'s"", 'across', 'water', 'damned', 'expensive']"
3434,1958047558,hate,i can't studyyyyyyyyyyyyyyyyyyyyyyyyy  i have an exam tom,"['ca', ""n't"", 'studyyyyyyyyyyyyyyyyyyyyyyyyy', 'exam', 'tom']"
3451,1958050811,hate,i know i was wrong. maybe i shouldnt did all of those fuckin things like that,"['know', 'wrong', 'maybe', 'shouldnt', 'fuckin', 'thing', 'like']"
3471,1958054216,hate,Hey now that I'm on a roll everybody in twitter-ville is sleeping  grrr I never WIN :/ http://myloc.me/1Y2J,"['Hey', ""'m"", 'roll', 'everybody', 'twitter-ville', 'sleeping', 'grrr', 'never', 'WIN', 'http', '//myloc.me/1Y2J']"
3475,1958055436,hate,"Sick, sick, sick. This sucks. i can't even breathe properly","['Sick', 'sick', 'sick', 'suck', 'ca', ""n't"", 'even', 'breathe', 'properly']"
3490,1958058819,hate,sick of having constant bad dreams  grr,"['sick', 'constant', 'bad', 'dream', 'grr']"
3502,1958061850,hate,@Jenniferlai7 What can you say about Jayk??I'm pretty pissed at pretty much everything right now,"['Jenniferlai7', 'say', 'Jayk', ""'m"", 'pretty', 'pissed', 'pretty', 'much', 'everything', 'right']"
3580,1958079779,hate,trying to draw some manga/anime for our new website ... very bad idea!   http://bit.ly/k6iOv,"['trying', 'draw', 'manga/anime', 'new', 'website', '...', 'bad', 'idea', 'http', '//bit.ly/k6iOv']"
3615,1958087984,hate,Aww.. I lost 3 followers.  FOLLOW ME !,"['Aww', '..', 'lost', 'follower', 'FOLLOW']"
3630,1958091165,hate,don't want to go!!!,"[""n't"", 'want', 'go']"
3632,1958091205,hate,"@nixsight  yes indeed, makes it a bitch to try and design universally","['nixsight', 'yes', 'indeed', 'make', 'bitch', 'try', 'design', 'universally']"
3680,1958101472,hate,IS ANYONE AWAKE?!?!?!?! oh my god i am dying here. i want to go to SLEEEEEEEEEEEEEEEEEEEEEEEEEEEEEEEEEEEEEEEEEEEEEEEEEEEEEEEEEEEP. :[,"['ANYONE', 'AWAKE', 'oh', 'god', 'dying', 'want', 'go', 'SLEEEEEEEEEEEEEEEEEEEEEEEEEEEEEEEEEEEEEEEEEEEEEEEEEEEEEEEEEEEP']"
3694,1958104512,hate,"@gerald_d I can't view anything, Gerald. Not only am I banned, I can't even read the damn place.","['gerald_d', 'ca', ""n't"", 'view', 'anything', 'Gerald', 'banned', 'ca', ""n't"", 'even', 'read', 'damn', 'place']"
3695,1958104863,hate,I am NOT in the mood for a long car drive,"['mood', 'long', 'car', 'drive']"
3742,1958115796,hate,http://bit.ly/147HEU  - don't judge me. tucking myself in tonight  mogwai on repeat,"['http', '//bit.ly/147HEU', ""n't"", 'judge', 'tucking', 'tonight', 'mogwai', 'repeat']"
3753,1958117612,hate,Getting very frustrated by people who don't know what they want... can't wait to go home tonight...,"['Getting', 'frustrated', 'people', ""n't"", 'know', 'want', '...', 'ca', ""n't"", 'wait', 'go', 'home', 'tonight', '...']"
3758,1958119313,hate,@tweetie Why do I have to enter my registration details every time I update?,"['tweetie', 'enter', 'registration', 'detail', 'every', 'time', 'update']"
3761,1958119443,hate,@CheskieBear gosh! i hate it. my school will start in monday too.  and my classes will start 6.00 and end at 12.00 i'll never had a chance,"['CheskieBear', 'gosh', 'hate', 'school', 'start', 'monday', 'class', 'start', '6.00', 'end', '12.00', ""'ll"", 'never', 'chance']"
3764,1958119955,hate,"@lordlucan i had terrible trouble with 'sp' words as a child, would drop the 's' pider, pade etc, needed lessons. bad memories","['lordlucan', 'terrible', 'trouble', ""'sp"", 'word', 'child', 'would', 'drop', ""'s"", 'pider', 'pade', 'etc', 'needed', 'lesson', 'bad', 'memory']"
3792,1958123382,hate,@GarethCliff Oh stop boasting already.  I've got a horrible piece o' crap cellphone.  *pulls a tongue*,"['GarethCliff', 'Oh', 'stop', 'boasting', 'already', ""'ve"", 'got', 'horrible', 'piece', 'crap', 'cellphone', 'pull', 'tongue']"
3803,1958126712,hate,hates having to be at work for six am,"['hate', 'work', 'six']"
3815,1958128173,hate,Fed up today        No-one's available for comment,"['Fed', 'today', 'No-one', ""'s"", 'available', 'comment']"
3825,1958131790,hate,@Tolman21 I was asleep until my brother woke me up asking me if I ate the rest of the frosted mini wheats. I can't go back to sleep.,"['Tolman21', 'asleep', 'brother', 'woke', 'asking', 'ate', 'rest', 'frosted', 'mini', 'wheat', 'ca', ""n't"", 'go', 'back', 'sleep']"
3937,1960145467,hate,@luketurcotte Not having Hulu in Germany sucks,"['luketurcotte', 'Hulu', 'Germany', 'suck']"
3938,1960145634,hate,I can't think of a way to express in 140 chars how disspointed I am with the advertising on Lifehacker's Why I Didn't Buy A Mac article.,"['ca', ""n't"", 'think', 'way', 'express', '140', 'char', 'disspointed', 'advertising', 'Lifehacker', ""'s"", ""n't"", 'Buy', 'Mac', 'article']"
3944,1960147587,hate,"want to read twilight all day, not work at the stupid cher function","['want', 'read', 'twilight', 'day', 'work', 'stupid', 'cher', 'function']"
3984,1960157324,hate,"@EricMM76 What's sad is that I actually had to google that term. That sucks, tho.","['EricMM76', ""'s"", 'sad', 'actually', 'google', 'term', 'suck', 'tho']"
3995,1960160266,hate,not sure why I can't get tweetdeck to work on my computer. want to know what all of the hype is about,"['sure', 'ca', ""n't"", 'get', 'tweetdeck', 'work', 'computer', 'want', 'know', 'hype']"
4014,1960167394,hate,suffering benadryl hangover this morning and a killer headache.... ugh!,"['suffering', 'benadryl', 'hangover', 'morning', 'killer', 'headache', '....', 'ugh']"
4020,1960168482,hate,@gprado Awww I HATE that one!!,"['gprado', 'Awww', 'HATE', 'one']"
4029,1960169784,hate,@KinanLW I live in the Philippines. &gt;.&lt; and honestly i wanna live somewhere with snow!!,"['KinanLW', 'live', 'Philippines', 'gt', 'lt', 'honestly', 'wan', 'na', 'live', 'somewhere', 'snow']"
4034,1960190630,hate,"sorry paul scheuring, but prison break series finale sucked... in so many levels","['sorry', 'paul', 'scheuring', 'prison', 'break', 'series', 'finale', 'sucked', '...', 'many', 'level']"
4054,1960196628,hate,ugh damn! my usual babysitters graduation is on Wednesday and I just got a meeting request from my boss during her graduation,"['ugh', 'damn', 'usual', 'babysitter', 'graduation', 'Wednesday', 'got', 'meeting', 'request', 'bos', 'graduation']"
4073,1960201189,hate,school is so pointlesss. seriously though. 7 days of school left and all we do is watch movies and make powerpoints. let me leaveeee,"['school', 'pointlesss', 'seriously', 'though', 'day', 'school', 'left', 'watch', 'movie', 'make', 'powerpoints', 'let', 'leaveeee']"
4076,1960202575,hate,&quot;I'm giving up on you. I don't care how you mess up your life now.&quot;... :'(,"['quot', ""'m"", 'giving', ""n't"", 'care', 'mess', 'life', 'now.', 'quot', '...']"
4105,1960208219,hate,"@cskly Kev, fuck off! I'm stuck in Westgate working","['cskly', 'Kev', 'fuck', ""'m"", 'stuck', 'Westgate', 'working']"
4118,1960211665,hate,My generation is too fucking apathetic to party down in the desert. 30+ knows how to have fun and my age group is generation myspace?,"['generation', 'fucking', 'apathetic', 'party', 'desert', '30+', 'know', 'fun', 'age', 'group', 'generation', 'myspace']"
4122,1960213062,hate,I never get invited to go anywhere,"['never', 'get', 'invited', 'go', 'anywhere']"
4132,1960216859,hate,"Sighs, well I accidentally clicked back space on my mouse","['Sighs', 'well', 'accidentally', 'clicked', 'back', 'space', 'mouse']"
4172,1960259808,hate,I hate packing,"['hate', 'packing']"
4180,1960260938,hate,Seems like everyone I know is asking for computer help...   kill me now,"['Seems', 'like', 'everyone', 'know', 'asking', 'computer', 'help', '...', 'kill']"
4188,1960263209,hate,When r these DAMN exams ever gone b over and done with?  i wanna b out in the sun,"['r', 'DAMN', 'exam', 'ever', 'gone', 'b', 'done', 'wan', 'na', 'b', 'sun']"
4203,1960267316,hate,unemployment office sucks,"['unemployment', 'office', 'suck']"
4224,1960295364,hate,Can I get some gd news for gods sake,"['get', 'gd', 'news', 'god', 'sake']"
4225,1960295566,hate,I am doing Geography Revision on Earthquakes!  How Boring!!,"['Geography', 'Revision', 'Earthquakes', 'Boring']"
4229,1960296269,hate,What a burden. Abit of a fail lunch with Dan,"['burden', 'Abit', 'fail', 'lunch', 'Dan']"
4236,1960297237,hate,"Right, fuck the whole Twitter silence experiment. The last four days have been murder with the inability to mouth off","['Right', 'fuck', 'whole', 'Twitter', 'silence', 'experiment', 'last', 'four', 'day', 'murder', 'inability', 'mouth']"
4302,1960319421,hate,THE SUN IS SHINING&lt; THE SKY IS FACKING BLUE&lt; TELETUBBIES? I HAVE TO FUCKING WORK.,"['SUN', 'SHINING', 'lt', 'SKY', 'FACKING', 'BLUE', 'lt', 'TELETUBBIES', 'FUCKING', 'WORK']"
4311,1960321986,hate,@Jimmers31 U so dirrrrrty... Why oh why did I pick the Hawks  I figured I needed a longshot and they were a better bet than CAR,"['Jimmers31', 'U', 'dirrrrrty', '...', 'oh', 'pick', 'Hawks', 'figured', 'needed', 'longshot', 'better', 'bet', 'CAR']"
4333,1960326887,hate,"super late for work, and got an earful from the PSYCHOPATH. GRRRR! Day, please get better","['super', 'late', 'work', 'got', 'earful', 'PSYCHOPATH', 'GRRRR', 'Day', 'please', 'get', 'better']"
4334,1960327138,hate,@jojeda I'm a minute in and I want to strangle the used car salesman doing the presentation. Is he related to the ShamWOW guy?,"['jojeda', ""'m"", 'minute', 'want', 'strangle', 'used', 'car', 'salesman', 'presentation', 'related', 'ShamWOW', 'guy']"
4343,1960328274,hate,rt : @LiLi214 ughhhh got fuckin pulled over for talkin on my cell in a school zone  FUCK HIGHLAND PARK POLICE rude mofo,"['rt', 'LiLi214', 'ughhhh', 'got', 'fuckin', 'pulled', 'talkin', 'cell', 'school', 'zone', 'FUCK', 'HIGHLAND', 'PARK', 'POLICE', 'rude', 'mofo']"
4356,1960330631,hate,Im sure the 5 ppl who came in after me will be seen by a dentist before I will,"['Im', 'sure', 'ppl', 'came', 'seen', 'dentist']"
4366,1960337145,hate,"@dmolsen Gain an instant follower, just use the #tits tag in a tweet. WTF? Lesson learned, Summer of Todd to get a new *official* tag.","['dmolsen', 'Gain', 'instant', 'follower', 'use', 'tit', 'tag', 'tweet', 'WTF', 'Lesson', 'learned', 'Summer', 'Todd', 'get', 'new', 'official', 'tag']"
4396,1960345955,hate,"Stuck in an office, red hot","['Stuck', 'office', 'red', 'hot']"
4428,1960376885,hate,Really? 87 degrees as the high and I'm on my way to work?!?  hagg lake tomorrow is going to be especially bomb sauce!!,"['Really', '87', 'degree', 'high', ""'m"", 'way', 'work', 'hagg', 'lake', 'tomorrow', 'going', 'especially', 'bomb', 'sauce']"
4444,1960380177,hate,http://twitpic.com/66mw1 - My poor car,"['http', '//twitpic.com/66mw1', 'poor', 'car']"
4480,1960388281,hate,@chellemariee I have my 830 class  fuckin school! what time you work wed? if jade comes ima have to get her in antioch at amtrak.,"['chellemariee', '830', 'class', 'fuckin', 'school', 'time', 'work', 'wed', 'jade', 'come', 'ima', 'get', 'antioch', 'amtrak']"
4485,1960389973,hate,@iskrin rubbish!,"['iskrin', 'rubbish']"
4544,1960432151,hate,Some idiot just crashed into me on his bike.  Now my bike has a small dent in it and I have to buy a new set of pedals,"['idiot', 'crashed', 'bike', 'bike', 'small', 'dent', 'buy', 'new', 'set', 'pedal']"
4552,1960434330,hate,Locked out of my fucking house!,"['Locked', 'fucking', 'house']"
4568,1960445717,hate,Trying to recover photos after a problem between Windows and my XD card. Result: shots are all half visible  damn Microsoft...,"['Trying', 'recover', 'photo', 'problem', 'Windows', 'XD', 'card', 'Result', 'shot', 'half', 'visible', 'damn', 'Microsoft', '...']"
4591,1960450682,hate,i hate history coursework sooo much,"['hate', 'history', 'coursework', 'sooo', 'much']"
4601,1960452123,hate,"just got a haircut, NOT happy!","['got', 'haircut', 'happy']"
4665,1960467237,hate,"Tweetiful people, I am sick.","['Tweetiful', 'people', 'sick']"
4671,1960468825,hate,@VVbrown It just sucks that I'm stuck in an office  but I have you at Selfridges to look forward too.,"['VVbrown', 'suck', ""'m"", 'stuck', 'office', 'Selfridges', 'look', 'forward']"
4683,1960470985,hate,@Andy_Hawk @andy_sims works sucks without being able to stream KWOD,"['Andy_Hawk', 'andy_sims', 'work', 'suck', 'without', 'able', 'stream', 'KWOD']"
4686,1960471609,hate,i hate feeling like this about him  i need a break away from everyone... as soon as exams are over i'm defo off to portsmouth for a bit,"['hate', 'feeling', 'like', 'need', 'break', 'away', 'everyone', '...', 'soon', 'exam', ""'m"", 'defo', 'portsmouth', 'bit']"
4717,1960491550,hate,"EVIL CREDIT CARD COMPANIES!!  God, and just when I was starting to *build* my credit again - I get this stupid 'ding' from them!","['EVIL', 'CREDIT', 'CARD', 'COMPANIES', 'God', 'starting', 'build', 'credit', 'get', 'stupid', ""'ding""]"
4721,1960492280,hate,Gahh ! This weather sucksss !,"['Gahh', 'weather', 'sucksss']"
4722,1960492385,hate,I really like how the weather widget on imac and iphone always predict different weather...not!,"['really', 'like', 'weather', 'widget', 'imac', 'iphone', 'always', 'predict', 'different', 'weather', '...']"
4725,1960493100,hate,@ryanmtedder He is the truth! But what about Maxwell? You can't forget the future father of my children!,"['ryanmtedder', 'truth', 'Maxwell', 'ca', ""n't"", 'forget', 'future', 'father', 'child']"
4737,1960496025,hate,"urgh, i really hate that medicine","['urgh', 'really', 'hate', 'medicine']"
4781,1960510011,hate,feels so used I hate guys grrrr,"['feel', 'used', 'hate', 'guy', 'grrrr']"
4785,1960511071,hate,@erinealberty that sucks!,"['erinealberty', 'suck']"
4796,1960513742,hate,@ZomberellaMcFox not a fan,"['ZomberellaMcFox', 'fan']"
4800,1960514549,hate,Kyles going out of town this weekend  play time wif my fwiends. Rawrrr.,"['Kyles', 'going', 'town', 'weekend', 'play', 'time', 'wif', 'fwiends', 'Rawrrr']"
4813,1960517774,hate,@principalspage Grrr. We don't finish until July 3rd.,"['principalspage', 'Grrr', ""n't"", 'finish', 'July', '3rd']"
4817,1960520195,hate,"can't gauge the time of day in my office anymore... It's worse than a friggin' casino in here... no waitresses, smoking, or booze","['ca', ""n't"", 'gauge', 'time', 'day', 'office', 'anymore', '...', ""'s"", 'worse', 'friggin', 'casino', '...', 'waitress', 'smoking', 'booze']"
4818,1960520203,hate,@chevale my internet is being a ***** again!!! wtf. i think im gonna sleep afterward. internet is driving me crazyyy!,"['chevale', 'internet', 'wtf', 'think', 'im', 'gon', 'na', 'sleep', 'afterward', 'internet', 'driving', 'crazyyy']"
4822,1960521178,hate,"Back in Glasgow, stuck in traffic on the M8","['Back', 'Glasgow', 'stuck', 'traffic', 'M8']"
4824,1960521642,hate,@BrittanyASnow omgsh i know  i'm dealing with that rite now. its no fun!,"['BrittanyASnow', 'omgsh', 'know', ""'m"", 'dealing', 'rite', 'fun']"
4863,1960537095,hate,Getting ready for week  Its too nice today to be stuck inside working!,"['Getting', 'ready', 'week', 'nice', 'today', 'stuck', 'inside', 'working']"
4866,1960537689,hate,I hate going to the dr  just wasted 1 hour and a half for them to say my back pain is probly depression or stress. Duhh! I need it fixed,"['hate', 'going', 'dr', 'wasted', 'hour', 'half', 'say', 'back', 'pain', 'probly', 'depression', 'stress', 'Duhh', 'need', 'fixed']"
4900,1960553547,hate,FML. . .i have the worst paper cut on my knuckle from all the papers i was handling. i hat this damn research paper!!!,"['FML', '.i', 'worst', 'paper', 'cut', 'knuckle', 'paper', 'handling', 'hat', 'damn', 'research', 'paper']"
4911,1960556834,hate,i HATE U.S. history,"['HATE', 'U.S.', 'history']"
4919,1960559618,hate,"aahhh! nyc placements have started to come out, but it looks like upgrades have to wait yet another two weeks for placements! dreadfully","['aahhh', 'nyc', 'placement', 'started', 'come', 'look', 'like', 'upgrade', 'wait', 'yet', 'another', 'two', 'week', 'placement', 'dreadfully']"
4944,1960565849,hate,lousy mofo landlord.   need to focus on kid's packing but cant . nevermind sew sleeping bag,"['lousy', 'mofo', 'landlord', 'need', 'focus', 'kid', ""'s"", 'packing', 'cant', 'nevermind', 'sew', 'sleeping', 'bag']"
4951,1960567413,hate,Ugh! I can't access through my mobile web!,"['Ugh', 'ca', ""n't"", 'access', 'mobile', 'web']"
4953,1960568036,hate,@lishreece She has her perfect moments. She just broke one of the tiles on the floor in the hallway. I don't find her very perfect now.,"['lishreece', 'perfect', 'moment', 'broke', 'one', 'tile', 'floor', 'hallway', ""n't"", 'find', 'perfect']"
4979,1960577807,hate,@yerex UGH I HATE QUEUEING,"['yerex', 'UGH', 'HATE', 'QUEUEING']"
5011,1960585833,hate,Weather sucks!!... It's raining again!!,"['Weather', 'suck', '...', ""'s"", 'raining']"
5019,1960589365,hate,hates this weather,"['hate', 'weather']"
5080,1960610523,hate,FACT 1: iHate DirecTV OnDemand w/a passion that burns w/the white hot intensity of 1000 suns. FACT 2: iMiss Comcast. Like a lot,"['FACT', 'iHate', 'DirecTV', 'OnDemand', 'w/a', 'passion', 'burn', 'w/the', 'white', 'hot', 'intensity', '1000', 'sun', 'FACT', 'iMiss', 'Comcast', 'Like', 'lot']"
5103,1960620358,hate,Yukky  Rainy Friday,"['Yukky', 'Rainy', 'Friday']"
5106,1960621228,hate,I was awoken by loud banging and it continues all day  Good thing I got an early rest last night!,"['awoken', 'loud', 'banging', 'continues', 'day', 'Good', 'thing', 'got', 'early', 'rest', 'last', 'night']"
5115,1960623470,hate,@TheColorAbi That sounds shitty too.,"['TheColorAbi', 'sound', 'shitty']"
5125,1960626773,hate,"@To_The_Moon Hiya hun! It's just not my day. Dentist appointment (ouch!),notebook being a bitch. Feeling sick  How's you?","['To_The_Moon', 'Hiya', 'hun', ""'s"", 'day', 'Dentist', 'appointment', 'ouch', 'notebook', 'bitch', 'Feeling', 'sick', ""'s""]"
5131,1960627700,hate,Infamous should have arrived today. But it didn't...,"['Infamous', 'arrived', 'today', ""n't"", '...']"
5132,1960627797,hate,@davenavarro6767  it so sucks not having fast internet   dial up sucks everything takes to long to load no way i would have won,"['davenavarro6767', 'suck', 'fast', 'internet', 'dial', 'suck', 'everything', 'take', 'long', 'load', 'way', 'would']"
5138,1960629157,hate,@Aubs my thoughts exactly re: leaving my 3 dogs. They al hate when they see the luggage come out,"['Aubs', 'thought', 'exactly', 'leaving', 'dog', 'al', 'hate', 'see', 'luggage', 'come']"
5150,1960631522,hate,@db412 Amen to that! My vitamins made me so ill  I felt better before i started taking them!,"['db412', 'Amen', 'vitamin', 'made', 'ill', 'felt', 'better', 'started', 'taking']"
5173,1960662133,hate,@LAKEVIA @kingdobson dont listen..he do him..but I tried not taking a nap yesterday and I still was up til 1am and than I got up at 7am,"['LAKEVIA', 'kingdobson', 'dont', 'listen', '..', '..', 'tried', 'taking', 'nap', 'yesterday', 'still', 'til', '1am', 'got', '7am']"
5247,1960708072,hate,i have no idea wtf im doing,"['idea', 'wtf', 'im']"
5325,1960755212,hate,i hate the biatches of this world,"['hate', 'biatches', 'world']"
5338,1960758189,hate,I hate when it's cloudy. I either want it to be all sunny or raining. It's cloudy,"['hate', ""'s"", 'cloudy', 'either', 'want', 'sunny', 'raining', ""'s"", 'cloudy']"
5342,1960758936,hate,I have had it with job hunting. I try all day and nothing works  I bet I couldn't even work at the strip club because of my cider belly!,"['job', 'hunting', 'try', 'day', 'nothing', 'work', 'bet', 'could', ""n't"", 'even', 'work', 'strip', 'club', 'cider', 'belly']"
5356,1960761194,hate,@LRon_Jaii :-S weirdo leave him alone,"['LRon_Jaii', '-S', 'weirdo', 'leave', 'alone']"
5397,1960811720,hate,"ow, I just rolled over my toe with my desk chair.","['ow', 'rolled', 'toe', 'desk', 'chair']"
5412,1960815185,hate,@RoTone u suck! had i went to jail i couldnt tweet anymore,"['RoTone', 'u', 'suck', 'went', 'jail', 'couldnt', 'tweet', 'anymore']"
5423,1960817237,hate,Got the sniffles   I SO don't want to get sick - I don't need this.,"['Got', 'sniffle', ""n't"", 'want', 'get', 'sick', ""n't"", 'need']"
5424,1960817356,hate,"Just got woken up by my mom... Our ENTIRE first floor is flooded. All our furniture, curtains, moms expensive rugs.... Soaked and ruined","['got', 'woken', 'mom', '...', 'ENTIRE', 'first', 'floor', 'flooded', 'furniture', 'curtain', 'mom', 'expensive', 'rug', '....', 'Soaked', 'ruined']"
5468,1960862935,hate,@mcpactions bugger didn't know that  shame people have to stick there nose in!,"['mcpactions', 'bugger', ""n't"", 'know', 'shame', 'people', 'stick', 'nose']"
5470,1960863696,hate,I HATE FLORISTS  No rose for cassadee tomorrow now =/ fricken fag florist people ={ hmm..need something else...hmm...,"['HATE', 'FLORISTS', 'rose', 'cassadee', 'tomorrow', '=/', 'fricken', 'fag', 'florist', 'people', 'hmm', '..', 'need', 'something', 'else', '...', 'hmm', '...']"
5512,1960900130,hate,@doug251192 not impressed....! it might go away if you complain too much!  x,"['doug251192', 'impressed', '....', 'might', 'go', 'away', 'complain', 'much', 'x']"
5518,1960901387,hate,i hate my new section this school year.. huhu..,"['hate', 'new', 'section', 'school', 'year', '..', 'huhu', '..']"
5532,1960903539,hate,Stupid kubuntu keeps on freezing on me. I thought linux never freezes,"['Stupid', 'kubuntu', 'keep', 'freezing', 'thought', 'linux', 'never', 'freeze']"
5534,1960904269,hate,"@charlej47's going to Disney World, lucky bitch.","['charlej47', ""'s"", 'going', 'Disney', 'World', 'lucky', 'bitch']"
5557,1960909186,hate,"TGIF I don't like 12 hour workdays  I need to stand up, run around 4 a while.... too much sitting!!! Plus, I have honest ade tea 2day! YAY","['TGIF', ""n't"", 'like', 'hour', 'workday', 'need', 'stand', 'run', 'around', '....', 'much', 'sitting', 'Plus', 'honest', 'ade', 'tea', '2day', 'YAY']"
5561,1960909337,hate,@EddieMalone yeah sucks eh!,"['EddieMalone', 'yeah', 'suck', 'eh']"
5573,1960911806,hate,"@michelleflores Michelle, I slept for 11 hours last night. I'm still stick with this fever.","['michelleflores', 'Michelle', 'slept', '11', 'hour', 'last', 'night', ""'m"", 'still', 'stick', 'fever']"
5599,1960945928,hate,ive very picky about what i put in my mouth. i hate onions. they make me cry  ),"['ive', 'picky', 'put', 'mouth', 'hate', 'onion', 'make', 'cry']"
5625,1960953375,hate,in about half a hour i'm going to my english lesson...guess i'll have to wait...and wait for a couple hours so i'm over with it.(( :S   )),"['half', 'hour', ""'m"", 'going', 'english', 'lesson', '...', 'guess', ""'ll"", 'wait', '...', 'wait', 'couple', 'hour', ""'m""]"
5639,1960955243,hate,This class is really long and I'm really getting hungry,"['class', 'really', 'long', ""'m"", 'really', 'getting', 'hungry']"
5674,1960996843,hate,GIVE A HATER A Hug ? Why would you do that? I don't like mwean people,"['GIVE', 'HATER', 'Hug', 'would', ""n't"", 'like', 'mwean', 'people']"
5694,1961000803,hate,@trvsbrkr it's not working here,"['trvsbrkr', ""'s"", 'working']"
5716,1961005299,hate,Stupid MSN It wont let me onnnn,"['Stupid', 'MSN', 'wont', 'let', 'onnnn']"
5717,1961005304,hate,"so disappointed with human kind   &quot;What's wrong with the world?&quot;  I have five girls in the garden, innocently enjoying the good weather...","['disappointed', 'human', 'kind', 'quot', ""'s"", 'wrong', 'world', 'quot', 'five', 'girl', 'garden', 'innocently', 'enjoying', 'good', 'weather', '...']"
5719,1961005515,hate,Working  god I hate it haha,"['Working', 'god', 'hate', 'haha']"
5732,1961035377,hate,@sarahchambers19 Ooo you is back!  Good time? and argh! It hurtssssssssssssssssssssssssssssssssss!  Xx Hate headaches!,"['sarahchambers19', 'Ooo', 'back', 'Good', 'time', 'argh', 'hurtssssssssssssssssssssssssssssssssss', 'Xx', 'Hate', 'headache']"
5759,1961040864,hate,fuck you ipod for freezing when i need you most,"['fuck', 'ipod', 'freezing', 'need']"
5776,1961045240,hate,@daisyamy me too i hate revision,"['daisyamy', 'hate', 'revision']"
5793,1961049714,hate,@Cheapflights_uk  o2 - train from Bristol to London. It's terrible - and no wifi,"['Cheapflights_uk', 'o2', 'train', 'Bristol', 'London', ""'s"", 'terrible', 'wifi']"
5816,1961060738,hate,@Katt53 no news on the kid. They can't find the parent!,"['Katt53', 'news', 'kid', 'ca', ""n't"", 'find', 'parent']"
5828,1961063322,hate,stupid HIP!! I hate you!! And I can't even break in my new kicks!!!  GRRRR!,"['stupid', 'HIP', 'hate', 'ca', ""n't"", 'even', 'break', 'new', 'kick', 'GRRRR']"
5843,1961066579,hate,@RobbiedaKid no I was too slow  I hate getting the trailhead then not getting in.,"['RobbiedaKid', 'slow', 'hate', 'getting', 'trailhead', 'getting']"
5859,1961078703,hate,just thought about how unfair 3 ppl have been 2 me n got depressed again  HATERS!!!,"['thought', 'unfair', 'ppl', 'n', 'got', 'depressed', 'HATERS']"
5879,1961082612,hate,A thursday. Is that REALLY necessary @jonasbrothers ? Have u ever heard of school and horrible mums,"['thursday', 'REALLY', 'necessary', 'jonasbrothers', 'u', 'ever', 'heard', 'school', 'horrible', 'mum']"
5890,1961085313,hate,"We waste way too much paper @ the office... for nothing worthy, that almost disgust me","['waste', 'way', 'much', 'paper', 'office', '...', 'nothing', 'worthy', 'almost', 'disgust']"
5943,1961099229,hate,im tweeting... this is so hard... i dont get it...,"['im', 'tweeting', '...', 'hard', '...', 'dont', 'get', '...']"
5946,1961100965,hate,@Cyhwuhx You look nothing like your Twitter avatar!,"['Cyhwuhx', 'look', 'nothing', 'like', 'Twitter', 'avatar']"
5964,1961104398,hate,hate living down here in fl. missing GA like crazy...like they say you dont know what you got till its gone  GA on my mind,"['hate', 'living', 'fl', 'missing', 'GA', 'like', 'crazy', '...', 'like', 'say', 'dont', 'know', 'got', 'till', 'gone', 'GA', 'mind']"
5988,1961109025,hate,i have geographie next  and I HATE IT!!!!!!!,"['geographie', 'next', 'HATE']"
6034,1961129232,hate,I hate that I am so stinkin tired everyday!  It's so hard to get up...I thought I was supposed to start getting energy back now.,"['hate', 'stinkin', 'tired', 'everyday', ""'s"", 'hard', 'get', '...', 'thought', 'supposed', 'start', 'getting', 'energy', 'back']"
6045,1961132017,hate,fuck you tony,"['fuck', 'tony']"
6060,1961135354,hate,"Is waiting, yet again. please, just let this to be over","['waiting', 'yet', 'please', 'let']"
6079,1961140626,hate,Open office &quot;writer&quot; is weird. I need Word to open word documents correctly,"['Open', 'office', 'quot', 'writer', 'quot', 'weird', 'need', 'Word', 'open', 'word', 'document', 'correctly']"
6134,1961152655,hate,Shower. Then back to bed. So sick still.,"['Shower', 'back', 'bed', 'sick', 'still']"
6137,1961153858,hate,Weather sucks. APUSH filming has become a maybe  At least banquet is tonight,"['Weather', 'suck', 'APUSH', 'filming', 'become', 'maybe', 'least', 'banquet', 'tonight']"
6161,1961173792,hate,im grounded tonight  i hate stupid silent mode,"['im', 'grounded', 'tonight', 'hate', 'stupid', 'silent', 'mode']"
6163,1961174215,hate,Then back to fucking school,"['back', 'fucking', 'school']"
6171,1961174926,hate,"@ThePaul it's a modded 360, so you can't send it back?  That Red Ring of Death sucks!  It took weeks to get mine back from Microsoft.","['ThePaul', ""'s"", 'modded', '360', 'ca', ""n't"", 'send', 'back', 'Red', 'Ring', 'Death', 'suck', 'took', 'week', 'get', 'mine', 'back', 'Microsoft']"
6183,1961176973,hate,My new car is already giving me problems  That cant be a good sign.,"['new', 'car', 'already', 'giving', 'problem', 'cant', 'good', 'sign']"
6208,1961181828,hate,@t0ns:  nou moe... stomme banken/crisis shit :S,"['t0ns', 'nou', 'moe', '...', 'stomme', 'banken/crisis', 'shit']"
6216,1961184231,hate,@CapAtomyc That link isn't working for me for some reason,"['CapAtomyc', 'link', ""n't"", 'working', 'reason']"
6226,1961186788,hate,Just dropped my sistah off @ lax.    #fb,"['dropped', 'sistah', 'lax', 'fb']"
6231,1961187863,hate,@huma_rashid reeeaaaally... why though??  ew i hate stockings,"['huma_rashid', 'reeeaaaally', '...', 'though', 'ew', 'hate', 'stocking']"
6239,1961189207,hate,has not finished the bio mols mind map  stupid sheet hid sections from me on the back!,"['finished', 'bio', 'mol', 'mind', 'map', 'stupid', 'sheet', 'hid', 'section', 'back']"
6242,1961190120,hate,So booooored  I learned this though! ????????,"['booooored', 'learned', 'though']"
6251,1961192614,hate,Worst day ever. And its only noon.,"['Worst', 'day', 'ever', 'noon']"
6256,1961194524,hate,i want a ghd straightener but the shipping costs 50 pounds? NO DEAL!,"['want', 'ghd', 'straightener', 'shipping', 'cost', '50', 'pound', 'DEAL']"
6266,1961212767,hate,"@thenk83 I've been waiting about the same time to get in, its whenever they feel like it...","['thenk83', ""'ve"", 'waiting', 'time', 'get', 'whenever', 'feel', 'like', '...']"
6267,1961212813,hate,Son of a bitch...my media thing that streams music from home isn't working again  Why can't itunes play music from my iphone,"['Son', 'bitch', '...', 'medium', 'thing', 'stream', 'music', 'home', ""n't"", 'working', 'ca', ""n't"", 'itunes', 'play', 'music', 'iphone']"
6278,1961215208,hate,@AnnieOleary its not a starfleet one  its not even a romulin one  its like the random one i dont remember ha. and you cant wear it! lame,"['AnnieOleary', 'starfleet', 'one', 'even', 'romulin', 'one', 'like', 'random', 'one', 'dont', 'remember', 'ha', 'cant', 'wear', 'lame']"
6290,1961218037,hate,@WhitPR lol... i've been in Bk for over a year... going on 2 and u haven't come yet!!!,"['WhitPR', 'lol', '...', ""'ve"", 'Bk', 'year', '...', 'going', 'u', ""n't"", 'come', 'yet']"
6291,1961218139,hate,"I told andrew that JT is going to cameo @ MTV movie awards. He said, &quot;he's pissing me off.&quot; guess they're in a fight","['told', 'andrew', 'JT', 'going', 'cameo', 'MTV', 'movie', 'award', 'said', 'quot', ""'s"", 'pissing', 'off.', 'quot', 'guess', ""'re"", 'fight']"
6304,1961220568,hate,"Frustrating when u r in the mood, but your partner is at work. Ugh!","['Frustrating', 'u', 'r', 'mood', 'partner', 'work', 'Ugh']"
6319,1961225081,hate,"@EllipticEye  ....what did she EVER do to piss them off?    I thought you just meant casting-related wank, not more of that crap.","['EllipticEye', '....', 'EVER', 'piss', 'thought', 'meant', 'casting-related', 'wank', 'crap']"
6321,1961225337,hate,Last Friday of Highschool...that's intense! One more test to go...economics. Ewww man!,"['Last', 'Friday', 'Highschool', '...', ""'s"", 'intense', 'One', 'test', 'go', '...', 'economics', 'Ewww', 'man']"
6330,1961227194,hate,Ugh i hate not having my car!! i miss you my little ford focus!!!,"['Ugh', 'hate', 'car', 'miss', 'little', 'ford', 'focus']"
6348,1961238151,hate,i'm getting ready for tonight (teachers dinner on the beach!) but it's raining and i hate this!,"[""'m"", 'getting', 'ready', 'tonight', 'teacher', 'dinner', 'beach', ""'s"", 'raining', 'hate']"
6359,1961239404,hate,French isn't meant to be taught to asians,"['French', ""n't"", 'meant', 'taught', 'asian']"
6368,1961241583,hate,"Damn, need to replace MacBook display. CHF 670 for work and hardware - almost half of the MB price","['Damn', 'need', 'replace', 'MacBook', 'display', 'CHF', '670', 'work', 'hardware', 'almost', 'half', 'MB', 'price']"
6389,1961246006,hate,So I got the day off cuz I had hundreds of things to do....then I woke up with a f*ckin migrane...there goes my day in bed,"['got', 'day', 'cuz', 'hundred', 'thing', '....', 'woke', 'f', 'ckin', 'migrane', '...', 'go', 'day', 'bed']"
6395,1961247981,hate,@Natalie_McLife yeah that is the one thing i hate about tweetdeck,"['Natalie_McLife', 'yeah', 'one', 'thing', 'hate', 'tweetdeck']"
6401,1961249166,hate,Just look @ this hellacious desk...good grief  http://short.to/cevd,"['look', 'hellacious', 'desk', '...', 'good', 'grief', 'http', '//short.to/cevd']"
6409,1961252266,hate,I hate hiccups,"['hate', 'hiccup']"
6426,1961257112,hate,hates putting in new contacts,"['hate', 'putting', 'new', 'contact']"
6470,1961269392,hate,English exam! Bleh i hate vocab,"['English', 'exam', 'Bleh', 'hate', 'vocab']"
6477,1961276691,hate,"Holy crap...Sharapova is taking a beating from an unseeded qualifier...ok, o back to doubles!","['Holy', 'crap', '...', 'Sharapova', 'taking', 'beating', 'unseeded', 'qualifier', '...', 'ok', 'back', 'double']"
6499,1961282497,hate,@tylerakira - ughhh!!! have to go back there tonight,"['tylerakira', 'ughhh', 'go', 'back', 'tonight']"
6509,1961284984,hate,"Today i Know, My Life Is Empty...  Thats sad but real!!","['Today', 'Know', 'Life', 'Empty', '...', 'Thats', 'sad', 'real']"
6510,1961285420,hate,@brooketastic my keys were cracking and crap. I kind of miss my old phone already.,"['brooketastic', 'key', 'cracking', 'crap', 'kind', 'miss', 'old', 'phone', 'already']"
6554,1961295249,hate,Too hot. Station isn't packed but train packed. No windows open on train. Roasted sardines.,"['hot', 'Station', ""n't"", 'packed', 'train', 'packed', 'window', 'open', 'train', 'Roasted', 'sardine']"
6562,1961296442,hate,"@socialcalamity Haha k we should stop here. If not, it's going to turn into a bitching section. Ohwell, my parents just came home","['socialcalamity', 'Haha', 'k', 'stop', ""'s"", 'going', 'turn', 'bitching', 'section', 'Ohwell', 'parent', 'came', 'home']"
6639,1961378101,hate,"grr!  i hate being damn near forced to go places.  especially to sit on a bus for an entire day just to sit in a house in podunktown, va","['grr', 'hate', 'damn', 'near', 'forced', 'go', 'place', 'especially', 'sit', 'bus', 'entire', 'day', 'sit', 'house', 'podunktown', 'va']"
6694,1961417007,hate,My TweetDeck is languishing in API Hell. Again.,"['TweetDeck', 'languishing', 'API', 'Hell']"
6722,1961423330,hate,@lelebaby21 @JazzyFiierce u guys are soo unfair smh...,"['lelebaby21', 'JazzyFiierce', 'u', 'guy', 'soo', 'unfair', 'smh', '...']"
6736,1961426774,hate,"Oh god, a moth was living in a fucking power outlet!  (Actually, my PowerSquid.)","['Oh', 'god', 'moth', 'living', 'fucking', 'power', 'outlet', 'Actually', 'PowerSquid']"
6740,1961427916,hate,@Hatz94 me too. I hate my computer so much..,"['Hatz94', 'hate', 'computer', 'much', '..']"
6749,1961431194,hate,so much for an amazing day...some pervert just ruined it,"['much', 'amazing', 'day', '...', 'pervert', 'ruined']"
6812,1961455862,hate,my feet are cold.....i hate when my feet get cold,"['foot', 'cold', '.....', 'hate', 'foot', 'get', 'cold']"
6826,1961459524,hate,"my zoids torrent crashed after 8 hours of downloading.  it was only 6% done at that time, because apparently i'm the only zoids fan ever.","['zoids', 'torrent', 'crashed', 'hour', 'downloading', 'done', 'time', 'apparently', ""'m"", 'zoids', 'fan', 'ever']"
6833,1961462777,hate,"FreeSat's coverage (Sky dish) is really, really bad at the moment, blocks all over the place, really annoying!  http://bit.ly/191TpR","['FreeSat', ""'s"", 'coverage', 'Sky', 'dish', 'really', 'really', 'bad', 'moment', 'block', 'place', 'really', 'annoying', 'http', '//bit.ly/191TpR']"
6866,1961476247,hate,projects suck,"['project', 'suck']"
6884,1961480057,hate,And my basketball is flat and there was a massive spider in my pavement chalks  Now the sun has gone in. FML.,"['basketball', 'flat', 'massive', 'spider', 'pavement', 'chalk', 'sun', 'gone', 'FML']"
6900,1961483427,hate,"@ZomberellaMcFox if I do that, I'll have no pc","['ZomberellaMcFox', ""'ll"", 'pc']"
6909,1961484917,hate,having a reli gd holiday .. buh now have to revise  x,"['reli', 'gd', 'holiday', '..', 'buh', 'revise', 'x']"
6913,1961485797,hate,@Karmina13 what's up? what happened? DM me if you need to. TXT on my phone is defunk'd,"['Karmina13', ""'s"", 'happened', 'DM', 'need', 'TXT', 'phone', 'defunk', ""'d""]"
6925,1961489372,hate,"Hello!Im back andIm drunk,  and as much asI love my friends,I hate how they unintentionally make me feel inadequate.Ineedhelp","['Hello', 'Im', 'back', 'andIm', 'drunk', 'much', 'asI', 'love', 'friend', 'hate', 'unintentionally', 'make', 'feel', 'inadequate.Ineedhelp']"
6941,1961491871,hate,Jealousy makes u into a different person ... I freakin hate being this way  gotta suck it up I guess,"['Jealousy', 'make', 'u', 'different', 'person', '...', 'freakin', 'hate', 'way', 'got', 'ta', 'suck', 'guess']"
6977,1961502646,hate,Had the hottest and stressiest day at work  f the area manager. So happy to be going home!,"['hottest', 'stressiest', 'day', 'work', 'f', 'area', 'manager', 'happy', 'going', 'home']"
6979,1961503481,hate,@Devotfeige man that sucks.,"['Devotfeige', 'man', 'suck']"
6992,1961516879,hate,@danipoynterjudd  its awful. Xxxx,"['danipoynterjudd', 'awful', 'Xxxx']"
7027,1961524962,hate,oh i hate friday evening.,"['oh', 'hate', 'friday', 'evening']"
7032,1961526416,hate,"@KatieJaneWatson Oh, I forget things you see. Ahah. I hated that! It creeped me out.","['KatieJaneWatson', 'Oh', 'forget', 'thing', 'see', 'Ahah', 'hated', 'creeped']"
7075,1961536131,hate,@wilstobbart I'm still at work,"['wilstobbart', ""'m"", 'still', 'work']"
7081,1961537559,hate,@NikkiStixx @valentinamia omg you guys will know when I'm getting nasty!!  My head hurts,"['NikkiStixx', 'valentinamia', 'omg', 'guy', 'know', ""'m"", 'getting', 'nasty', 'head', 'hurt']"
7084,1961538319,hate,Waiting in a long line at chick-fil-a,"['Waiting', 'long', 'line', 'chick-fil-a']"
7086,1961539060,hate,I need a blankie  this trains an icebox,"['need', 'blankie', 'train', 'icebox']"
7089,1961539858,hate,Came home after getting ratty in a shop with the staff and a blister on the foot. Meh,"['Came', 'home', 'getting', 'ratty', 'shop', 'staff', 'blister', 'foot', 'Meh']"
7107,1961543667,hate,Flip flops are a menace! I've cut one of my feet  Ouchies.,"['Flip', 'flop', 'menace', ""'ve"", 'cut', 'one', 'foot', 'Ouchies']"
7116,1961545163,hate,@redhalo_pax That sucks.,"['redhalo_pax', 'suck']"
7125,1961546996,hate,Just here at work........just got out of a meeting with my staff.... I had to be the big bad boss today.,"['work', '........', 'got', 'meeting', 'staff', '....', 'big', 'bad', 'bos', 'today']"
7130,1961548488,hate,why the hell is it raining!! i hate the rain.,"['hell', 'raining', 'hate', 'rain']"
7199,1961568092,hate,"@hyper_baffoon ooh if youre on the computer making your playlist come online pls, im bored now that ive blocked everyone again","['hyper_baffoon', 'ooh', 'youre', 'computer', 'making', 'playlist', 'come', 'online', 'pls', 'im', 'bored', 'ive', 'blocked', 'everyone']"
7200,1961568160,hate,Twenty minutes on a fucking call you would think that the person would mention there is already a trouble ticket investigating the issue,"['Twenty', 'minute', 'fucking', 'call', 'would', 'think', 'person', 'would', 'mention', 'already', 'trouble', 'ticket', 'investigating', 'issue']"
7219,1961571872,hate,"@frostedbetty Oh, I'm so sorry. I feel your pain. I can't kill them either, and I'm always the one that finds them. Why is that?","['frostedbetty', 'Oh', ""'m"", 'sorry', 'feel', 'pain', 'ca', ""n't"", 'kill', 'either', ""'m"", 'always', 'one', 'find']"
7226,1961572690,hate,ahh I hate being sick  Watching atonement! and sleeping,"['ahh', 'hate', 'sick', 'Watching', 'atonement', 'sleeping']"
7227,1961572924,hate,@beachnerbum I hate June gloom. I was getting so excited for the beach.,"['beachnerbum', 'hate', 'June', 'gloom', 'getting', 'excited', 'beach']"
7229,1961573267,hate,1 week before the palm pre comes out and my centro dies. I have a temp phone but my contacts aren't transfered yet. #sadpanda #fb,"['week', 'palm', 'pre', 'come', 'centro', 'dy', 'temp', 'phone', 'contact', ""n't"", 'transfered', 'yet', 'sadpanda', 'fb']"
7251,1961577119,hate,God I HATE scary movies. They are not fun at all. I'm such a wimpy.,"['God', 'HATE', 'scary', 'movie', 'fun', ""'m"", 'wimpy']"
7258,1961577683,hate,"ebay should just die! after not using my account for 4 years, i cant unlock it. and their support is dead, aka: auto-hello-scripts","['ebay', 'die', 'using', 'account', 'year', 'cant', 'unlock', 'support', 'dead', 'aka', 'auto-hello-scripts']"
7272,1961607941,hate,@celticfish this is a travesty,"['celticfish', 'travesty']"
7273,1961608352,hate,6 freakin days!!  Just a thought...what would I have to look forward to after this?,"['freakin', 'day', 'thought', '...', 'would', 'look', 'forward']"
7288,1961612662,hate,"left school just now. my new dress broke, the strap ripped off","['left', 'school', 'new', 'dress', 'broke', 'strap', 'ripped']"
7300,1961613749,hate,Got the keys to my new flat - gorgeous weather for weekend - and i'm spending it &quot;PACKING&quot;,"['Got', 'key', 'new', 'flat', 'gorgeous', 'weather', 'weekend', ""'m"", 'spending', 'quot', 'PACKING', 'quot']"
7327,1961619276,hate,"I am up, and having to deal with another rainy day  What the hell happened to summer, its so freakin cold!","['deal', 'another', 'rainy', 'day', 'hell', 'happened', 'summer', 'freakin', 'cold']"
7346,1961645575,hate,Just got to work  Today is going to be another long ass day!,"['got', 'work', 'Today', 'going', 'another', 'long', 'as', 'day']"
7356,1961647925,hate,Walking to class. I hate not having a bike....especially mine.,"['Walking', 'class', 'hate', 'bike', '....', 'especially', 'mine']"
7363,1961648818,hate,@keirkafka I love it. Tell me it didn't match my shirt perfectly. Can you just not move PLEASE? What am I supposed to do without you?,"['keirkafka', 'love', 'Tell', ""n't"", 'match', 'shirt', 'perfectly', 'move', 'PLEASE', 'supposed', 'without']"
7405,1961687039,hate,I'm drawning in emails,"[""'m"", 'drawning', 'email']"
7429,1961692427,hate,"I had to postpone the photoshoot. Stupid Wisconsin weather. Why can't it be sunny? Working out, tanning, preschool grad night, then out!","['postpone', 'photoshoot', 'Stupid', 'Wisconsin', 'weather', 'ca', ""n't"", 'sunny', 'Working', 'tanning', 'preschool', 'grad', 'night']"
7456,1961700867,hate,last night in cork  and come tomorrow i wont even remember it... double sad face  haha... in the words on lily allen.. NOT FAIR!,"['last', 'night', 'cork', 'come', 'tomorrow', 'wont', 'even', 'remember', '...', 'double', 'sad', 'face', 'haha', '...', 'word', 'lily', 'allen', '..', 'FAIR']"
7464,1961702116,hate,Grrr..stupid internet connection ruined a great scrabble game,"['Grrr', '..', 'stupid', 'internet', 'connection', 'ruined', 'great', 'scrabble', 'game']"
7487,1961742642,hate,Geez I'm hating bein at work till 10 on a day like this I feel like its a wasted lovley day,"['Geez', ""'m"", 'hating', 'bein', 'work', 'till', '10', 'day', 'like', 'feel', 'like', 'wasted', 'lovley', 'day']"
7507,1961747519,hate,@bitterpurl I don't even look at their fabric unless I need polar fleece.   It's worth the extra $ to go to Needle and Thread.,"['bitterpurl', ""n't"", 'even', 'look', 'fabric', 'unless', 'need', 'polar', 'fleece', ""'s"", 'worth', 'extra', 'go', 'Needle', 'Thread']"
7511,1961748103,hate,"Today in the friendly game one asshole hit me in the knee. Now, I'm lying in bed with a heating cream (stinks) and ice. bore very much","['Today', 'friendly', 'game', 'one', 'asshole', 'hit', 'knee', ""'m"", 'lying', 'bed', 'heating', 'cream', 'stink', 'ice', 'bore', 'much']"
7517,1961749353,hate,OMG The LG KC910 touchscreen fone is such a pile of shite!! Roll on new contract in 18 months,"['OMG', 'LG', 'KC910', 'touchscreen', 'fone', 'pile', 'shite', 'Roll', 'new', 'contract', '18', 'month']"
7548,1961757490,hate,@JuiceOwens WHATS THE VIDEO?? I CANT WATCH IT!,"['JuiceOwens', 'WHATS', 'VIDEO', 'CANT', 'WATCH']"
7569,1961763085,hate,is so gutted she can't get tickets for pink!,"['gutted', 'ca', ""n't"", 'get', 'ticket', 'pink']"
7619,1961816294,hate,"is somewhat irritated by people coming up to me and asking if I'm so and so from TV, or that I look familiar. I thought I was original.","['somewhat', 'irritated', 'people', 'coming', 'asking', ""'m"", 'TV', 'look', 'familiar', 'thought', 'original']"
7648,1961824060,hate,The trains turned into a microwave,"['train', 'turned', 'microwave']"
7709,1961866164,hate,"I'm really getting sick ugh Fuckin nursing homes! Laying in bed, might go run later, watch some more movies with Austin. Sara &amp; Sami left","[""'m"", 'really', 'getting', 'sick', 'ugh', 'Fuckin', 'nursing', 'home', 'Laying', 'bed', 'might', 'go', 'run', 'later', 'watch', 'movie', 'Austin', 'Sara', 'amp', 'Sami', 'left']"
7741,1961875139,hate,This is slowly going to drive me crazy i hate leaky faucets they're frustrating! I'm ready for a nap but there's no naptime at work,"['slowly', 'going', 'drive', 'crazy', 'hate', 'leaky', 'faucet', ""'re"", 'frustrating', ""'m"", 'ready', 'nap', ""'s"", 'naptime', 'work']"
7795,1961894088,hate,Never before in the field of human conflict have so many hard drives died on me.   What a waste of a day.,"['Never', 'field', 'human', 'conflict', 'many', 'hard', 'drive', 'died', 'waste', 'day']"
7800,1961895288,hate,Going to shawnee........I hate the long drive there...i just want to get all this paper work over with,"['Going', 'shawnee', '........', 'hate', 'long', 'drive', '...', 'want', 'get', 'paper', 'work']"
7825,1961899521,hate,@MoneyMakinMatt shut up fool ....where you been at??? i dontlike the fact that you keep abandoning me,"['MoneyMakinMatt', 'shut', 'fool', '....', 'dontlike', 'fact', 'keep', 'abandoning']"
7828,1961900736,hate,"@StaceyVPofWC i was sent home yest from work, when in again today but feel like hell and burning up with a high temp, got it off hubby","['StaceyVPofWC', 'sent', 'home', 'yest', 'work', 'today', 'feel', 'like', 'hell', 'burning', 'high', 'temp', 'got', 'hubby']"
7829,1961900792,hate,Lost at bowling again  why do i suck,"['Lost', 'bowling', 'suck']"
7864,1961915478,hate,"So hot today =_=  don't like it and i hate my new timetable, having such a bad week","['hot', 'today', '=_=', ""n't"", 'like', 'hate', 'new', 'timetable', 'bad', 'week']"
7873,1961917445,hate,http://twitpic.com/66xlm -  hate when my PARKED car gets hit,"['http', '//twitpic.com/66xlm', 'hate', 'PARKED', 'car', 'get', 'hit']"
7886,1961920582,hate,@teamincredible ALL white shoes make me cringe  . White shoes give me pause.,"['teamincredible', 'white', 'shoe', 'make', 'cringe', 'White', 'shoe', 'give', 'pause']"
7896,1961921752,hate,My mouth hurts from this stupid retainer!!,"['mouth', 'hurt', 'stupid', 'retainer']"
7917,1961925259,hate,"Oh god, I want to blow up my tooth. It hurts.","['Oh', 'god', 'want', 'blow', 'tooth', 'hurt']"
7933,1961930354,hate,Is UPS like the cable company and doesn't show up til the last possible moment? I'd like to take a nap before school gets out,"['UPS', 'like', 'cable', 'company', ""n't"", 'show', 'til', 'last', 'possible', 'moment', ""'d"", 'like', 'take', 'nap', 'school', 'get']"
7949,1961963611,hate,"@CaronsBeachHs  Still dealing with quite a bit of pain, will jump off here soon to lay down,very frustrating  Thanks 4 asking","['CaronsBeachHs', 'Still', 'dealing', 'quite', 'bit', 'pain', 'jump', 'soon', 'lay', 'frustrating', 'Thanks', 'asking']"
7975,1961968345,hate,@RobynHumes Can't  Bro on laptop &amp; Salm on comp! Me stuck with Wii :'( xx,"['RobynHumes', 'Ca', ""n't"", 'Bro', 'laptop', 'amp', 'Salm', 'comp', 'stuck', 'Wii', 'xx']"
8010,1961991533,hate,is fed up of stupid bots adding me,"['fed', 'stupid', 'bot', 'adding']"
8056,1962002922,hate,Just finished reading Chuck Palahniuk's &quot;Pygmy&quot; and kind of hated it. I'm really disappointed; I had pretty high hopes for this one.,"['finished', 'reading', 'Chuck', 'Palahniuk', ""'s"", 'quot', 'Pygmy', 'quot', 'kind', 'hated', ""'m"", 'really', 'disappointed', 'pretty', 'high', 'hope', 'one']"
8079,1962015371,hate,Hanging out at the San Fran airport. Got a few hour wait until I go anywhere...BTW SFO's $7 wifi is garbage.,"['Hanging', 'San', 'Fran', 'airport', 'Got', 'hour', 'wait', 'go', 'anywhere', '...', 'BTW', 'SFO', ""'s"", 'wifi', 'garbage']"
8095,1962017742,hate,On my way 2 work damn sinus headaches suck,"['way', 'work', 'damn', 'sinus', 'headache', 'suck']"
8099,1962018945,hate,Got tired of the kitchen being uninhabital so swept and mopped the floor when its dry I'll do the work tops,"['Got', 'tired', 'kitchen', 'uninhabital', 'swept', 'mopped', 'floor', 'dry', ""'ll"", 'work', 'top']"
8159,1962056452,hate,"Sitting in Mrs. Martins class, youtube is being stupid. and i REALLY want a popsicle!!! jealous of Sara","['Sitting', 'Mrs.', 'Martins', 'class', 'youtube', 'stupid', 'REALLY', 'want', 'popsicle', 'jealous', 'Sara']"
8172,1962059026,hate,@Mezzie1221 you are a slow answerer!,"['Mezzie1221', 'slow', 'answerer']"
8174,1962060308,hate,@cre8tn You and your Yuotube links.  DENIED at work.,"['cre8tn', 'Yuotube', 'link', 'DENIED', 'work']"
8186,1962062553,hate,#itsucks when everyone but the one i want to text me is texting me!,"['itsucks', 'everyone', 'one', 'want', 'text', 'texting']"
8189,1962063427,hate,Youtube is made of fail right now. Or maybe it's just me that it hates.,"['Youtube', 'made', 'fail', 'right', 'maybe', ""'s"", 'hate']"
8203,1962066381,hate,@soniei argh. I don't like ebay. I got outbid at the last second,"['soniei', 'argh', ""n't"", 'like', 'ebay', 'got', 'outbid', 'last', 'second']"
8211,1962067811,hate,Not a bad back 43. Piss poor front tho. 90 still unbroken,"['bad', 'back', '43', 'Piss', 'poor', 'front', 'tho', '90', 'still', 'unbroken']"
8217,1962069313,hate,Goddamnit! If we live in an age of constant communication why can't anyone return a text,"['Goddamnit', 'live', 'age', 'constant', 'communication', 'ca', ""n't"", 'anyone', 'return', 'text']"
8228,1962100678,hate,"ï¿½anisalovesu me too. I am so so upset,especially because i fear i won't get a Jared hug tomorrow","['ï¿½anisalovesu', 'upset', 'especially', 'fear', 'wo', ""n't"", 'get', 'Jared', 'hug', 'tomorrow']"
8231,1962100964,hate,Uploading a 1Mo video with microb and on 3G Network in the train is really slow,"['Uploading', '1Mo', 'video', 'microb', '3G', 'Network', 'train', 'really', 'slow']"
8264,1962108885,hate,sometimes i got tired dealing with my own dilemmas..,"['sometimes', 'got', 'tired', 'dealing', 'dilemma', '..']"
8267,1962109294,hate,@orbitaldiamonds That drives me nuts.,"['orbitaldiamonds', 'drive', 'nut']"
8270,1962109952,hate,Shit. My friend's in such a state and I don't know how to help him. Nothing I say seems to be helping and I wish I knew what to say,"['Shit', 'friend', ""'s"", 'state', ""n't"", 'know', 'help', 'Nothing', 'say', 'seems', 'helping', 'wish', 'knew', 'say']"
8272,1962110280,hate,"@sierraphares oh! Yeah,your mom told be about that.  I thought you meant his twitter ID &amp; I was very confused. That sucks. Sick.","['sierraphares', 'oh', 'Yeah', 'mom', 'told', 'thought', 'meant', 'twitter', 'ID', 'amp', 'confused', 'suck', 'Sick']"
8346,1962144504,hate,Ughh. That Miley creature song has infested itself in my brain!,"['Ughh', 'Miley', 'creature', 'song', 'infested', 'brain']"
8377,1962163841,hate,I hate my life,"['hate', 'life']"
8378,1962163950,hate,hates these khaki pants! project to do todayy,"['hate', 'khaki', 'pant', 'project', 'todayy']"
8380,1962164508,hate,Dear Allergies.. i hate you.. please go away...love always... your victim..,"['Dear', 'Allergies', '..', 'hate', '..', 'please', 'go', 'away', '...', 'love', 'always', '...', 'victim', '..']"
8392,1962167899,hate,i JUST fucking cleaned the whole kitchen....and the asshole comes home &amp; is going to make a mess of it...my mom didn't even get to see it,"['fucking', 'cleaned', 'whole', 'kitchen', '....', 'asshole', 'come', 'home', 'amp', 'going', 'make', 'mess', '...', 'mom', ""n't"", 'even', 'get', 'see']"
8398,1962169404,hate,John making me wear a mask and gloves at work cause I'm sick. Says he doesn't want to catch swine flu.  http://yfrog.com/02mxjj,"['John', 'making', 'wear', 'mask', 'glove', 'work', 'cause', ""'m"", 'sick', 'Says', ""n't"", 'want', 'catch', 'swine', 'flu', 'http', '//yfrog.com/02mxjj']"
8405,1962170599,hate,hut myself in the face with a hammer earlier by accident  obviously it hurts.,"['hut', 'face', 'hammer', 'earlier', 'accident', 'obviously', 'hurt']"
8438,1962181450,hate,"hates the everything about  seafood.. just so happened to serve lobster in the chow hall... noooowww, I gotta headache.. ugh! smh...","['hate', 'everything', 'seafood', '..', 'happened', 'serve', 'lobster', 'chow', 'hall', '...', 'noooowww', 'got', 'ta', 'headache', '..', 'ugh', 'smh', '...']"
8473,1962195304,hate,ScREW MY PHONE. ITS BROKEN. DONT BOTHER TEXTING.,"['ScREW', 'PHONE', 'BROKEN', 'DONT', 'BOTHER', 'TEXTING']"
8478,1962196815,hate,"I want to shoot Viva Hate... this is only the second time since I got my new camera I've had a chance, and the other was pitch black","['want', 'shoot', 'Viva', 'Hate', '...', 'second', 'time', 'since', 'got', 'new', 'camera', ""'ve"", 'chance', 'pitch', 'black']"
8525,1962210271,hate,at f***** work  .... want somebody to come ???,"['f', 'work', '....', 'want', 'somebody', 'come']"
8530,1962211306,hate,"I don't like the heat, as global warming will eventually destroy the Earth, and the sun will inevitably eat up our planet,  grim","[""n't"", 'like', 'heat', 'global', 'warming', 'eventually', 'destroy', 'Earth', 'sun', 'inevitably', 'eat', 'planet', 'grim']"
8585,1962224027,hate,Busy busy bee.....  I wish I didn't have 2 do laundry! Worst,"['Busy', 'busy', 'bee', '.....', 'wish', ""n't"", 'laundry', 'Worst']"
8609,1962232368,hate,"I hate: midgets! Smfh! Had a dream I was fightin 1 LN in Boston Market, turbull! He kept head bunting me","['hate', 'midget', 'Smfh', 'dream', 'fightin', 'LN', 'Boston', 'Market', 'turbull', 'kept', 'head', 'bunting']"
8616,1962233332,hate,@nick_carter  Ey boy!! I canï¿½t see the video because youtube says me :The vid is private. Why?  I want to see it. Besos grandes guapo!!,"['nick_carter', 'Ey', 'boy', 'canï¿½t', 'see', 'video', 'youtube', 'say', 'vid', 'private', 'want', 'see', 'Besos', 'grandes', 'guapo']"
8686,1962258733,hate,Ugh.. Fricken Internet is down. Can do like 0 work without it. I want back in college just for the connection,"['Ugh', '..', 'Fricken', 'Internet', 'like', 'work', 'without', 'want', 'back', 'college', 'connection']"
8702,1962262290,hate,I really ain't woth a f*ck. I can't do anythin right.   What's wrong with me?,"['really', 'ai', ""n't"", 'woth', 'f', 'ck', 'ca', ""n't"", 'anythin', 'right', ""'s"", 'wrong']"
8733,1962267791,hate,Sad making! Bought Guitar Hero Metallica for my hard working soldier and it is not reading disc!,"['Sad', 'making', 'Bought', 'Guitar', 'Hero', 'Metallica', 'hard', 'working', 'soldier', 'reading', 'disc']"
8737,1962294771,hate,"@thebookpolice actually, in Sweden the IKEA's do have rooms to stay the night. Not here though, I'll have to stay across the street.","['thebookpolice', 'actually', 'Sweden', 'IKEA', ""'s"", 'room', 'stay', 'night', 'though', ""'ll"", 'stay', 'across', 'street']"
8754,1962299128,hate,Almost all are here now! Tomorrow at 8 we start! 291km's of mud  - http://mobypicture.com/?zx33t1,"['Almost', 'Tomorrow', 'start', '291km', ""'s"", 'mud', 'http', '//mobypicture.com/', 'zx33t1']"
8787,1962306047,hate,Hate I am going to miss the tweet up this weekend,"['Hate', 'going', 'miss', 'tweet', 'weekend']"
8808,1962310128,hate,Ready to kill myself  i hate history,"['Ready', 'kill', 'hate', 'history']"
8809,1962310211,hate,"YESSS, FLASH IS BEING SHITTY TONIGHT!  It.........takes.................time...........to.........open...........a..........webpage......","['YESSS', 'FLASH', 'SHITTY', 'TONIGHT', '.........', 'take', '.................', 'time', '...........', '.........', 'open', '...........', '..........', 'webpage', '......']"
8821,1962318909,hate,and this terrible cartoon that's supposed to be mexican.,"['terrible', 'cartoon', ""'s"", 'supposed', 'mexican']"
8836,1962321718,hate,@TinaBinaTooReal not funny he profiled my ass. Like wtf? I'm still kinda heated. Ugh,"['TinaBinaTooReal', 'funny', 'profiled', 'as', 'Like', 'wtf', ""'m"", 'still', 'kinda', 'heated', 'Ugh']"
8851,1962325307,hate,both electronic keys stopped working. there is no keyhole! cant get in my car. so much for technology,"['electronic', 'key', 'stopped', 'working', 'keyhole', 'cant', 'get', 'car', 'much', 'technology']"
8863,1962327806,hate,I hate crowds   http://tr.im/mONi,"['hate', 'crowd', 'http', '//tr.im/mONi']"
8865,1962327953,hate,"It's the weekend, its sunny..... and I got another puncture!!!","[""'s"", 'weekend', 'sunny', '.....', 'got', 'another', 'puncture']"
8867,1962328523,hate,@followfrankie u feeling urself so much u cant say hi???  me no likey u,"['followfrankie', 'u', 'feeling', 'urself', 'much', 'u', 'cant', 'say', 'hi', 'likey', 'u']"
8893,1962365019,hate,someone WOULD give a speech about loved ones in the hospital. Stupid COMM class,"['someone', 'WOULD', 'give', 'speech', 'loved', 'one', 'hospital', 'Stupid', 'COMM', 'class']"
8895,1962365221,hate,i don't know !!,"[""n't"", 'know']"
8907,1962367088,hate,I hate the dentist,"['hate', 'dentist']"
8908,1962367395,hate,@vamp411316 haha that sucks! actually mine is worse. mines ft math  eww,"['vamp411316', 'haha', 'suck', 'actually', 'mine', 'worse', 'mine', 'ft', 'math', 'eww']"
8934,1962372836,hate,lif's unfair....luk wat it did to ma frend...i m so hating it,"['lif', ""'s"", 'unfair', '....', 'luk', 'wat', 'frend', '...', 'hating']"
8953,1962376985,hate,"@debbieseraphina not very effective for me  i am stuck! i either sit up, let it cramp or lie down and pay the consequence later. EEPS!","['debbieseraphina', 'effective', 'stuck', 'either', 'sit', 'let', 'cramp', 'lie', 'pay', 'consequence', 'later', 'EEPS']"
8970,1962382938,hate,wow. i just install twitter fox. I am tired to keep refresh my browser,"['wow', 'install', 'twitter', 'fox', 'tired', 'keep', 'refresh', 'browser']"
9002,1962391061,hate,DIDO &quot;US 2 Little Gods&quot; http://ow.ly/9UIn &quot;Just this moment/ Let it all stop here/ I've had my fill&quot;...words that make you panic...,"['DIDO', 'quot', 'US', 'Little', 'Gods', 'quot', 'http', '//ow.ly/9UIn', 'quot', 'moment/', 'Let', 'stop', 'here/', ""'ve"", 'fill', 'quot', '...', 'word', 'make', 'panic', '...']"
9033,1962403627,hate,This is getting on my nerves. I cant change my pic,"['getting', 'nerve', 'cant', 'change', 'pic']"
9081,1962413434,hate,Tummy hurts  oh noes,"['Tummy', 'hurt', 'oh', 'no']"
9098,1962416164,hate,"specially when you're already burneded. wore mums shoes as well, and now im all blistered. it sucks balls..","['specially', ""'re"", 'already', 'burneded', 'wore', 'mum', 'shoe', 'well', 'im', 'blistered', 'suck', 'ball', '..']"
9132,1962432267,hate,Well its a good thing ''march'' wasnt very long and i didnt like it...cuz its deleted. Ugh,"['Well', 'good', 'thing', '``', 'march', ""''"", 'wasnt', 'long', 'didnt', 'like', '...', 'cuz', 'deleted', 'Ugh']"
9150,1962436716,hate,I so hate riding the bus. 1) It's a damn sauna in the summer! 2) Like could it kill the guy a few seats up to shower once a month??,"['hate', 'riding', 'bus', ""'s"", 'damn', 'sauna', 'summer', 'Like', 'could', 'kill', 'guy', 'seat', 'shower', 'month']"
3,1956967789,enthusiasm,wants to hang out with friends SOON!,"['want', 'hang', 'friend', 'SOON']"
56,1956981427,enthusiasm,"bed...sorta. today was good, sara has strep thought Angelina does to; i shared a water with her B4 they told me, i will prob get it to","['bed', '...', 'sorta', 'today', 'good', 'sara', 'strep', 'thought', 'Angelina', 'shared', 'water', 'B4', 'told', 'prob', 'get']"
422,1957066701,enthusiasm,I want another tatt,"['want', 'another', 'tatt']"
424,1957067779,enthusiasm,"So, I need to make a lot of money tomorrow","['need', 'make', 'lot', 'money', 'tomorrow']"
444,1957073668,enthusiasm,@lilxamyx08 i know ridiculous! we never got to hang out  i love chicago and want to go shopping... so a trip sounds like fun,"['lilxamyx08', 'know', 'ridiculous', 'never', 'got', 'hang', 'love', 'chicago', 'want', 'go', 'shopping', '...', 'trip', 'sound', 'like', 'fun']"
544,1957093096,enthusiasm,one week till exam block,"['one', 'week', 'till', 'exam', 'block']"
562,1957097730,enthusiasm,@calvinharris stop talkin about food haha fill like sum nw  hha hows your day goin or starting,"['calvinharris', 'stop', 'talkin', 'food', 'haha', 'fill', 'like', 'sum', 'nw', 'hha', 'hows', 'day', 'goin', 'starting']"
593,1957104830,enthusiasm,Q: what studio created 'Open Season'? should google it or look at the dvd downstairs but feeling lazy,"['Q', 'studio', 'created', ""'Open"", 'Season', 'google', 'look', 'dvd', 'downstairs', 'feeling', 'lazy']"
739,1957136998,enthusiasm,Counting the minutes when my dad's g-friend is leaving,"['Counting', 'minute', 'dad', ""'s"", 'g-friend', 'leaving']"
742,1957137171,enthusiasm,@leopardqueen @seekinspiration Have fun! I miss you guys a lot!,"['leopardqueen', 'seekinspiration', 'fun', 'miss', 'guy', 'lot']"
777,1957145546,enthusiasm,I am going to die tomorrow night.  @emilazy should be here.,"['going', 'die', 'tomorrow', 'night', 'emilazy']"
824,1957153131,enthusiasm,"@drewseeley hey i loved ACS but i had to see it online, is not here yet   cant wait to buy it!!! you look amazing there","['drewseeley', 'hey', 'loved', 'ACS', 'see', 'online', 'yet', 'cant', 'wait', 'buy', 'look', 'amazing']"
937,1957179157,enthusiasm,boring. i wanna go for taekwando,"['boring', 'wan', 'na', 'go', 'taekwando']"
938,1957179475,enthusiasm,Watching Leno for the second to last time on the Tonight Show,"['Watching', 'Leno', 'second', 'last', 'time', 'Tonight', 'Show']"
1070,1957207781,enthusiasm,Only one more day of Jay Leno  que sad!,"['one', 'day', 'Jay', 'Leno', 'que', 'sad']"
1078,1957209385,enthusiasm,Good morning my sexy twitter how's yall doing??? I'm gd but it's like 7:49am n I still wanna sleep,"['Good', 'morning', 'sexy', 'twitter', ""'s"", 'yall', ""'m"", 'gd', ""'s"", 'like', '7:49am', 'n', 'still', 'wan', 'na', 'sleep']"
1291,1957265858,enthusiasm,i want candy!!!,"['want', 'candy']"
1321,1957273826,enthusiasm,Dying to get my hands on the Diagnosis Murder DVD boxset but those pesky kids at Amazon still won't deliver to Zimbabwe,"['Dying', 'get', 'hand', 'Diagnosis', 'Murder', 'DVD', 'boxset', 'pesky', 'kid', 'Amazon', 'still', 'wo', ""n't"", 'deliver', 'Zimbabwe']"
1360,1957285346,enthusiasm,Just discovered a shortcoming of Gravity. When you use Twitpic (integrated) it doesn't subtract the pic URL from the 140 character limit,"['discovered', 'shortcoming', 'Gravity', 'use', 'Twitpic', 'integrated', ""n't"", 'subtract', 'pic', 'URL', '140', 'character', 'limit']"
1576,1957343450,enthusiasm,"Google Wave looks cool. I should be working for these guys, I came up with some of these ideas years ago.  http://tinyurl.com/m77gp7","['Google', 'Wave', 'look', 'cool', 'working', 'guy', 'came', 'idea', 'year', 'ago', 'http', '//tinyurl.com/m77gp7']"
1746,1957388131,enthusiasm,"worked out tonight, had to work off the Cheesecake I ate todAY. To all the pple who are on a diet.. DON'T QUIT! It's not worth it","['worked', 'tonight', 'work', 'Cheesecake', 'ate', 'todAY', 'pple', 'diet', '..', ""N'T"", 'QUIT', ""'s"", 'worth']"
1858,1957413675,enthusiasm,@ScottRhodie I wanna be drinking at the pub,"['ScottRhodie', 'wan', 'na', 'drinking', 'pub']"
1865,1957415150,enthusiasm,"Up early this morning, first to portmeirion then home","['early', 'morning', 'first', 'portmeirion', 'home']"
1928,1957432228,enthusiasm,"Getting ready for work and the sun is shining, plus it's the w/e! Bgt tonight..... what am I gonna do after it's finished?!","['Getting', 'ready', 'work', 'sun', 'shining', 'plus', ""'s"", 'w/e', 'Bgt', 'tonight', '.....', 'gon', 'na', ""'s"", 'finished']"
1955,1957440197,enthusiasm,@gnoserif FANTASTIC IDEA.. you the man! but I'll end up all lonely when the tourist goes home,"['gnoserif', 'FANTASTIC', 'IDEA', '..', 'man', ""'ll"", 'end', 'lonely', 'tourist', 'go', 'home']"
2115,1957474232,enthusiasm,@JustcallmeMac your making me jealous now  I want one! How long have u guys been married?,"['JustcallmeMac', 'making', 'jealous', 'want', 'one', 'long', 'u', 'guy', 'married']"
2191,1957489961,enthusiasm,can't tell you how thrilled I am to have just had a nosebleed.  first time in ages.  overjoyed doesn't cover it.  urgh,"['ca', ""n't"", 'tell', 'thrilled', 'nosebleed', 'first', 'time', 'age', 'overjoyed', ""n't"", 'cover', 'urgh']"
2194,1957490410,enthusiasm,@katieclair88 You guys didn't call or come over  Did we do something?! Def. give us a call tomorrow and hang out with us chick!!,"['katieclair88', 'guy', ""n't"", 'call', 'come', 'something', 'Def', 'give', 'u', 'call', 'tomorrow', 'hang', 'u', 'chick']"
2264,1957506331,enthusiasm,Well I'm going to try and sleep now I have to be at work at 9 tomorrow  and then the weekend starts!!!!  http://myloc.me/1XTs,"['Well', ""'m"", 'going', 'try', 'sleep', 'work', 'tomorrow', 'weekend', 'start', 'http', '//myloc.me/1XTs']"
2295,1957513178,enthusiasm,got my cable set up! WIN!  got my lock put on my door! WIN! feeling a tad neglected... FAIL.,"['got', 'cable', 'set', 'WIN', 'got', 'lock', 'put', 'door', 'WIN', 'feeling', 'tad', 'neglected', '...', 'FAIL']"
2325,1957519801,enthusiasm,"Wow, been away 4 a while...stupid lap top is in the shop...still    Hope everyone is well!","['Wow', 'away', '...', 'stupid', 'lap', 'top', 'shop', '...', 'still', 'Hope', 'everyone', 'well']"
2334,1957520723,enthusiasm,I Need to get my friggin cameras cleand ASAP !!,"['Need', 'get', 'friggin', 'camera', 'cleand', 'ASAP']"
2390,1957533699,enthusiasm,"At work   leave for Berlin at 17:00 by car, will be a late arrival","['work', 'leave', 'Berlin', '17:00', 'car', 'late', 'arrival']"
2726,1957613292,enthusiasm,"@ubuntugeeks good morning to you!  No wait, its evening.  You still have a whole day of work to go before the weekend!","['ubuntugeeks', 'good', 'morning', 'wait', 'evening', 'still', 'whole', 'day', 'work', 'go', 'weekend']"
2768,1957623473,enthusiasm,"ahhhhh, I am falling asleep here, there is no way I'll be able to survive Liverpool   Although, I can't wait to have my Nan's food.","['ahhhhh', 'falling', 'asleep', 'way', ""'ll"", 'able', 'survive', 'Liverpool', 'Although', 'ca', ""n't"", 'wait', 'Nan', ""'s"", 'food']"
2861,1957640813,enthusiasm,@Melissa808 nah im pooped from moving 2day im just laying down relaxing  lol,"['Melissa808', 'nah', 'im', 'pooped', 'moving', '2day', 'im', 'laying', 'relaxing', 'lol']"
2882,1957646733,enthusiasm,I'm missing crab legs and attending my going away instead!,"[""'m"", 'missing', 'crab', 'leg', 'attending', 'going', 'away', 'instead']"
2960,1957664223,enthusiasm,UP was awesome! Everyone should go see it.  But the stupid theatre didn't show the Pixar short film.,"['awesome', 'Everyone', 'go', 'see', 'stupid', 'theatre', ""n't"", 'show', 'Pixar', 'short', 'film']"
3046,1957685970,enthusiasm,I WANT LASAGNA TOOOOOOO.,"['WANT', 'LASAGNA', 'TOOOOOOO']"
3128,1957708223,enthusiasm,company is offering 2nd round of VSS RIF!,"['company', 'offering', '2nd', 'round', 'VSS', 'RIF']"
3188,1957724705,enthusiasm,Looking for photo inspiration. But everything I want to do required more space than I have,"['Looking', 'photo', 'inspiration', 'everything', 'want', 'required', 'space']"
3208,1957728058,enthusiasm,@sotongs Sigh,"['sotongs', 'Sigh']"
3235,1957734941,enthusiasm,waiting for PRINCES PROTECTION PROGRAM online in English version  so long,"['waiting', 'PRINCES', 'PROTECTION', 'PROGRAM', 'online', 'English', 'version', 'long']"
3247,1957738636,enthusiasm,http://bit.ly/Wl9yL  i want to go here,"['http', '//bit.ly/Wl9yL', 'want', 'go']"
3260,1957741318,enthusiasm,Anyone up this te of night? The tweets have slowed down  let me know ur out there and I'll follow u,"['Anyone', 'te', 'night', 'tweet', 'slowed', 'let', 'know', 'ur', ""'ll"", 'follow', 'u']"
3385,1958036297,enthusiasm,im going to work,"['im', 'going', 'work']"
3514,1958065074,enthusiasm,i miss justin timberlake's voice. i want him to make new album again,"['miss', 'justin', 'timberlake', ""'s"", 'voice', 'want', 'make', 'new', 'album']"
3595,1958083092,enthusiasm,@herojaejoong Feel hungry now   Cook for me pleaseYour food it's my energy to work~,"['herojaejoong', 'Feel', 'hungry', 'Cook', 'pleaseYour', 'food', ""'s"", 'energy', 'work~']"
3608,1958086773,enthusiasm,well us Brits have to wait a few more days for it!  I thought it was all gonna released at once! I guess it's worth the wait!,"['well', 'u', 'Brits', 'wait', 'day', 'thought', 'gon', 'na', 'released', 'guess', ""'s"", 'worth', 'wait']"
3675,1958100476,enthusiasm,@nzclothnappy we can all but hope... georgia is still wide awake and has the hiccups,"['nzclothnappy', 'hope', '...', 'georgia', 'still', 'wide', 'awake', 'hiccup']"
3816,1958128181,enthusiasm,"@edziardo : Hi, there! I'm sorry for not telling you  Let's meet up! With @yayi_meirizka too. You promised to treat us! XD","['edziardo', 'Hi', ""'m"", 'sorry', 'telling', 'Let', ""'s"", 'meet', 'yayi_meirizka', 'promised', 'treat', 'u', 'XD']"
3943,1960146895,enthusiasm,"@FuschiaFoot sold, so i hit cash and just took the tax out of my tips. but then my drawer ended up being 5 dollars short  idk if its cause","['FuschiaFoot', 'sold', 'hit', 'cash', 'took', 'tax', 'tip', 'drawer', 'ended', 'dollar', 'short', 'idk', 'cause']"
3991,1960159686,enthusiasm,"Duuuude, Tim said that they're making a Red vs Blue animated series! It'll be either on Adult Swim or G4. I hope AS, coz I don't have G4!","['Duuuude', 'Tim', 'said', ""'re"", 'making', 'Red', 'v', 'Blue', 'animated', 'series', ""'ll"", 'either', 'Adult', 'Swim', 'G4', 'hope', 'coz', ""n't"", 'G4']"
4005,1960164604,enthusiasm,enjoying and exploring my n96 phone.. grr.. it's awesome.. but i wanted the samsung omnia..,"['enjoying', 'exploring', 'n96', 'phone', '..', 'grr', '..', ""'s"", 'awesome', '..', 'wanted', 'samsung', 'omnia', '..']"
4022,1960168536,enthusiasm,"@garrulous_gal of course! *cough* I mean, no, 1.5 hours extra testing and debugging time","['garrulous_gal', 'course', 'cough', 'mean', '1.5', 'hour', 'extra', 'testing', 'debugging', 'time']"
4048,1960194630,enthusiasm,had to take my baby to the vet again today,"['take', 'baby', 'vet', 'today']"
4170,1960259597,enthusiasm,Dubai!!! Still trying to settle down,"['Dubai', 'Still', 'trying', 'settle']"
4176,1960260812,enthusiasm,I really want a camera!,"['really', 'want', 'camera']"
4187,1960263190,enthusiasm,Going to the Chiro to see what is wrong with my bum ankle.,"['Going', 'Chiro', 'see', 'wrong', 'bum', 'ankle']"
4202,1960267054,enthusiasm,@Hilareeee But...but...I'm not!,"['Hilareeee', '...', '...', ""'m""]"
4464,1960385436,enthusiasm,Need to buy a bluetooth device for machine,"['Need', 'buy', 'bluetooth', 'device', 'machine']"
4466,1960385744,enthusiasm,The JBs love to keep secrets!  'Oooooh!',"['JBs', 'love', 'keep', 'secret', ""'Oooooh""]"
4539,1960431364,enthusiasm,@MelzieC I saw the show listing and saw it was on a Wednesday!!!!,"['MelzieC', 'saw', 'show', 'listing', 'saw', 'Wednesday']"
4667,1960467838,enthusiasm,"@capitaln Um...no  We will most likely be inside a lot, maybe the skirt will work!","['capitaln', 'Um', '...', 'likely', 'inside', 'lot', 'maybe', 'skirt', 'work']"
4682,1960470707,enthusiasm,"I have myself barely 4 hrs of sleep and the Lord blessed me with what feels like 8, but it came with a sore throat  pumpin out this paper!","['barely', 'hr', 'sleep', 'Lord', 'blessed', 'feel', 'like', 'came', 'sore', 'throat', 'pumpin', 'paper']"
4842,1960533254,enthusiasm,i feel like taking a day off but cannot afford it  looking forward to the dfb cup final tmrw night though. go werder!!!,"['feel', 'like', 'taking', 'day', 'afford', 'looking', 'forward', 'dfb', 'cup', 'final', 'tmrw', 'night', 'though', 'go', 'werder']"
4942,1960565313,enthusiasm,"@KatMeyer Hey, is the #beatweetup badge required for tonight? Just realized I left mine at home!","['KatMeyer', 'Hey', 'beatweetup', 'badge', 'required', 'tonight', 'realized', 'left', 'mine', 'home']"
5113,1960623373,enthusiasm,I WANT A GARDEN  sitting inside when it's sunny sucks.,"['WANT', 'GARDEN', 'sitting', 'inside', ""'s"", 'sunny', 'suck']"
5121,1960626140,enthusiasm,fcuk! ayoko na!! I said that in tagalog cuz idk what to do anymore!,"['fcuk', 'ayoko', 'na', 'said', 'tagalog', 'cuz', 'idk', 'anymore']"
5207,1960670056,enthusiasm,@umphreysmcgee Great Podcast!  I wish you guys had more Chi shows this summer.  The only times I will see you will be at Alpine,"['umphreysmcgee', 'Great', 'Podcast', 'wish', 'guy', 'Chi', 'show', 'summer', 'time', 'see', 'Alpine']"
5421,1960816923,enthusiasm,"@yvetterdz84 nah, he won't  but I will sit here and enjoy the view :-P","['yvetterdz84', 'nah', 'wo', ""n't"", 'sit', 'enjoy', 'view', '-P']"
5504,1960873353,enthusiasm,@Katiekins08 I want to SOOOOOOO BAD!!!,"['Katiekins08', 'want', 'SOOOOOOO', 'BAD']"
5713,1961004775,enthusiasm,@orangelight because the one I was having at that moment woke me up.,"['orangelight', 'one', 'moment', 'woke']"
5773,1961044850,enthusiasm,at work  then back to my baby's house,"['work', 'back', 'baby', ""'s"", 'house']"
5800,1961056742,enthusiasm,"Visit 2  La Ventana de los Cielos foundation was pushed bck 2 weeks,  was so excited 2 go &amp; meet the kids. I'll have 2 wait another 2 wks","['Visit', 'La', 'Ventana', 'de', 'los', 'Cielos', 'foundation', 'pushed', 'bck', 'week', 'excited', 'go', 'amp', 'meet', 'kid', ""'ll"", 'wait', 'another', 'wks']"
5833,1961064362,enthusiasm,@epiphanygirl Wish I was in Dallas.. Can I still say ow!? lol Hey... u spelled my name wrong  It's all good. Thanks for #FF love,"['epiphanygirl', 'Wish', 'Dallas', '..', 'still', 'say', 'ow', 'lol', 'Hey', '...', 'u', 'spelled', 'name', 'wrong', ""'s"", 'good', 'Thanks', 'FF', 'love']"
6072,1961138624,enthusiasm,It's Friday!!!!....and the sun is out....but I'm working inside.,"[""'s"", 'Friday', '....', 'sun', '....', ""'m"", 'working', 'inside']"
6109,1961147777,enthusiasm,Just got up. Need to leave for class in a hour.,"['got', 'Need', 'leave', 'class', 'hour']"
6299,1961219902,enthusiasm,@JanaiChristian While im stuck INSIDE in Elk Grove Village working all day   Someone should enjoy it!,"['JanaiChristian', 'im', 'stuck', 'INSIDE', 'Elk', 'Grove', 'Village', 'working', 'day', 'Someone', 'enjoy']"
6374,1961243059,enthusiasm,"Just been out to try to catch a swarm, gone into a roof gable end   Set up a bait hive an hoping for the best at the moment","['try', 'catch', 'swarm', 'gone', 'roof', 'gable', 'end', 'Set', 'bait', 'hive', 'hoping', 'best', 'moment']"
6391,1961246115,enthusiasm,@DisneyLuis Aww what happened?,"['DisneyLuis', 'Aww', 'happened']"
6521,1961287443,enthusiasm,"@jodiekearns I'm there all weekend, expecting it to be way too hot","['jodiekearns', ""'m"", 'weekend', 'expecting', 'way', 'hot']"
6577,1961362797,enthusiasm,@shadowfish But I'd have to drive  Or get a taxi. Do you have a pool table/jukebox?,"['shadowfish', ""'d"", 'drive', 'get', 'taxi', 'pool', 'table/jukebox']"
6600,1961369134,enthusiasm,"@HDEnvy Thanks!  Unfortunately the EU had probs with his satellite provider, so even though his TV LOOKS great, it's basically useless","['HDEnvy', 'Thanks', 'Unfortunately', 'EU', 'probs', 'satellite', 'provider', 'even', 'though', 'TV', 'LOOKS', 'great', ""'s"", 'basically', 'useless']"
6696,1961417329,enthusiasm,"Back in lancaster bored already, can't wait to start work! Missing hel!","['Back', 'lancaster', 'bored', 'already', 'ca', ""n't"", 'wait', 'start', 'work', 'Missing', 'hel']"
7098,1961541468,enthusiasm,I have a headache...,"['headache', '...']"
7225,1961572680,enthusiasm,I need to buy a cheap verizon phone,"['need', 'buy', 'cheap', 'verizon', 'phone']"
7438,1961694432,enthusiasm,"@xac Reminders are good! Speaking of which, we haven't had a Posture Check in awhile.....","['xac', 'Reminders', 'good', 'Speaking', ""n't"", 'Posture', 'Check', 'awhile', '.....']"
7513,1961748517,enthusiasm,Everyone is so sad about the no touching rule.  You still get to see them! More than most of us get!,"['Everyone', 'sad', 'touching', 'rule', 'still', 'get', 'see', 'u', 'get']"
7519,1961749727,enthusiasm,@ChantiParnell I wana be there num 1 fan  sharsies??!!!,"['ChantiParnell', 'wana', 'num', 'fan', 'sharsies']"
7529,1961751039,enthusiasm,@loribartolozzi I just found out 5 minutes ago  mama said his speech is still slurred but he seems to be doing ok,"['loribartolozzi', 'found', 'minute', 'ago', 'mama', 'said', 'speech', 'still', 'slurred', 'seems', 'ok']"
7565,1961761952,enthusiasm,"baby i need you , right here , right now","['baby', 'need', 'right', 'right']"
7574,1961764105,enthusiasm,@tinabojo Wish I was there!,"['tinabojo', 'Wish']"
7612,1961815264,enthusiasm,I want it to rain today! Like full thunderstorm style! But it probably won't,"['want', 'rain', 'today', 'Like', 'full', 'thunderstorm', 'style', 'probably', 'wo', ""n't""]"
7747,1961876306,enthusiasm,What a meeting... YAY more work for me,"['meeting', '...', 'YAY', 'work']"
7802,1961895436,enthusiasm,Found some great places but I might have to play it safer and wait 2 years till my car is paid off,"['Found', 'great', 'place', 'might', 'play', 'safer', 'wait', 'year', 'till', 'car', 'paid']"
7827,1961900603,enthusiasm,wishes I could be the one going to our conference in the Bahamas next week,"['wish', 'could', 'one', 'going', 'conference', 'Bahamas', 'next', 'week']"
7833,1961909603,enthusiasm,Stood outsiden got the WORST butterflies everrrrr!,"['Stood', 'outsiden', 'got', 'WORST', 'butterfly', 'everrrrr']"
7837,1961909997,enthusiasm,@bryanhowl  @kat10187  You guys can make it through!,"['bryanhowl', 'kat10187', 'guy', 'make']"
7849,1961912048,enthusiasm,I want it to be 5 already,"['want', 'already']"
7895,1961921618,enthusiasm,"@INKDMOM I know, right?!? I have such a lead foot","['INKDMOM', 'know', 'right', 'lead', 'foot']"
7989,1961971544,enthusiasm,The first time all week I can play WoW and I get stuck at &quot;authenticating&quot;.,"['first', 'time', 'week', 'play', 'WoW', 'get', 'stuck', 'quot', 'authenticating', 'quot']"
8015,1961992800,enthusiasm,Lazy day in is awesome but I really should go out,"['Lazy', 'day', 'awesome', 'really', 'go']"
8073,1962007258,enthusiasm,I really wish someone would make a groupchat theme for Adium suited for IRC. yMous has way too low contrast.,"['really', 'wish', 'someone', 'would', 'make', 'groupchat', 'theme', 'Adium', 'suited', 'IRC', 'yMous', 'way', 'low', 'contrast']"
8083,1962015812,enthusiasm,workin at la bootay... wheres the warm weather at???,"['workin', 'la', 'bootay', '...', 'wheres', 'warm', 'weather']"
8133,1962027040,enthusiasm,Sushi joint was closed  but still had a nice lunch w/ Angel!,"['Sushi', 'joint', 'closed', 'still', 'nice', 'lunch', 'w/', 'Angel']"
8193,1962064379,enthusiasm,at school again  its boring and these people are playing country and it sucks !!!!XD,"['school', 'boring', 'people', 'playing', 'country', 'suck', 'XD']"
8212,1962068099,enthusiasm,"@mikeneumann  You just want to go?? I know the feeling...  I'm ready to head back to the mountains, I won't go back till July","['mikeneumann', 'want', 'go', 'know', 'feeling', '...', ""'m"", 'ready', 'head', 'back', 'mountain', 'wo', ""n't"", 'go', 'back', 'till', 'July']"
8215,1962069015,enthusiasm,@sarahbellum Your not alone,"['sarahbellum', 'alone']"
8219,1962069581,enthusiasm,"my mouth is sore  I have to wear these stupid retainers so my teeth don't go crooked!...in other news, I got a new swimsuit for laps!","['mouth', 'sore', 'wear', 'stupid', 'retainer', 'teeth', ""n't"", 'go', 'crooked', '...', 'news', 'got', 'new', 'swimsuit', 'lap']"
8326,1962139631,enthusiasm,Cant wait to leave work,"['Cant', 'wait', 'leave', 'work']"
8428,1962178056,enthusiasm,I don't want Warren to die. He's an awesome character!  I hate Clare she should fucking die once and for all.,"[""n't"", 'want', 'Warren', 'die', ""'s"", 'awesome', 'character', 'hate', 'Clare', 'fucking', 'die']"
8510,1962202403,enthusiasm,is trying to find something to do tonight,"['trying', 'find', 'something', 'tonight']"
8549,1962216032,enthusiasm,@fstrevisan vocï¿½ que sumiu forever do msn.,"['fstrevisan', 'vocï¿½', 'que', 'sumiu', 'forever', 'msn']"
8772,1962302050,enthusiasm,Evenin' tweeties. Phew it's been hot! Not that I'm complaining. Walked 4 miles into town today and felt all hot 'n sweaty   Was nice tho.,"['Evenin', 'tweeties', 'Phew', ""'s"", 'hot', ""'m"", 'complaining', 'Walked', 'mile', 'town', 'today', 'felt', 'hot', ""'n"", 'sweaty', 'nice', 'tho']"
9027,1962398157,enthusiasm,just got the dreaded call from babysitter - little H has bumped her head  Sitter says she's fine and goose egg is going down fast,"['got', 'dreaded', 'call', 'babysitter', 'little', 'H', 'bumped', 'head', 'Sitter', 'say', ""'s"", 'fine', 'goose', 'egg', 'going', 'fast']"
9064,1962410509,enthusiasm,"Shouldn't sit weirdly at the pc, I know Im going to hit the deck once I get up","[""n't"", 'sit', 'weirdly', 'pc', 'know', 'Im', 'going', 'hit', 'deck', 'get']"
9100,1962417041,enthusiasm,"off to go buy more deck sleeves and 3X3 card pages.  Man, those pages are expensive!   Stupid organizing collection.","['go', 'buy', 'deck', 'sleeve', '3X3', 'card', 'page', 'Man', 'page', 'expensive', 'Stupid', 'organizing', 'collection']"
9232,1962472133,enthusiasm,Appreciation lunch at work. Good food! But sucks being here on my day off lol,"['Appreciation', 'lunch', 'work', 'Good', 'food', 'suck', 'day', 'lol']"
9246,1962474115,enthusiasm,says Goodmorning.  http://plurk.com/p/x2bm1,"['say', 'Goodmorning', 'http', '//plurk.com/p/x2bm1']"
9325,1962520993,enthusiasm,"Working on this DAMN Financial project, Definitely not having any fun this weekend  , I want to spend it wit my BAAABY waaaah","['Working', 'DAMN', 'Financial', 'project', 'Definitely', 'fun', 'weekend', 'want', 'spend', 'wit', 'BAAABY', 'waaaah']"
9504,1962599722,enthusiasm,@Littleradge I have a friend who loves that spot. I want to go,"['Littleradge', 'friend', 'love', 'spot', 'want', 'go']"
9512,1962600659,enthusiasm,@TarQuianHesa Yeah they are! So stop making fun of me! I gotta get new ones,"['TarQuianHesa', 'Yeah', 'stop', 'making', 'fun', 'got', 'ta', 'get', 'new', 'one']"
9527,1962603724,enthusiasm,"wishing i was there, so you should go in my place. #brandwkshop http://tr.im/mOXL i see they've got scott bedbury and more.. poor me","['wishing', 'go', 'place', 'brandwkshop', 'http', '//tr.im/mOXL', 'see', ""'ve"", 'got', 'scott', 'bedbury', '..', 'poor']"
9540,1962607890,enthusiasm,@maryegilmore Ready! Its raining in Miami though  Go Cavs right?,"['maryegilmore', 'Ready', 'raining', 'Miami', 'though', 'Go', 'Cavs', 'right']"
9615,1962653490,enthusiasm,Trying to win a @neverwear contest for a a print of The Day the Saucers Came signed by @neilhimself... My brain is tapped out of ideas,"['Trying', 'win', 'neverwear', 'contest', 'print', 'Day', 'Saucers', 'Came', 'signed', 'neilhimself', '...', 'brain', 'tapped', 'idea']"
9687,1962686542,enthusiasm,back from taking jarid to the airport  but looking forward to meeting my new nephew in 5 days.,"['back', 'taking', 'jarid', 'airport', 'looking', 'forward', 'meeting', 'new', 'nephew', 'day']"
9805,1962718052,enthusiasm,Off to NC tonight until June 7th! I'm going to miss NYC   Getting ready for my 21st birthday Luau BBQ on JULY 11TH!!!!!!!!,"['NC', 'tonight', 'June', '7th', ""'m"", 'going', 'miss', 'NYC', 'Getting', 'ready', '21st', 'birthday', 'Luau', 'BBQ', 'JULY', '11TH']"
9892,1962738252,enthusiasm,"I can't wait to start my weekend. I'm so sick of working, I have to self-medicate, and I'm fresh out of herb","['ca', ""n't"", 'wait', 'start', 'weekend', ""'m"", 'sick', 'working', 'self-medicate', ""'m"", 'fresh', 'herb']"
9897,1962739992,enthusiasm,"@MrExclusive1 I'm jealous...i need 2 escape 2, lol.","['MrExclusive1', ""'m"", 'jealous', '...', 'need', 'escape', 'lol']"
9956,1962769017,enthusiasm,@MILEYCYRUS  WHAT ABOUT ME ??  I VOTE EVERY DAY FOR YOU !!!!!,"['MILEYCYRUS', 'VOTE', 'EVERY', 'DAY']"
9973,1962773927,enthusiasm,Wants to meet Jeff Hardy and Beth Britt So bad its Soo Annoying  x x,"['Wants', 'meet', 'Jeff', 'Hardy', 'Beth', 'Britt', 'bad', 'Soo', 'Annoying', 'x', 'x']"
10067,1962813043,enthusiasm,@THE_WOCKEEZ I wanna go! But I won't be there  I'm sure that the show will be great!!,"['THE_WOCKEEZ', 'wan', 'na', 'go', 'wo', ""n't"", ""'m"", 'sure', 'show', 'great']"
10180,1962841827,enthusiasm,@deeliciouz Even without the dressing they're still over 500 calories. I love that flatbread.,"['deeliciouz', 'Even', 'without', 'dressing', ""'re"", 'still', '500', 'calorie', 'love', 'flatbread']"
10185,1962843150,enthusiasm,going to work once again. what a great few days off i had. now it's over  but atleast i get 2 more commin up wahooooooo,"['going', 'work', 'great', 'day', ""'s"", 'atleast', 'get', 'commin', 'wahooooooo']"
10196,1962845728,enthusiasm,My Respect For Travis Clark Has Gone Down 7.5 Notches,"['Respect', 'Travis', 'Clark', 'Gone', '7.5', 'Notches']"
10215,1962850040,enthusiasm,@haikubirdie If only  I may make one out of dental floss later.,"['haikubirdie', 'may', 'make', 'one', 'dental', 'floss', 'later']"
10259,1962861360,enthusiasm,leaving now  dont miss me too much tweetbeaks &lt;3,"['leaving', 'dont', 'miss', 'much', 'tweetbeaks', 'lt']"
10299,1962872216,enthusiasm,I'm sick of being sick. The weekend is here and I'm ready to party,"[""'m"", 'sick', 'sick', 'weekend', ""'m"", 'ready', 'party']"
10332,1962879005,enthusiasm,wanna go on the new manta ride  wish i was in the states,"['wan', 'na', 'go', 'new', 'manta', 'ride', 'wish', 'state']"
10360,1962889999,enthusiasm,@neudesigns MCM is still my next main event.  I'll be happy to get back running soon.  Still run-less for 10 days.,"['neudesigns', 'MCM', 'still', 'next', 'main', 'event', ""'ll"", 'happy', 'get', 'back', 'running', 'soon', 'Still', 'run-less', '10', 'day']"
10394,1962894365,enthusiasm,Ok so 4 needs to hurry up and come wtf I wanna go hooooommmeeee!,"['Ok', 'need', 'hurry', 'come', 'wtf', 'wan', 'na', 'go', 'hooooommmeeee']"
10510,1962926808,enthusiasm,"@cloudconnected KH is the only thing I'll be a weeaboo about.  I still prefer it in English but I'm impatient, haha","['cloudconnected', 'KH', 'thing', ""'ll"", 'weeaboo', 'still', 'prefer', 'English', ""'m"", 'impatient', 'haha']"
10603,1962953012,enthusiasm,Waiting for 5:00 &amp; having cramps,"['Waiting', '5:00', 'amp', 'cramp']"
10661,1962970623,enthusiasm,Ready for Eastenders - going to be a good one!! .. Then the last BGT Semi Final  .. FINAL tomorrow night though  Exciting stuff...,"['Ready', 'Eastenders', 'going', 'good', 'one', '..', 'last', 'BGT', 'Semi', 'Final', '..', 'FINAL', 'tomorrow', 'night', 'though', 'Exciting', 'stuff', '...']"
10903,1963051039,enthusiasm,@NathanFillion You're going to the UK?! Take me with!,"['NathanFillion', ""'re"", 'going', 'UK', 'Take']"
11022,1963090579,enthusiasm,"Apparently TV could not be fixed  On the plus side, we are being refunded the cost of it and can buy a new one.","['Apparently', 'TV', 'could', 'fixed', 'plus', 'side', 'refunded', 'cost', 'buy', 'new', 'one']"
11051,1963102339,enthusiasm,"if you have 75 cents, U can buy a share of GM stock.  Probably 50 cents tomorrow.","['75', 'cent', 'U', 'buy', 'share', 'GM', 'stock', 'Probably', '50', 'cent', 'tomorrow']"
11153,1963128792,enthusiasm,Have book in head will write this weekend. (maybe). Hi Ho Hi Ho its off to work I go.,"['book', 'head', 'write', 'weekend', 'maybe', 'Hi', 'Ho', 'Hi', 'Ho', 'work', 'go']"
11317,1963176548,enthusiasm,Im in pain been stood on my feet for 15hrs  nursing is very hard but I love it and how gorgeous is this evening xXx,"['Im', 'pain', 'stood', 'foot', '15hrs', 'nursing', 'hard', 'love', 'gorgeous', 'evening', 'xXx']"
11400,1963201459,enthusiasm,@criscilla at work!! Agh I really need to go with you  what days do you go so that I can add it to my schedule!,"['criscilla', 'work', 'Agh', 'really', 'need', 'go', 'day', 'go', 'add', 'schedule']"
11489,1963229336,enthusiasm,My Birthday weekend! cant find where my ex hid our DANE COOK TICKETS for tomorrow!!! WTF that's all i wanted for my birthday,"['Birthday', 'weekend', 'cant', 'find', 'ex', 'hid', 'DANE', 'COOK', 'TICKETS', 'tomorrow', 'WTF', ""'s"", 'wanted', 'birthday']"
11548,1963274171,enthusiasm,"@KerryQP Interesting... I never get to Etown, however.","['KerryQP', 'Interesting', '...', 'never', 'get', 'Etown', 'however']"
11682,1963319054,enthusiasm,@awaisnaseer Cover the tomm. event baby! Id like a live blogging on it,"['awaisnaseer', 'Cover', 'tomm', 'event', 'baby', 'Id', 'like', 'live', 'blogging']"
11734,1963331641,enthusiasm,@jamiexvx join the club.,"['jamiexvx', 'join', 'club']"
11737,1963332629,enthusiasm,Yay!! My computer came today. Too bad it's being held hostage at my parents' house until I can pick it up,"['Yay', 'computer', 'came', 'today', 'bad', ""'s"", 'held', 'hostage', 'parent', 'house', 'pick']"
12008,1963419566,enthusiasm,@MrsKerryKatona glad 2hear it kerry!!! didnt know u were on gmtv this morning &amp; i missed it!,"['MrsKerryKatona', 'glad', '2hear', 'kerry', 'didnt', 'know', 'u', 'gmtv', 'morning', 'amp', 'missed']"
12081,1963459465,enthusiasm,About to go on 6 hour journey home,"['go', 'hour', 'journey', 'home']"
12121,1963474741,enthusiasm,@rachelgirl5 I can't go to the grocery store on an empty stomach. That's trouble! I wanna see ur show but not sure ill get to  let u kno,"['rachelgirl5', 'ca', ""n't"", 'go', 'grocery', 'store', 'empty', 'stomach', ""'s"", 'trouble', 'wan', 'na', 'see', 'ur', 'show', 'sure', 'ill', 'get', 'let', 'u', 'kno']"
12135,1963478054,enthusiasm,wishes she was in Boston for DMB,"['wish', 'Boston', 'DMB']"
12209,1963501164,enthusiasm,Nice seeing my partner in crime/gossip drama queen partner again. I missed my Manda!,"['Nice', 'seeing', 'partner', 'crime/gossip', 'drama', 'queen', 'partner', 'missed', 'Manda']"
12243,1963508110,enthusiasm,i so wish i could get pregnant!!,"['wish', 'could', 'get', 'pregnant']"
12304,1963529093,enthusiasm,BGT!!!!!!! - Will be gutted when it finishes tomorrow  - Stavros Flatley all the way!,"['BGT', 'gutted', 'finish', 'tomorrow', 'Stavros', 'Flatley', 'way']"
12356,1963548851,enthusiasm,@ZuriEventsLLC aww I wish the same thing...,"['ZuriEventsLLC', 'aww', 'wish', 'thing', '...']"
12471,1963582277,enthusiasm,last day of work  ...but everyone is making it so great!,"['last', 'day', 'work', '...', 'everyone', 'making', 'great']"
12513,1963592742,enthusiasm,http://twitpic.com/67bpd - This store at the airport is as close as we'll get to WDW during this trip.,"['http', '//twitpic.com/67bpd', 'store', 'airport', 'close', ""'ll"", 'get', 'WDW', 'trip']"
12617,1963643799,enthusiasm,@eedawson It's not gonna storm!  because I said so!,"['eedawson', ""'s"", 'gon', 'na', 'storm', 'said']"
12801,1963729025,enthusiasm,@mitchelmusso I want to call you but it would cost to much  But Maybe my parents will say okay =D,"['mitchelmusso', 'want', 'call', 'would', 'cost', 'much', 'Maybe', 'parent', 'say', 'okay', '=D']"
12899,1963755263,enthusiasm,@brunamedeiros heeeeey baby ? where are you?,"['brunamedeiros', 'heeeeey', 'baby']"
13157,1963910164,enthusiasm,@cripchick that sounds foreboding...,"['cripchick', 'sound', 'foreboding', '...']"
13221,1963962233,enthusiasm,Trying to get the motivation to make a shopping list and make a phone call I don't want to make...ahhh procrastination rears its head,"['Trying', 'get', 'motivation', 'make', 'shopping', 'list', 'make', 'phone', 'call', ""n't"", 'want', 'make', '...', 'ahhh', 'procrastination', 'rear', 'head']"
13249,1963969551,enthusiasm,is hitting the streets. 40 hours living with Lexington's homeless. No food...no bed...no problem. No Facebook or Twitter...  Pray for us.,"['hitting', 'street', '40', 'hour', 'living', 'Lexington', ""'s"", 'homeless', 'food', '...', 'bed', '...', 'problem', 'Facebook', 'Twitter', '...', 'Pray', 'u']"
13395,1964018085,enthusiasm,ItS fRiDaY... I cAn'T wAiT tO bE dOnE wItH wOrK!!! Stuck here till 11,"['fRiDaY', '...', ""cAn'T"", 'wAiT', 'dOnE', 'wOrK', 'Stuck', 'till', '11']"
13423,1964031441,enthusiasm,ERRG I cant believe that i am not working at all next week i think its time to move on from Chick fil A,"['ERRG', 'cant', 'believe', 'working', 'next', 'week', 'think', 'time', 'move', 'Chick', 'fil']"
13457,1964039006,enthusiasm,"@Katie_0407 all over the place it was  boo, dual voice challenge was too challenging","['Katie_0407', 'place', 'boo', 'dual', 'voice', 'challenge', 'challenging']"
13518,1964056928,enthusiasm,@TheNest I wish the photos on your site were bigger,"['TheNest', 'wish', 'photo', 'site', 'bigger']"
13532,1964059968,enthusiasm,maybe going to the movies later? ik gay,"['maybe', 'going', 'movie', 'later', 'ik', 'gay']"
13535,1964061104,enthusiasm,@lfatzinger the following week would be better - I'll be gone next week,"['lfatzinger', 'following', 'week', 'would', 'better', ""'ll"", 'gone', 'next', 'week']"
13716,1964148162,enthusiasm,@cerealck1 i want one so bad  get one for me ?? (:,"['cerealck1', 'want', 'one', 'bad', 'get', 'one']"
13743,1964156621,enthusiasm,"yeahh, uhhh, not so sure if i'm feeling the new jonas songs just yet","['yeahh', 'uhhh', 'sure', ""'m"", 'feeling', 'new', 'jonas', 'song', 'yet']"
13891,1964237335,enthusiasm,"@_dritan Dam you, I want an #android, stupid only rogers","['_dritan', 'Dam', 'want', 'android', 'stupid', 'rogers']"
13968,1964288779,enthusiasm,I wanna talk to Mitchel Mussoooooo,"['wan', 'na', 'talk', 'Mitchel', 'Mussoooooo']"
14057,1964325317,enthusiasm,is off 2 bed. gon force the sandman 2 com do wot he do since it dont look like there's gon be any partyin 2nyt,"['bed', 'gon', 'force', 'sandman', 'com', 'wot', 'since', 'dont', 'look', 'like', ""'s"", 'gon', 'partyin', '2nyt']"
14081,1964328633,enthusiasm,Heading to a wedding,"['Heading', 'wedding']"
14146,1964372398,enthusiasm,@Mileycyrus I can't Vote 4 u a the MTV movie awards. There is no vote button. Is it cause i live in sweden? I wanna vote 4 u 2  u rock xo,"['Mileycyrus', 'ca', ""n't"", 'Vote', 'u', 'MTV', 'movie', 'award', 'vote', 'button', 'cause', 'live', 'sweden', 'wan', 'na', 'vote', 'u', 'u', 'rock', 'xo']"
14360,1964493215,enthusiasm,Back to Work,"['Back', 'Work']"
14385,1964497983,enthusiasm,Just got a call from my Realtor saying I have another showing on Sunday. No offers yet  but at least there is a lot of interest.,"['got', 'call', 'Realtor', 'saying', 'another', 'showing', 'Sunday', 'offer', 'yet', 'least', 'lot', 'interest']"
14401,1964503145,enthusiasm,I need some DRANK &amp; &quot;GRAPE KONTAKT&quot; from my girlies  lol SOOOO SERIOUS!,"['need', 'DRANK', 'amp', 'quot', 'GRAPE', 'KONTAKT', 'quot', 'girlies', 'lol', 'SOOOO', 'SERIOUS']"
14405,1964503648,enthusiasm,@DFS_Ellen and she's 9.5 and a rescue.. bad hips.    She deserves pampering!  She's full of life though!!,"['DFS_Ellen', ""'s"", '9.5', 'rescue', '..', 'bad', 'hip', 'deserves', 'pampering', ""'s"", 'full', 'life', 'though']"
14522,1964560823,enthusiasm,"Ok, so I know it's nearly 10:30pm here but @martylyn made me want some ice cream... I can't get the Italian stuff though","['Ok', 'know', ""'s"", 'nearly', '10:30pm', 'martylyn', 'made', 'want', 'ice', 'cream', '...', 'ca', ""n't"", 'get', 'Italian', 'stuff', 'though']"
14565,1964573975,enthusiasm,Today is lame because I am not in Orlando  I am soooo looking forward to NEXT friday,"['Today', 'lame', 'Orlando', 'soooo', 'looking', 'forward', 'NEXT', 'friday']"
14586,1964578180,enthusiasm,"Looking to sketch final catwalk outfit, i really REALLY want my long pink hair back. i also want to dye my models hair pink not allowed","['Looking', 'sketch', 'final', 'catwalk', 'outfit', 'really', 'REALLY', 'want', 'long', 'pink', 'hair', 'back', 'also', 'want', 'dye', 'model', 'hair', 'pink', 'allowed']"
14704,1964617614,enthusiasm,@ItsIan ohhh your soo lucky it is nice out. Here it is rainy and humid.,"['ItsIan', 'ohhh', 'soo', 'lucky', 'nice', 'rainy', 'humid']"
14776,1964641821,enthusiasm,@mileycyrus i wish i could meet you once  do u think this will happen someday? :'(,"['mileycyrus', 'wish', 'could', 'meet', 'u', 'think', 'happen', 'someday']"
14800,1964645534,enthusiasm,"Looks like rain again  Oh well, it will give me a chance to work on a new crochet pattern I have in the works.","['Looks', 'like', 'rain', 'Oh', 'well', 'give', 'chance', 'work', 'new', 'crochet', 'pattern', 'work']"
14801,1964645568,enthusiasm,Getting all annoyed cos this weekend's going to be hot. I'm bloody working,"['Getting', 'annoyed', 'co', 'weekend', ""'s"", 'going', 'hot', ""'m"", 'bloody', 'working']"
15235,1964772406,enthusiasm,- Gig was awesome! Am exahausted and so dont want to revise  Boo Hoo!,"['Gig', 'awesome', 'exahausted', 'dont', 'want', 'revise', 'Boo', 'Hoo']"
15288,1964792998,enthusiasm,@heroesforsale That would have been fun BUT we were soooo TIRED yesterday.  Long day at the office. Just did dinner and crashed.,"['heroesforsale', 'would', 'fun', 'soooo', 'TIRED', 'yesterday', 'Long', 'day', 'office', 'dinner', 'crashed']"
15299,1964795612,enthusiasm,So my first aid shift started out with some excitement but now it's kinda died down...  I wish I could do this more often!,"['first', 'aid', 'shift', 'started', 'excitement', ""'s"", 'kinda', 'died', '...', 'wish', 'could', 'often']"
15334,1964808062,enthusiasm,@kristenyt  that's why I need to be there...To represent the Blackberries,"['kristenyt', ""'s"", 'need', '...', 'represent', 'Blackberries']"
15482,1964850830,enthusiasm,"I wish I was at Disneyland or watching Star Trek like other people are doing. I swear, I must be the only sap who works on Fridays.","['wish', 'Disneyland', 'watching', 'Star', 'Trek', 'like', 'people', 'swear', 'must', 'sap', 'work', 'Fridays']"
15611,1964891381,enthusiasm,@hiaudreygrace NOOOOO!!!!!!! We have to do something immediately. I'm leaving in 2 weeks!!!,"['hiaudreygrace', 'NOOOOO', 'something', 'immediately', ""'m"", 'leaving', 'week']"
15656,1964947635,enthusiasm,Greg Pritchard should have got threw to the final of britains got talent,"['Greg', 'Pritchard', 'got', 'threw', 'final', 'britain', 'got', 'talent']"
15682,1964952829,enthusiasm,"@AS2257 heyyyyyyyyyyyyy divshite, phone is playing soft arses again  xx","['AS2257', 'heyyyyyyyyyyyyy', 'divshite', 'phone', 'playing', 'soft', 'arses', 'xx']"
15695,1964956543,enthusiasm,"Watching 1971 edition if Old Grey Whistle Test. Fanny, Mamas and the Papas &amp; Isaac Hayes. Don't make shows like this anymore","['Watching', '1971', 'edition', 'Old', 'Grey', 'Whistle', 'Test', 'Fanny', 'Mamas', 'Papas', 'amp', 'Isaac', 'Hayes', ""n't"", 'make', 'show', 'like', 'anymore']"
15700,1964957174,enthusiasm,I want another shake from Ritas.Badly.,"['want', 'another', 'shake', 'Ritas.Badly']"
15762,1964977669,enthusiasm,i really wanted to go to surfers today,"['really', 'wanted', 'go', 'surfer', 'today']"
15838,1965009135,enthusiasm,"#NHL Not a fan of either team, my head says Detroit, my feet say the Pens my heart doesn't care   GO KINGS in 2009/2010","['NHL', 'fan', 'either', 'team', 'head', 'say', 'Detroit', 'foot', 'say', 'Pens', 'heart', ""n't"", 'care', 'GO', 'KINGS', '2009/2010']"
15911,1965069216,enthusiasm,"@ArtFireJohn yeah i'm not shy doing everything that i can and still nothing  http://blackird72.etsy.com check out my sale, no bites yet","['ArtFireJohn', 'yeah', ""'m"", 'shy', 'everything', 'still', 'nothing', 'http', '//blackird72.etsy.com', 'check', 'sale', 'bite', 'yet']"
15915,1965069553,enthusiasm,@millyreyes follow her shes lonelyyyy,"['millyreyes', 'follow', 'shes', 'lonelyyyy']"
15994,1965088819,enthusiasm,Ears nose throat doc wants to do surgery inside my face  diviated septum does not sound like a sexy thing.,"['Ears', 'nose', 'throat', 'doc', 'want', 'surgery', 'inside', 'face', 'diviated', 'septum', 'sound', 'like', 'sexy', 'thing']"
15999,1965090397,enthusiasm,@KrissWouldhowse I WANNA GO.,"['KrissWouldhowse', 'WAN', 'NA', 'GO']"
16038,1965098818,enthusiasm,Aww chamber callbacks... Soo emotional,"['Aww', 'chamber', 'callback', '...', 'Soo', 'emotional']"
16051,1965212590,enthusiasm,i'm oh so very bored!  buut.. almost 2 days til i leave for france!,"[""'m"", 'oh', 'bored', 'buut', '..', 'almost', 'day', 'til', 'leave', 'france']"
16062,1965214407,enthusiasm,"im a pro at bbqing like. everyone loved my food, apart from the tesco man who said he was in a rush  mabye he didnt wanna be poisoned? idk","['im', 'pro', 'bbqing', 'like', 'everyone', 'loved', 'food', 'apart', 'tesco', 'man', 'said', 'rush', 'mabye', 'didnt', 'wan', 'na', 'poisoned', 'idk']"
16149,1965256356,enthusiasm,@snuffdigital awww  well I am here...just in case...I am not like THE PERFECT FUNNY FRIEND but I`m here hehe,"['snuffdigital', 'awww', 'well', '...', 'case', '...', 'like', 'PERFECT', 'FUNNY', 'FRIEND', 'hehe']"
16237,1965278605,enthusiasm,"Come on, man, give me some slack!","['Come', 'man', 'give', 'slack']"
16284,1965294115,enthusiasm,@Jamieed i hope its earlier. september is along time offf,"['Jamieed', 'hope', 'earlier', 'september', 'along', 'time', 'offf']"
16287,1965294973,enthusiasm,When are @alyandaj gonna release another album already?!? I miss them,"['alyandaj', 'gon', 'na', 'release', 'another', 'album', 'already', 'miss']"
16401,1965329239,enthusiasm,@darkkiller101 I miss you too!!   And don't say &quot;damn&quot;!!!  lol,"['darkkiller101', 'miss', ""n't"", 'say', 'quot', 'damn', 'quot', 'lol']"
16431,1965334705,enthusiasm,So much to tell-Only blip is her immune system hasn't recovered-not yet a newborns. Give it 6 more months.  But that's nothing.,"['much', 'tell-Only', 'blip', 'immune', 'system', ""n't"", 'recovered-not', 'yet', 'newborn', 'Give', 'month', ""'s"", 'nothing']"
16740,1965436478,enthusiasm,Is cold  Mind you I have been sat outside for 30 mins waiting for a lift. I don't care how much of a balearic evening it might be!!!,"['cold', 'Mind', 'sat', 'outside', '30', 'min', 'waiting', 'lift', ""n't"", 'care', 'much', 'balearic', 'evening', 'might']"
16811,1965455765,enthusiasm,@TweetTwang gotta check with the bro on that...and mine is a girl,"['TweetTwang', 'got', 'ta', 'check', 'bro', '...', 'mine', 'girl']"
16816,1965456746,enthusiasm,wants to cool down,"['want', 'cool']"
17169,1965546454,enthusiasm,"@GravyFloid Amadeus is the best Mozart movie. I got kicked out of high school chorus, missed a trip to Hawaii.","['GravyFloid', 'Amadeus', 'best', 'Mozart', 'movie', 'got', 'kicked', 'high', 'school', 'chorus', 'missed', 'trip', 'Hawaii']"
17239,1965569663,enthusiasm,trying to upload one thousand photos!!,"['trying', 'upload', 'one', 'thousand', 'photo']"
17273,1965576092,enthusiasm,@cnolovechild YAY!!! I think I found it and a few more,"['cnolovechild', 'YAY', 'think', 'found']"
17302,1965589165,enthusiasm,"I have an awesome picture of happy pint, but it's not sending","['awesome', 'picture', 'happy', 'pint', ""'s"", 'sending']"
17317,1965592564,enthusiasm,@mnrmg I am doing the same  I want to travel a little!,"['mnrmg', 'want', 'travel', 'little']"
17328,1965594598,enthusiasm,"@starrjonze that's the prob, i work from home, and the bed's calling, no, screaming out my name! had really strong coffee instead","['starrjonze', ""'s"", 'prob', 'work', 'home', 'bed', ""'s"", 'calling', 'screaming', 'name', 'really', 'strong', 'coffee', 'instead']"
17437,1965657716,enthusiasm,@RoboRoxy @lulzlix I'm SO jealous! I don't know when I'll be able to see Conan.,"['RoboRoxy', 'lulzlix', ""'m"", 'jealous', ""n't"", 'know', ""'ll"", 'able', 'see', 'Conan']"
17559,1965692322,enthusiasm,"so bored  Gonna go to the Carnival and get an all day pass tomorrow. Excited for that, but very bored today.","['bored', 'Gon', 'na', 'go', 'Carnival', 'get', 'day', 'pas', 'tomorrow', 'Excited', 'bored', 'today']"
17584,1965697388,enthusiasm,@zachsang  do it at like like 9 causeee im babysitting haha or you should call me causeee im kinda bored right now,"['zachsang', 'like', 'like', 'causeee', 'im', 'babysitting', 'haha', 'call', 'causeee', 'im', 'kinda', 'bored', 'right']"
17656,1965733621,enthusiasm,This day jus keeps getting better and better  FML,"['day', 'jus', 'keep', 'getting', 'better', 'better', 'FML']"
17706,1965758785,enthusiasm,"@grypes noooo! Little piggies.  i'll vote anyway, hmpf. We need to hang out soon pls. :hugs!:","['grypes', 'noooo', 'Little', 'piggy', ""'ll"", 'vote', 'anyway', 'hmpf', 'need', 'hang', 'soon', 'pls', 'hug']"
17719,1965762128,enthusiasm,I really want to go see UP!  haha. Tooo cute! (:,"['really', 'want', 'go', 'see', 'haha', 'Tooo', 'cute']"
17813,1965807338,enthusiasm,@ce_ci Im not reasonable... It's 1:35am now and gotta wake up early tomorrow on my first day of holidays!  have a great evening!,"['ce_ci', 'Im', 'reasonable', '...', ""'s"", '1:35am', 'got', 'ta', 'wake', 'early', 'tomorrow', 'first', 'day', 'holiday', 'great', 'evening']"
17890,1965825110,enthusiasm,@vickytcobra ohhh wonder what happened?,"['vickytcobra', 'ohhh', 'wonder', 'happened']"
17925,1965834646,enthusiasm,been in bed for two days with migraines,"['bed', 'two', 'day', 'migraine']"
18085,1965880406,enthusiasm,Off to ambers...a weekend of labour and hard work ahead!,"['amber', '...', 'weekend', 'labour', 'hard', 'work', 'ahead']"
18091,1965886513,enthusiasm,@NikkiBenz cool !! actually i believe T.I. has just begun his jail sentence in arkansas,"['NikkiBenz', 'cool', 'actually', 'believe', 'T.I', 'begun', 'jail', 'sentence', 'arkansas']"
18208,1965912789,enthusiasm,@kemiFRESH i mean we mite do sumthn.... what u doin hope i get 2 c u b4 u head bak,"['kemiFRESH', 'mean', 'mite', 'sumthn', '....', 'u', 'doin', 'hope', 'get', 'c', 'u', 'b4', 'u', 'head', 'bak']"
18222,1965915265,enthusiasm,Ok so any ideas of what to do tomorrow to make it fun? Cause i dont know what to do,"['Ok', 'idea', 'tomorrow', 'make', 'fun', 'Cause', 'dont', 'know']"
18250,1965923227,enthusiasm,"I REALLY WANT TO GO TO artesia , cerritos on sunday for QUEST! LOL. imma die if i dont","['REALLY', 'WANT', 'GO', 'artesia', 'cerritos', 'sunday', 'QUEST', 'LOL', 'imma', 'die', 'dont']"
18379,1965952576,enthusiasm,I want Crimson Gem Saga.  I will just go play RF Guerilla demo repeatedly. I (Mission Failed - YOU DIED) so many times from dicking around,"['want', 'Crimson', 'Gem', 'Saga', 'go', 'play', 'RF', 'Guerilla', 'demo', 'repeatedly', 'Mission', 'Failed', 'DIED', 'many', 'time', 'dicking', 'around']"
18391,1965957124,enthusiasm,"is sore from weight lifting  However, it's the good kind of sore that gives you man-boobs you can move with the power of your mind alone!","['sore', 'weight', 'lifting', 'However', ""'s"", 'good', 'kind', 'sore', 'give', 'man-boobs', 'move', 'power', 'mind', 'alone']"
18436,1965967555,enthusiasm,Is too hot and tummy ache so can't sleep  lots of chem to do tomorro but at least bgt final to look forward to!,"['hot', 'tummy', 'ache', 'ca', ""n't"", 'sleep', 'lot', 'chem', 'tomorro', 'least', 'bgt', 'final', 'look', 'forward']"
18460,1965977279,enthusiasm,"Apparently Paige is partying with Rose Jenn and Adam again, without me   My child has such a wild imagination.  ;)","['Apparently', 'Paige', 'partying', 'Rose', 'Jenn', 'Adam', 'without', 'child', 'wild', 'imagination']"
18498,1965983948,enthusiasm,Hey #YEG !!!!! Anyone goin to the Edmonton Energy game and wanna do some live updates? PLEASE!!!! They dont post live scores,"['Hey', 'YEG', 'Anyone', 'goin', 'Edmonton', 'Energy', 'game', 'wan', 'na', 'live', 'update', 'PLEASE', 'dont', 'post', 'live', 'score']"
18595,1966029295,enthusiasm,Watching &quot;P.S. I love you&quot;. Eating chinese food. What else is there to do when you're home alone on a Friday night!,"['Watching', 'quot', 'P.S', 'love', 'quot', 'Eating', 'chinese', 'food', 'else', ""'re"", 'home', 'alone', 'Friday', 'night']"
18728,1966061628,enthusiasm,@dnbchik ohhh that cant be very fun    but hell you manned it up!!   looks like you got some shit done today!!,"['dnbchik', 'ohhh', 'cant', 'fun', 'hell', 'manned', 'look', 'like', 'got', 'shit', 'done', 'today']"
18870,1966096850,enthusiasm,@giselle2323 - Hopefully he won't discover all of my soap opera tweets.,"['giselle2323', 'Hopefully', 'wo', ""n't"", 'discover', 'soap', 'opera', 'tweet']"
19009,1966131832,enthusiasm,"@dino2gnt Yeah, I'm getting ready to go get pizza. Then nothing to do  Maybe @hazard_2gnt will want to play Xbox.","['dino2gnt', 'Yeah', ""'m"", 'getting', 'ready', 'go', 'get', 'pizza', 'nothing', 'Maybe', 'hazard_2gnt', 'want', 'play', 'Xbox']"
19031,1966157377,enthusiasm,"@soxdeepinstatic  i know, i would've liked to have been able to play with you all spring semester  meeting was good, just an introduction","['soxdeepinstatic', 'know', 'would', ""'ve"", 'liked', 'able', 'play', 'spring', 'semester', 'meeting', 'good', 'introduction']"
19095,1966172671,enthusiasm,"@AuthorSaoirse_R Drive-in!? srsly!? *jealous*  I have never ever been to one.  there is one down the rd, but it's no longer operational :|","['AuthorSaoirse_R', 'Drive-in', 'srsly', 'jealous', 'never', 'ever', 'one', 'one', 'rd', ""'s"", 'longer', 'operational']"
19344,1966235539,enthusiasm,wishing I was attending #beatweetup I even bought a badge,"['wishing', 'attending', 'beatweetup', 'even', 'bought', 'badge']"
19361,1966240947,enthusiasm,Rushed to get to ups and they close at 7... I got here at 705 after making a wrong turn,"['Rushed', 'get', 'ups', 'close', '...', 'got', '705', 'making', 'wrong', 'turn']"
19471,1966269898,enthusiasm,@LovelyAaris That's not fair! I'm hungry as hell,"['LovelyAaris', ""'s"", 'fair', ""'m"", 'hungry', 'hell']"
19671,1966320017,enthusiasm,@iAlejandro: unfortunately not.  I have to take it to a repair shop or replace it.,"['iAlejandro', 'unfortunately', 'take', 'repair', 'shop', 'replace']"
19855,1966405815,enthusiasm,@Jon_Aston Still looking  I filled out quite a few applications last week and once I get home I'll continue.,"['Jon_Aston', 'Still', 'looking', 'filled', 'quite', 'application', 'last', 'week', 'get', 'home', ""'ll"", 'continue']"
19974,1966436174,enthusiasm,@albertposis congratulations ! you guys finish a month early than we do. booo,"['albertposis', 'congratulation', 'guy', 'finish', 'month', 'early', 'booo']"
19977,1966436471,enthusiasm,"Double rainbow above the Organs. Pretty, but doesn't take the edge off my $460 grocery tab.","['Double', 'rainbow', 'Organs', 'Pretty', ""n't"", 'take', 'edge', '460', 'grocery', 'tab']"
20007,1693956612,enthusiasm,@souljaboytellem holllaaa.. i dont know what ur up doing but im trying to finish up some work for school... bout to go to bed though,"['souljaboytellem', 'holllaaa', '..', 'dont', 'know', 'ur', 'im', 'trying', 'finish', 'work', 'school', '...', 'bout', 'go', 'bed', 'though']"
20009,1693956680,enthusiasm,"@_everaldo on my MacBook I run Linux with Parallels and on my iMac I use VMware Fusion and both are great, especially in &quot;Unity&quot;-mode.","['_everaldo', 'MacBook', 'run', 'Linux', 'Parallels', 'iMac', 'use', 'VMware', 'Fusion', 'great', 'especially', 'quot', 'Unity', 'quot', '-mode']"
20123,1693977656,enthusiasm,@carmenforward no way - those are great words.  Boys don't get to own them.    Oh and was it your bday?,"['carmenforward', 'way', 'great', 'word', 'Boys', ""n't"", 'get', 'Oh', 'bday']"
20209,1693996936,enthusiasm,im still waitin for my girl to come home...i wanna go shopping,"['im', 'still', 'waitin', 'girl', 'come', 'home', '...', 'wan', 'na', 'go', 'shopping']"
20237,1693998094,enthusiasm,"@oliyoung it's stable, faster than 2.x and working.","['oliyoung', ""'s"", 'stable', 'faster', '2.x', 'working']"
20242,1693998406,enthusiasm,"would like june the nineteenth to hurry it self up, as she is waiting very impatiently to see wes carr","['would', 'like', 'june', 'nineteenth', 'hurry', 'self', 'waiting', 'impatiently', 'see', 'wes', 'carr']"
20303,1694015234,enthusiasm,"@BearNoiz Played An.World, played Flashback, played Starcon 2, played Fallout, played every Psygnosis game out for the Amiga and the ST","['BearNoiz', 'Played', 'An.World', 'played', 'Flashback', 'played', 'Starcon', 'played', 'Fallout', 'played', 'every', 'Psygnosis', 'game', 'Amiga', 'ST']"
20317,1694015795,enthusiasm,morning everyone! another dat of school,"['morning', 'everyone', 'another', 'dat', 'school']"
20326,1694016121,enthusiasm,"@JuwalBose oops, eldhose bhai uploaded the same too, Did you read the hindu's article on BarCamp? Binny rocks man","['JuwalBose', 'oops', 'eldhose', 'bhai', 'uploaded', 'read', 'hindu', ""'s"", 'article', 'BarCamp', 'Binny', 'rock', 'man']"
20327,1694016173,enthusiasm,@ginny9577 I'm researching NYC stuff.,"['ginny9577', ""'m"", 'researching', 'NYC', 'stuff']"
20345,1694017579,enthusiasm,really really wants to go and see Coraline.,"['really', 'really', 'want', 'go', 'see', 'Coraline']"
20382,1694033724,enthusiasm,@Somaya_Reece naw missed it and the video cool looking sexy,"['Somaya_Reece', 'naw', 'missed', 'video', 'cool', 'looking', 'sexy']"
20397,1694034148,enthusiasm,"@TerriCook  Well I hope you have had a good weekend and even more so have a good day at work 2moro its already monday here,so far so good","['TerriCook', 'Well', 'hope', 'good', 'weekend', 'even', 'good', 'day', 'work', '2moro', 'already', 'monday', 'far', 'good']"
20419,1694035119,enthusiasm,@mileycyrus i dnt think i can ever get tired of&quot;The Climb&quot;its just 1 of those sngs u'll always remember  ...,"['mileycyrus', 'dnt', 'think', 'ever', 'get', 'tired', 'quot', 'Climb', 'quot', 'sngs', 'u', ""'ll"", 'always', 'remember', '...']"
20424,1694035333,enthusiasm,"I go to &quot;User Experience Roundtable Hamburg - Detlev Fischer on Accessibility, BITV Test&quot; https://www.xing.com/events/333622 Don't miss!","['go', 'quot', 'User', 'Experience', 'Roundtable', 'Hamburg', 'Detlev', 'Fischer', 'Accessibility', 'BITV', 'Test', 'quot', 'http', '//www.xing.com/events/333622', ""n't"", 'miss']"
20466,1694051832,enthusiasm,"@JennaMadison Ooh, coffee!  Great idea...  want one??","['JennaMadison', 'Ooh', 'coffee', 'Great', 'idea', '...', 'want', 'one']"
20603,1694071596,enthusiasm,@onein36million Hi I have uploaded 5 completely new Chinese Lessons on www.youtube.com/ChineseLearn Please feel free to watch and enjoy,"['onein36million', 'Hi', 'uploaded', 'completely', 'new', 'Chinese', 'Lessons', 'www.youtube.com/ChineseLearn', 'Please', 'feel', 'free', 'watch', 'enjoy']"
20610,1694071861,enthusiasm,@AlviHalderman Hi I have uploaded 5 completely new Chinese Lessons on www.youtube.com/ChineseLearn Please feel free to watch and enjoy,"['AlviHalderman', 'Hi', 'uploaded', 'completely', 'new', 'Chinese', 'Lessons', 'www.youtube.com/ChineseLearn', 'Please', 'feel', 'free', 'watch', 'enjoy']"
20627,1694072328,enthusiasm,"@mafraederscheid did the house sale go OK? Hope so, really like your daily painting today, have a creative day","['mafraederscheid', 'house', 'sale', 'go', 'OK', 'Hope', 'really', 'like', 'daily', 'painting', 'today', 'creative', 'day']"
20633,1694072471,enthusiasm,MY GOSHHH :3 A NEW FOLLOWER  hi there! i won't rape you! i lie. &gt;:],"['GOSHHH', ':3', 'NEW', 'FOLLOWER', 'hi', 'wo', ""n't"", 'rape', 'lie', 'gt']"
20636,1694072616,enthusiasm,"Editors read this and nod, writers read this and take notes.  http://tinyurl.com/crm4c2","['Editors', 'read', 'nod', 'writer', 'read', 'take', 'note', 'http', '//tinyurl.com/crm4c2']"
20722,1694091564,enthusiasm,"@Trekkygeek Aye, May the 4th be with you","['Trekkygeek', 'Aye', 'May', '4th']"
20755,1694107780,enthusiasm,I like airports.  I can't fucking wait until friday! I want it to be friday right freakin now!,"['like', 'airport', 'ca', ""n't"", 'fucking', 'wait', 'friday', 'want', 'friday', 'right', 'freakin']"
21003,1694147079,enthusiasm,@chaddlesm Good Luck,"['chaddlesm', 'Good', 'Luck']"
21091,1694165265,enthusiasm,@dduane have you read Angels &amp; Demons? What do you think of it if you have? oh and beautiful sunny weather here in Provence.,"['dduane', 'read', 'Angels', 'amp', 'Demons', 'think', 'oh', 'beautiful', 'sunny', 'weather', 'Provence']"
21126,1694181581,enthusiasm,@wolf_gregor Great avatar,"['wolf_gregor', 'Great', 'avatar']"
21199,1694184443,enthusiasm,"needs to stop taking photos with other people's cameras!  luckily, photos have been delivered","['need', 'stop', 'taking', 'photo', 'people', ""'s"", 'camera', 'luckily', 'photo', 'delivered']"
21230,1694200633,enthusiasm,@Renee0579 Hope you did great - you certainly spent enough time studying.,"['Renee0579', 'Hope', 'great', 'certainly', 'spent', 'enough', 'time', 'studying']"
21246,1694201268,enthusiasm,@sheiel I really like pink after I saw her live while in the new T-MOBILE Advert,"['sheiel', 'really', 'like', 'pink', 'saw', 'live', 'new', 'T-MOBILE', 'Advert']"
21258,1694201680,enthusiasm,Download movie  Dollhouse http://tinyurl.com/crbe6n cool #movie,"['Download', 'movie', 'Dollhouse', 'http', '//tinyurl.com/crbe6n', 'cool', 'movie']"
21308,1694204371,enthusiasm,@Hayday12 keith... im better now,"['Hayday12', 'keith', '...', 'im', 'better']"
21321,1694219287,enthusiasm,"Getting my hair cut tomorrow or later today I should say...   excited. My swag is already on, jus turning it up!!","['Getting', 'hair', 'cut', 'tomorrow', 'later', 'today', 'say', '...', 'excited', 'swag', 'already', 'jus', 'turning']"
21342,1694220293,enthusiasm,Hey @deangeloredman yes! Praise Him! lol   (deangeloredman live &gt; http://ustre.am/2NlC),"['Hey', 'deangeloredman', 'yes', 'Praise', 'lol', 'deangeloredman', 'live', 'gt', 'http', '//ustre.am/2NlC']"
21366,1694221331,enthusiasm,"@myepeenisbigger hey jesse, here's your background  let me know what you think! http://tinyurl.com/cf2yuj","['myepeenisbigger', 'hey', 'jesse', ""'s"", 'background', 'let', 'know', 'think', 'http', '//tinyurl.com/cf2yuj']"
21444,1694238334,enthusiasm,@Moanikeala you outta follow zipz for discounts and updates,"['Moanikeala', 'outta', 'follow', 'zipz', 'discount', 'update']"
21477,1694239985,enthusiasm,@billingtonart Gone have my ears on it when I am at home ..plenty of painting for you as well,"['billingtonart', 'Gone', 'ear', 'home', '..', 'plenty', 'painting', 'well']"
21490,1694240467,enthusiasm,@lewisking awww well iff uu are il see uu in townn  xx,"['lewisking', 'awww', 'well', 'iff', 'uu', 'il', 'see', 'uu', 'townn', 'xx']"
21539,1694256188,enthusiasm,@marcoflores You're welcome!  How much longer until it's colored in?,"['marcoflores', ""'re"", 'welcome', 'much', 'longer', ""'s"", 'colored']"
21569,1694257259,enthusiasm,is trying to help save the earth. Let's plant more trees.,"['trying', 'help', 'save', 'earth', 'Let', ""'s"", 'plant', 'tree']"
21582,1694257956,enthusiasm,"@Ah_Lex_Ah hey alexa, you heard right  looking forward to causing some mischief on friday!!","['Ah_Lex_Ah', 'hey', 'alexa', 'heard', 'right', 'looking', 'forward', 'causing', 'mischief', 'friday']"
21585,1694258095,enthusiasm,@LeesaLily oh ok thanks,"['LeesaLily', 'oh', 'ok', 'thanks']"
21728,1694292207,enthusiasm,@runsenorun that frenchfry-corndog looks so delish! I WANT!!  Welcome back to Seattle!,"['runsenorun', 'frenchfry-corndog', 'look', 'delish', 'WANT', 'Welcome', 'back', 'Seattle']"
21734,1694292480,enthusiasm,"Great weekend, even though my site is not moved. Plenty other things to do and learn. Keeping the faith and looking to the future","['Great', 'weekend', 'even', 'though', 'site', 'moved', 'Plenty', 'thing', 'learn', 'Keeping', 'faith', 'looking', 'future']"
21874,1694313436,enthusiasm,I beat 3 bosses in Castelvania,"['beat', 'boss', 'Castelvania']"
21890,1694327525,enthusiasm,"@DustBuny: being today and all, WE'RE GONNA USE THE FORCE to make it happen!","['DustBuny', 'today', ""'RE"", 'GON', 'NA', 'USE', 'FORCE', 'make', 'happen']"
21908,1694328212,enthusiasm,"@shawnieora I googled him &amp; looked @ a lot of sites... I should have checked here first.  How Exciting, for you both","['shawnieora', 'googled', 'amp', 'looked', 'lot', 'site', '...', 'checked', 'first', 'Exciting']"
21923,1694329099,enthusiasm,"@shintabubu hey shinta!  i'm headed to bed now, but perhaps tomorrow night - when our hours overlap...","['shintabubu', 'hey', 'shinta', ""'m"", 'headed', 'bed', 'perhaps', 'tomorrow', 'night', 'hour', 'overlap', '...']"
21941,1694330058,enthusiasm,@TaraAlberto i'll be there tom promise! After our volley  when did they start? Wholeday? Or half?,"['TaraAlberto', ""'ll"", 'tom', 'promise', 'volley', 'start', 'Wholeday', 'half']"
21953,1694330666,enthusiasm,yep... i think i might have just made the decision to go head first...  we may be witnessing a historical moment... real talk,"['yep', '...', 'think', 'might', 'made', 'decision', 'go', 'head', 'first', '...', 'may', 'witnessing', 'historical', 'moment', '...', 'real', 'talk']"
21971,1694331500,enthusiasm,@margotrobbie oh that makes sense! Well you are officially my first @reply from a celebrity!!,"['margotrobbie', 'oh', 'make', 'sense', 'Well', 'officially', 'first', 'reply', 'celebrity']"
21979,1694345178,enthusiasm,@nichelady I am with you. -#FollowFriday is easy enough for those who are annoyed by it.  I recommend relatively few people anyway.,"['nichelady', 'FollowFriday', 'easy', 'enough', 'annoyed', 'recommend', 'relatively', 'people', 'anyway']"
21989,1694345848,enthusiasm,"April showers bring May flowers, yea","['April', 'shower', 'bring', 'May', 'flower', 'yea']"
21998,1694346321,enthusiasm,I should have posted this for the world Pinhole day   I Love this picture. http://twitpic.com/4jb4d,"['posted', 'world', 'Pinhole', 'day', 'Love', 'picture', 'http', '//twitpic.com/4jb4d']"
22026,1694347956,enthusiasm,@textualoffender Good Luck.. mine 3rd day today !,"['textualoffender', 'Good', 'Luck', '..', 'mine', '3rd', 'day', 'today']"
22054,1694349006,enthusiasm,Half Marathon Training Day # 1 .........,"['Half', 'Marathon', 'Training', 'Day', '.........']"
22060,1694349301,enthusiasm,@rosehwang Very early and I am actually just going back for a little more rest ..... talk  with you a little later ....,"['rosehwang', 'early', 'actually', 'going', 'back', 'little', 'rest', '.....', 'talk', 'little', 'later', '....']"
22092,1694364531,enthusiasm,@keza34 yummy curry  save me some please lol,"['keza34', 'yummy', 'curry', 'save', 'please', 'lol']"
22134,1694366518,enthusiasm,hold on to what you've got,"['hold', ""'ve"", 'got']"
22177,1694382000,enthusiasm,"@sajal I meant you are not lazy, your work proves it","['sajal', 'meant', 'lazy', 'work', 'prof']"
22225,1694383719,enthusiasm,@jakeashley cant wait till ur may 22 show!!  u better stop by and hang out in newcastle  xx,"['jakeashley', 'cant', 'wait', 'till', 'ur', 'may', '22', 'show', 'u', 'better', 'stop', 'hang', 'newcastle', 'xx']"
22272,1694399792,enthusiasm,listening to faith spirituality and the internet,"['listening', 'faith', 'spirituality', 'internet']"
22455,1694422678,enthusiasm,@LeaLunacy Make a videoblog!,"['LeaLunacy', 'Make', 'videoblog']"
22467,1694437125,enthusiasm,shout outs to @SPAC3MAN!!!! good seein you tnite. WE takin over like DJ Khaled!,"['shout', 'out', 'SPAC3MAN', 'good', 'seein', 'tnite', 'takin', 'like', 'DJ', 'Khaled']"
22590,1694456476,enthusiasm,@JonoH Did find it weird as I think u gave me a ff recommendation too. All sorted then. I can vote for legalisation of pot too if u want,"['JonoH', 'find', 'weird', 'think', 'u', 'gave', 'ff', 'recommendation', 'sorted', 'vote', 'legalisation', 'pot', 'u', 'want']"
22614,1694457473,enthusiasm,:: holy kraut. I canNOT stay up this late. But the book is done and in the author's in box.  Tucking in with kitty-boys now. Nighty-night.,"['holy', 'kraut', 'stay', 'late', 'book', 'done', 'author', ""'s"", 'box', 'Tucking', 'kitty-boys', 'Nighty-night']"
22631,1694457951,enthusiasm,@racquel_xx i'm just about to start the second one  theres only two up yeah?,"['racquel_xx', ""'m"", 'start', 'second', 'one', 'there', 'two', 'yeah']"
22637,1694458065,enthusiasm,@kfb1991 I can't really say much because none of it is set in stone.. but I'm planning a charity concert for Cystic Fibrosis,"['kfb1991', 'ca', ""n't"", 'really', 'say', 'much', 'none', 'set', 'stone', '..', ""'m"", 'planning', 'charity', 'concert', 'Cystic', 'Fibrosis']"
22643,1694458351,enthusiasm,Don't let the sun catch you crying - Oh my.. so cool  http://tinyurl.com/cugy8c,"[""n't"", 'let', 'sun', 'catch', 'cry', 'Oh', '..', 'cool', 'http', '//tinyurl.com/cugy8c']"
22753,1694492299,enthusiasm,Yay for bank holidays,"['Yay', 'bank', 'holiday']"
22790,1694493808,enthusiasm,@ahoppi I hope you're tired for a good reason then,"['ahoppi', 'hope', ""'re"", 'tired', 'good', 'reason']"
22924,1694513397,enthusiasm,Ken Wilber - Realistic Expectation of Integral Wisdom: http://tinyurl.com/clfzdx ...very interesting.  I don't mind the video quality.,"['Ken', 'Wilber', 'Realistic', 'Expectation', 'Integral', 'Wisdom', 'http', '//tinyurl.com/clfzdx', '...', 'interesting', ""n't"", 'mind', 'video', 'quality']"
22949,1694530415,enthusiasm,Im still in my my pjs  but I haveto get dressed cuz Im going to see Dancing on Ice live,"['Im', 'still', 'pjs', 'haveto', 'get', 'dressed', 'cuz', 'Im', 'going', 'see', 'Dancing', 'Ice', 'live']"
22952,1694530525,enthusiasm,@stephenfry gotta catch 'em all,"['stephenfry', 'got', 'ta', 'catch', ""'em""]"
22975,1694531583,enthusiasm,"@erry_reeves Thx Ri.. That's all because of His grace  Kalo ngga, aku uda nyerah dr awal, hehe.. His grace is enough..","['erry_reeves', 'Thx', 'Ri', '..', ""'s"", 'grace', 'Kalo', 'ngga', 'aku', 'uda', 'nyerah', 'dr', 'awal', 'hehe', '..', 'grace', 'enough', '..']"
23016,1694533108,enthusiasm,I designed a new shirttttt.,"['designed', 'new', 'shirttttt']"
23052,1694549798,enthusiasm,@veronica11258 ok i got you! Knight!,"['veronica11258', 'ok', 'got', 'Knight']"
23087,1694551190,enthusiasm,@timscott2 Cool. Whenever I see someone is making so much. I tell them I WILLING to help them spend  So what's your deal?,"['timscott2', 'Cool', 'Whenever', 'see', 'someone', 'making', 'much', 'tell', 'WILLING', 'help', 'spend', ""'s"", 'deal']"
23135,1694567383,enthusiasm,@colbyrne totally agree,"['colbyrne', 'totally', 'agree']"
23178,1694568959,enthusiasm,Ok Twitter - show me what your all about,"['Ok', 'Twitter', 'show']"
23226,1694571035,enthusiasm,I just got a twitter account,"['got', 'twitter', 'account']"
23295,1694588318,enthusiasm,"@SonjaNorwood ,,, hey mom,,","['SonjaNorwood', 'hey', 'mom']"
23347,1694606072,enthusiasm,@jeanettewang Nice! That would be a feat for me...The husband's out clocking some miles for Sundown too!,"['jeanettewang', 'Nice', 'would', 'feat', '...', 'husband', ""'s"", 'clocking', 'mile', 'Sundown']"
23391,1694607880,enthusiasm,you'll be good eloise,"[""'ll"", 'good', 'eloise']"
23405,1694608428,enthusiasm,@clarexsaula I am excited. Ashley and Matt should be here within the next half hour and that's when it all really starts for me.,"['clarexsaula', 'excited', 'Ashley', 'Matt', 'within', 'next', 'half', 'hour', ""'s"", 'really', 'start']"
23410,1694608621,enthusiasm,@ddlovato how was bamboozle? i wish i could've gone. &amp;&amp; have you worked with laurie ann gibson? she told me you guys worked together,"['ddlovato', 'bamboozle', 'wish', 'could', ""'ve"", 'gone', 'amp', 'amp', 'worked', 'laurie', 'ann', 'gibson', 'told', 'guy', 'worked', 'together']"
23435,1694625859,enthusiasm,@StaciJShelton Well tell me what fashion tips you need and I'm your woman  hehehe,"['StaciJShelton', 'Well', 'tell', 'fashion', 'tip', 'need', ""'m"", 'woman', 'hehehe']"
23617,1694663842,enthusiasm,"@vjestep I'm mo nudge you again, better watch out!","['vjestep', ""'m"", 'mo', 'nudge', 'better', 'watch']"
23640,1694665065,enthusiasm,@kkmommy9802  I'm trying to get myself moving this morning!,"['kkmommy9802', ""'m"", 'trying', 'get', 'moving', 'morning']"
23712,1694684770,enthusiasm,@matildaxo ooohhh. I understand. I never get sick of her so im on your moms side  I guess your dad just likes what he likes....lol,"['matildaxo', 'ooohhh', 'understand', 'never', 'get', 'sick', 'im', 'mom', 'side', 'guess', 'dad', 'like', 'like', '....', 'lol']"
23729,1694685434,enthusiasm,@red_hawt Hmm..  Interesting choice.,"['red_hawt', 'Hmm', '..', 'Interesting', 'choice']"
23732,1694685575,enthusiasm,@DanaBingham I know exactly what you mean. My treats are more 'awhile' than 'once in',"['DanaBingham', 'know', 'exactly', 'mean', 'treat', ""'awhile"", ""'once""]"
23852,1694706660,enthusiasm,#Trackflashback: &quot;I Believe In A Thing Called Love&quot; by The Darkness - check it out...,"['Trackflashback', 'quot', 'Believe', 'Thing', 'Called', 'Love', 'quot', 'Darkness', 'check', '...']"
23885,1694707929,enthusiasm,Away to the cinema tweet later may the 4th be with you all  x,"['Away', 'cinema', 'tweet', 'later', 'may', '4th', 'x']"
23887,1694708007,enthusiasm,@joonian Press 'Ctrl' on bottom right. The underscore for E71 is there.  KY,"['joonian', 'Press', ""'Ctrl"", 'bottom', 'right', 'underscore', 'E71', 'KY']"
23902,1694725184,enthusiasm,Off to bed I go to dream of a world where Wal-Mart and Liquor stores all get blown up,"['bed', 'go', 'dream', 'world', 'Wal-Mart', 'Liquor', 'store', 'get', 'blown']"
23985,1694728155,enthusiasm,"Good Morning, Twitter community! I just got finished eating a delicious stack of pancakes courtesy of my Mom and Bisquick.","['Good', 'Morning', 'Twitter', 'community', 'got', 'finished', 'eating', 'delicious', 'stack', 'pancake', 'courtesy', 'Mom', 'Bisquick']"
24037,1694746830,enthusiasm,add me on myspace?? www.myspace.com/pwnage_org  -&gt; pcFOpc,"['add', 'myspace', 'www.myspace.com/pwnage_org', 'gt', 'pcFOpc']"
24045,1694747055,enthusiasm,schoool time. not doing much this week.  about 20 more days of school and it's time for NYC!  can't wait for the last day of school.,"['schoool', 'time', 'much', 'week', '20', 'day', 'school', ""'s"", 'time', 'NYC', 'ca', ""n't"", 'wait', 'last', 'day', 'school']"
24070,1694748364,enthusiasm,@jeffparks That would be most welcome,"['jeffparks', 'would', 'welcome']"
24096,1694767689,enthusiasm,Goodmorning world!,"['Goodmorning', 'world']"
24135,1694769688,enthusiasm,"@j3nn1e ooh good!  im starting with the hardest one, gonna be at it all day. ive locked my door and im only leaving for food and toilet! x","['j3nn1e', 'ooh', 'good', 'im', 'starting', 'hardest', 'one', 'gon', 'na', 'day', 'ive', 'locked', 'door', 'im', 'leaving', 'food', 'toilet', 'x']"
24173,1694771200,enthusiasm,Good morning in Twitterville. Off to work I go...Chat @ all of u later,"['Good', 'morning', 'Twitterville', 'work', 'go', '...', 'Chat', 'u', 'later']"
24174,1694771250,enthusiasm,@MicaR think so but my boss is in Switzerland all week. going when she returns  ira gonna be awesome,"['MicaR', 'think', 'bos', 'Switzerland', 'week', 'going', 'return', 'ira', 'gon', 'na', 'awesome']"
24202,1694790439,enthusiasm,"CCï¿½s video for Long Gone premiers today on yahoo, dont miss it: http://new.music.yahoo.com/videos/premieres/ AWESOME video and version","['CCï¿½s', 'video', 'Long', 'Gone', 'premier', 'today', 'yahoo', 'dont', 'miss', 'http', '//new.music.yahoo.com/videos/premieres/', 'AWESOME', 'video', 'version']"
24237,1694791886,enthusiasm,good morning!,"['good', 'morning']"
24277,1694793058,enthusiasm,ready to go home,"['ready', 'go', 'home']"
24329,1694813635,enthusiasm,feel like going home and sleep till the next day!,"['feel', 'like', 'going', 'home', 'sleep', 'till', 'next', 'day']"
24400,1694834453,enthusiasm,i really should be in a bad mood. but.,"['really', 'bad', 'mood']"
24401,1694834486,enthusiasm,GOOD LUCK ON FINALS EVERYONE!!!!!!!!!!!!!!!!!,"['GOOD', 'LUCK', 'FINALS', 'EVERYONE']"
24432,1694835633,enthusiasm,im so new!! and i need ur help,"['im', 'new', 'need', 'ur', 'help']"
24443,1694836115,enthusiasm,"Polly Scattergood's new single out today! Download the Please Don't Touch EP on iTunes, it's ace!","['Polly', 'Scattergood', ""'s"", 'new', 'single', 'today', 'Download', 'Please', ""n't"", 'Touch', 'EP', 'iTunes', ""'s"", 'ace']"
24464,1694836547,enthusiasm,@AlexTrup Thx,"['AlexTrup', 'Thx']"
24476,1694856438,enthusiasm,@twochix1 I want to see David cook!!,"['twochix1', 'want', 'see', 'David', 'cook']"
24492,1694857087,enthusiasm,@joshcoop Absolutely!  When we hit bottom there is only one way to go.,"['joshcoop', 'Absolutely', 'hit', 'bottom', 'one', 'way', 'go']"
24616,1694880947,enthusiasm,@gregjames will you be posting a pic of you H suit?? Pretty please?,"['gregjames', 'posting', 'pic', 'H', 'suit', 'Pretty', 'please']"
24620,1694881045,enthusiasm,"@sammoran BTW, 'nathanfillion' is trying to beat his Flight Control score as well, maybe you should follow each other?","['sammoran', 'BTW', ""'nathanfillion"", 'trying', 'beat', 'Flight', 'Control', 'score', 'well', 'maybe', 'follow']"
24686,1694904164,enthusiasm,@nelpix ... Turned out nice I think   http://twitpic.com/4jeil,"['nelpix', '...', 'Turned', 'nice', 'think', 'http', '//twitpic.com/4jeil']"
24693,1694904423,enthusiasm,shopping tomorrow? I think yes,"['shopping', 'tomorrow', 'think', 'yes']"
24711,1694905202,enthusiasm,i think i like the workshop,"['think', 'like', 'workshop']"
24720,1694905627,enthusiasm,@01theone Looking forward to following your journey on this endeavor - just subscribed to your blog,"['01theone', 'Looking', 'forward', 'following', 'journey', 'endeavor', 'subscribed', 'blog']"
24721,1694905699,enthusiasm,@taylorswift13 Have a great time in London,"['taylorswift13', 'great', 'time', 'London']"
24756,1694906924,enthusiasm,"@CustomCreation - We drank ours away, May Day Bank Holiday today","['CustomCreation', 'drank', 'away', 'May', 'Day', 'Bank', 'Holiday', 'today']"
24762,1694928278,enthusiasm,[Somewhere - Within Temptation] returned to mysefl. Keep working hard till June,"['Somewhere', 'Within', 'Temptation', 'returned', 'mysefl', 'Keep', 'working', 'hard', 'till', 'June']"
24883,1694952694,enthusiasm,@jgm22 Hoping you have some pics to share?- &amp; hoping your Monday am isn't too rough today,"['jgm22', 'Hoping', 'pic', 'share', 'amp', 'hoping', 'Monday', ""n't"", 'rough', 'today']"
24898,1694953220,enthusiasm,@Andrewgoldstein just pre-ordered your new album 'Off The Deep End'. Been listening to 'Permanent Heart' on repeat since.,"['Andrewgoldstein', 'pre-ordered', 'new', 'album', ""'Off"", 'Deep', 'End', 'listening', ""'Permanent"", 'Heart', 'repeat', 'since']"
24924,1694954256,enthusiasm,Just woke up :o mums singing to her new gn'r cd replacement i bought because im a good daughter,"['woke', 'mum', 'singing', 'new', 'gn', 'r', 'cd', 'replacement', 'bought', 'im', 'good', 'daughter']"
24946,1694955202,enthusiasm,@EvilGayTwin I hope you like your new sat nav,"['EvilGayTwin', 'hope', 'like', 'new', 'sat', 'nav']"
24951,1694955354,enthusiasm,Gonna get my ticket to Las Vegas today. Gotta check my milage. Can't wait till August,"['Gon', 'na', 'get', 'ticket', 'Las', 'Vegas', 'today', 'Got', 'ta', 'check', 'milage', 'Ca', ""n't"", 'wait', 'till', 'August']"
24974,1694976692,enthusiasm,@NEENZ Bye!! Great meeting you!,"['NEENZ', 'Bye', 'Great', 'meeting']"
25021,1694978736,enthusiasm,Good morning Sunshine   Tiime for $chooooL ! lol . BBL`,"['Good', 'morning', 'Sunshine', 'Tiime', 'chooooL', 'lol', 'BBL']"
25064,1695001649,enthusiasm,@josh909 thanks...do you guys have a showroom as well? Wanted to chk them out in the flesh. Quite cool lamps and the wife is impressed,"['josh909', 'thanks', '...', 'guy', 'showroom', 'well', 'Wanted', 'chk', 'flesh', 'Quite', 'cool', 'lamp', 'wife', 'impressed']"
25081,1695002255,enthusiasm,is upload video geje di youtube  http://plurk.com/p/rqaoe,"['upload', 'video', 'geje', 'di', 'youtube', 'http', '//plurk.com/p/rqaoe']"
25200,1695028850,enthusiasm,"@JanSimpson good afternoon, hope you have a great week","['JanSimpson', 'good', 'afternoon', 'hope', 'great', 'week']"
25226,1695029700,enthusiasm,EVERYBODY WELCOME @purpletonic!!!  Hello Nicole ;),"['EVERYBODY', 'WELCOME', 'purpletonic', 'Hello', 'Nicole']"
25242,1695052788,enthusiasm,@lauraduhaime Hello How are you,"['lauraduhaime', 'Hello']"
25275,1695054220,enthusiasm,i bought a Italian horseshoe charm. Dragon! it seems to be very strong,"['bought', 'Italian', 'horseshoe', 'charm', 'Dragon', 'seems', 'strong']"
25286,1695054602,enthusiasm,Off today! No wonder I love Mondays!  Movie theatre....here I come.,"['today', 'wonder', 'love', 'Mondays', 'Movie', 'theatre', '....', 'come']"
25290,1695054988,enthusiasm,About 60 again todayy yayy!!!,"['60', 'todayy', 'yayy']"
25320,1695056241,enthusiasm,"@DavidArchie Hope you find a nice and healthy, also cheap, breakfast!","['DavidArchie', 'Hope', 'find', 'nice', 'healthy', 'also', 'cheap', 'breakfast']"
25336,1695080376,enthusiasm,lookin forward to liverpool 2mz,"['lookin', 'forward', 'liverpool', '2mz']"
25384,1695082234,enthusiasm,@KalvinClein hey! thanks for following  how is it going?,"['KalvinClein', 'hey', 'thanks', 'following', 'going']"
25385,1695082260,enthusiasm,@Lena_DISTRACTIA Good morning.,"['Lena_DISTRACTIA', 'Good', 'morning']"
25440,1695106398,enthusiasm,Early monday cramming... yay. Only a few weeks left,"['Early', 'monday', 'cramming', '...', 'yay', 'week', 'left']"
25470,1695107831,enthusiasm,"@c1ndyy Yeah, it's good! If you're not going to use it, give it to me! I want to watch Star Trek","['c1ndyy', 'Yeah', ""'s"", 'good', ""'re"", 'going', 'use', 'give', 'want', 'watch', 'Star', 'Trek']"
25653,1695163872,enthusiasm,"@avalanchelynn When you're driven to be in the theatre you develop a thick skin.  12 yo's been auditioning since she was 8, gotten 1 part.","['avalanchelynn', ""'re"", 'driven', 'theatre', 'develop', 'thick', 'skin', 'yo', ""'s"", 'auditioning', 'since', 'gotten', 'part']"
25735,1695190573,enthusiasm,I'm getting back into @taylorswift13 again,"[""'m"", 'getting', 'back', 'taylorswift13']"
25759,1695191885,enthusiasm,@dougiemcfly Rest then. It's your day off!,"['dougiemcfly', 'Rest', ""'s"", 'day']"
25777,1695192782,enthusiasm,About to dye my hair and do my nails,"['dye', 'hair', 'nail']"
25788,1695193162,enthusiasm,"@nadiabeckett Ha ha, might be - I've doubled my morning intake already in the last couple of days - now have a HUGE bowlful!","['nadiabeckett', 'Ha', 'ha', 'might', ""'ve"", 'doubled', 'morning', 'intake', 'already', 'last', 'couple', 'day', 'HUGE', 'bowlful']"
25793,1695193351,enthusiasm,waiting on the cue for kenny,"['waiting', 'cue', 'kenny']"
25802,1695193923,enthusiasm,"Wow, can't believe Monday is here again already. I hope everyone is well today","['Wow', 'ca', ""n't"", 'believe', 'Monday', 'already', 'hope', 'everyone', 'well', 'today']"
25806,1695194016,enthusiasm,"Oficially Back to work, all systems up and running smoothly","['Oficially', 'Back', 'work', 'system', 'running', 'smoothly']"
25821,1695219406,enthusiasm,likes patricia's dress,"['like', 'patricia', ""'s"", 'dress']"
25828,1695219701,enthusiasm,@EZ_DESIGN allright! Looking forward to it..,"['EZ_DESIGN', 'allright', 'Looking', 'forward', '..']"
25885,1695221875,enthusiasm,"Good morning tweeps! Monday got here way too soon! Hope you are having a good one, at least as good as it can get for a Monday","['Good', 'morning', 'tweeps', 'Monday', 'got', 'way', 'soon', 'Hope', 'good', 'one', 'least', 'good', 'get', 'Monday']"
25947,1695249907,enthusiasm,"@tamij Have a good day.  I'm checking out Hugh today. Also, be on lookout for best &quot;cassoulet&quot; recipe you will have ever tasted!","['tamij', 'good', 'day', ""'m"", 'checking', 'Hugh', 'today', 'Also', 'lookout', 'best', 'quot', 'cassoulet', 'quot', 'recipe', 'ever', 'tasted']"
26042,1695279795,enthusiasm,ok I promise to become interesting if you follow me,"['ok', 'promise', 'become', 'interesting', 'follow']"
26165,1695312108,enthusiasm,just another monday...but there are less then 2 hours to work for today...,"['another', 'monday', '...', 'less', 'hour', 'work', 'today', '...']"
26202,1695313231,enthusiasm,@AMG22 You can find more info on getonu2.com We hope to launch the project this week. Then we'll really need some help to release it!,"['AMG22', 'find', 'info', 'getonu2.com', 'hope', 'launch', 'project', 'week', ""'ll"", 'really', 'need', 'help', 'release']"
26244,1695342457,enthusiasm,@danceashleylove i hope you feel better way soon!,"['danceashleylove', 'hope', 'feel', 'better', 'way', 'soon']"
26309,1695374320,enthusiasm,on the way to nanny  school starts tomorrow! one step closer to being a teacher!,"['way', 'nanny', 'school', 'start', 'tomorrow', 'one', 'step', 'closer', 'teacher']"
26349,1695375688,enthusiasm,coffee time,"['coffee', 'time']"
26362,1695376163,enthusiasm,"@SarahWV hehe indeed it is, I actually nearly changed my bio to just 'Don't Panic' but I wanted to keep in the #freehugs","['SarahWV', 'hehe', 'indeed', 'actually', 'nearly', 'changed', 'bio', ""'Do"", ""n't"", 'Panic', 'wanted', 'keep', 'freehugs']"
26491,1695411751,enthusiasm,@battle4acure Hey!    Good AM to you too!,"['battle4acure', 'Hey', 'Good']"
26501,1695441058,enthusiasm,@oninobaka you know it's a place with &quot;Action&quot;,"['oninobaka', 'know', ""'s"", 'place', 'quot', 'Action', 'quot']"
26510,1695441277,enthusiasm,"@sabbymcguire aiyo! so poor thing eh you! nevrmine la, the night is still young","['sabbymcguire', 'aiyo', 'poor', 'thing', 'eh', 'nevrmine', 'la', 'night', 'still', 'young']"
26570,1695443839,enthusiasm,@Bball4life Florida should be nice.,"['Bball4life', 'Florida', 'nice']"
26594,1695475181,enthusiasm,tea numver 7  (i may start on the coffee in a minute but that has way too much caffene in :S),"['tea', 'numver', 'may', 'start', 'coffee', 'minute', 'way', 'much', 'caffene']"
26635,1695476482,enthusiasm,@Nawarii22 ur welcome  u finished ur speech (typed it and written notes),"['Nawarii22', 'ur', 'welcome', 'u', 'finished', 'ur', 'speech', 'typed', 'written', 'note']"
26670,1695478035,enthusiasm,"@JGDemas Hey Muffin, good morning to you! Grt textin wif ya last night","['JGDemas', 'Hey', 'Muffin', 'good', 'morning', 'Grt', 'textin', 'wif', 'ya', 'last', 'night']"
26717,1695510744,enthusiasm,"Ok, seems I need to remember what account I'm posting as..... That last tweet was a @Geelong_FC tweet!","['Ok', 'seems', 'need', 'remember', 'account', ""'m"", 'posting', '.....', 'last', 'tweet', 'Geelong_FC', 'tweet']"
26720,1695510926,enthusiasm,@FoolProofDiva  have a good day!,"['FoolProofDiva', 'good', 'day']"
26728,1695511181,enthusiasm,Last day to sign up for GoCincinnati! www.crossroads.net/gocincinnati you can sign up with my group.. its going to be AWESOME,"['Last', 'day', 'sign', 'GoCincinnati', 'www.crossroads.net/gocincinnati', 'sign', 'group', '..', 'going', 'AWESOME']"
26730,1695511232,enthusiasm,"@ifyoucdenise kk, awesome.","['ifyoucdenise', 'kk', 'awesome']"
26819,1695546124,enthusiasm,"@DaLionofjudah Hey, you!! ;) Call me this week!! Gotta go hang out ... could use the de-stress!!","['DaLionofjudah', 'Hey', 'Call', 'week', 'Got', 'ta', 'go', 'hang', '...', 'could', 'use', 'de-stress']"
26892,1695580469,enthusiasm,Why kiss the feet of the people who kick you when you can be anything that you want to?  morning everyone! Hope you have the best day ever,"['kiss', 'foot', 'people', 'kick', 'anything', 'want', 'morning', 'everyone', 'Hope', 'best', 'day', 'ever']"
26920,1695581741,enthusiasm,@jspruett have a safe trip joshy poo.......you'll knock them dead at your speech,"['jspruett', 'safe', 'trip', 'joshy', 'poo', '.......', ""'ll"", 'knock', 'dead', 'speech']"
26949,1695583229,enthusiasm,On my flight headed 2 denver...see yall in a min,"['flight', 'headed', 'denver', '...', 'see', 'yall', 'min']"
27019,1695619285,enthusiasm,never twittered b4 but here i am wondering what to do next...jared?!?!,"['never', 'twittered', 'b4', 'wondering', 'next', '...', 'jared']"
27053,1695620558,enthusiasm,Por Favor!!! Only need FIVE more!  http://tinyurl.com/dzcpg3,"['Por', 'Favor', 'need', 'FIVE', 'http', '//tinyurl.com/dzcpg3']"
27063,1695620893,enthusiasm,Ar work bored...hope Tiff gets here soon then the fun can start,"['Ar', 'work', 'bored', '...', 'hope', 'Tiff', 'get', 'soon', 'fun', 'start']"
27079,1695654038,enthusiasm,@FransJr ... Lol! Probably a little sweeter in the carribbean! Tropical island sounds wonderful.,"['FransJr', '...', 'Lol', 'Probably', 'little', 'sweeter', 'carribbean', 'Tropical', 'island', 'sound', 'wonderful']"
27109,1695655539,enthusiasm,@kristianc count me in,"['kristianc', 'count']"
27115,1695655829,enthusiasm,monday morning . lets whip out some code today,"['monday', 'morning', 'let', 'whip', 'code', 'today']"
27154,1695657198,enthusiasm,Going to French. Anyone want to pick me up?,"['Going', 'French', 'Anyone', 'want', 'pick']"
27180,1695692186,enthusiasm,@Nicholina6....got your message!!! You are such a twitter freak!,"['Nicholina6', '....', 'got', 'message', 'twitter', 'freak']"
27182,1695692223,enthusiasm,"New project, new mess","['New', 'project', 'new', 'mess']"
27185,1695692304,enthusiasm,Sometimes all it takes to solve our problems is a fresh morning!! Hope today is beautiful for you,"['Sometimes', 'take', 'solve', 'problem', 'fresh', 'morning', 'Hope', 'today', 'beautiful']"
27191,1695692522,enthusiasm,@sharonkneadles Best of luck to you,"['sharonkneadles', 'Best', 'luck']"
27325,1695730605,enthusiasm,"@thedustball main event has not happened yet, but he is doing well so far","['thedustball', 'main', 'event', 'happened', 'yet', 'well', 'far']"
27337,1695731137,enthusiasm,"'k, going to curl up and watch random mind-numbing DVD in hopes that rest will cure runny nose. Night folks","['k', 'going', 'curl', 'watch', 'random', 'mind-numbing', 'DVD', 'hope', 'rest', 'cure', 'runny', 'nose', 'Night', 'folk']"
27342,1695731356,enthusiasm,@misterdevans   Well....hopefully someday soon you can get one!,"['misterdevans', 'Well', '....', 'hopefully', 'someday', 'soon', 'get', 'one']"
27437,1695768533,enthusiasm,today will be productive: gym now....lots and lots of writing later,"['today', 'productive', 'gym', '....', 'lot', 'lot', 'writing', 'later']"
27438,1695768654,enthusiasm,Sent Twitterville 1.2 off to Apple for review  More screenshots etc will be released later this week.,"['Sent', 'Twitterville', '1.2', 'Apple', 'review', 'screenshots', 'etc', 'released', 'later', 'week']"
27459,1695803058,enthusiasm,@leinadani haha i just realised it sounded a lot like stellllaaa lol. anyhoo i got ur facebook msg and will start working soon hopefully,"['leinadani', 'haha', 'realised', 'sounded', 'lot', 'like', 'stellllaaa', 'lol', 'anyhoo', 'got', 'ur', 'facebook', 'msg', 'start', 'working', 'soon', 'hopefully']"
27479,1695803720,enthusiasm,Morning...tired should i excercise or jus relax need to catch up on sleep..Ladies would you like to see Shemar Moore @ Embassy? Hit me up,"['Morning', '...', 'tired', 'excercise', 'jus', 'relax', 'need', 'catch', 'sleep', '..', 'Ladies', 'would', 'like', 'see', 'Shemar', 'Moore', 'Embassy', 'Hit']"
27497,1695804567,enthusiasm,@adland thanks for a nice blog post! @peterrosdahl should however be given some creds since he has done at least half of the work on it,"['adland', 'thanks', 'nice', 'blog', 'post', 'peterrosdahl', 'however', 'given', 'cred', 'since', 'done', 'least', 'half', 'work']"
27525,1695806045,enthusiasm,@udupendra I'll keep that in mind when he gets tonked for 40 off his 4 overs.,"['udupendra', ""'ll"", 'keep', 'mind', 'get', 'tonked', '40', 'over']"
27533,1695806322,enthusiasm,looking forward to body works today,"['looking', 'forward', 'body', 'work', 'today']"
27553,1695843664,enthusiasm,Going to Houston and Nola this weekend with @jill5455. Who wants to join us?,"['Going', 'Houston', 'Nola', 'weekend', 'jill5455', 'want', 'join', 'u']"
27588,1695845043,enthusiasm,@Cpopulus happy birthday corey!!,"['Cpopulus', 'happy', 'birthday', 'corey']"
27661,1695883021,enthusiasm,"@Danielindra actually,we r going there in june with my office colleagues,paid by company","['Danielindra', 'actually', 'r', 'going', 'june', 'office', 'colleague', 'paid', 'company']"
27679,1695883955,enthusiasm,"@daveredfly great thanks  looking for a client, maybe I can use this myself, gonna try it","['daveredfly', 'great', 'thanks', 'looking', 'client', 'maybe', 'use', 'gon', 'na', 'try']"
27689,1695884363,enthusiasm,@MichelleBlanc Fï¿½licitations!,"['MichelleBlanc', 'Fï¿½licitations']"
27692,1695884387,enthusiasm,"@jerrynovak Thanks, hope you have a good one","['jerrynovak', 'Thanks', 'hope', 'good', 'one']"
27717,1695885005,enthusiasm,"c'mon people, today is #juddday","[""c'mon"", 'people', 'today', 'juddday']"
27792,1695923199,enthusiasm,"@ThrivingIvory the next single is &quot;Hey Lady&quot;.ok, where is my million dollars??","['ThrivingIvory', 'next', 'single', 'quot', 'Hey', 'Lady', 'quot', '.ok', 'million', 'dollar']"
27872,1695962452,enthusiasm,Cute dress!  Hyped  http://lookbook.nu/look/134071,"['Cute', 'dress', 'Hyped', 'http', '//lookbook.nu/look/134071']"
28011,1696005258,enthusiasm,@KatieKrafka oh you crazy kids and your stress. try effed / not effed; followed by acceptance. works wonders for the rest of the world,"['KatieKrafka', 'oh', 'crazy', 'kid', 'stress', 'try', 'effed', 'effed', 'followed', 'acceptance', 'work', 'wonder', 'rest', 'world']"
28018,1696005602,enthusiasm,"@rOcketsBABY great thanks hun, i did thr family thing this wknd too! 5 weeks today we hit the USA, cant wait!!","['rOcketsBABY', 'great', 'thanks', 'hun', 'thr', 'family', 'thing', 'wknd', 'week', 'today', 'hit', 'USA', 'cant', 'wait']"
28100,1696045290,enthusiasm,"booziest weekend in a long time, good fun though!","['booziest', 'weekend', 'long', 'time', 'good', 'fun', 'though']"
28119,1696045839,enthusiasm,@gloria_hayden Welcome to Twitter!!,"['gloria_hayden', 'Welcome', 'Twitter']"
28195,1696088468,enthusiasm,"@pinkladyjen that's a shame, next time hon  yeah tea on thursday would be delightful thanks bestest sis in law x","['pinkladyjen', ""'s"", 'shame', 'next', 'time', 'hon', 'yeah', 'tea', 'thursday', 'would', 'delightful', 'thanks', 'bestest', 'si', 'law', 'x']"
28212,1696089109,enthusiasm,....dont act like your not impressed,"['....', 'dont', 'act', 'like', 'impressed']"
28257,1696134697,enthusiasm,"@thedrawingroom hilarious. so if she acts up, all you have to do is say 1 little word...&quot;gummed up&quot; grosses me out; hub says it 2 torment","['thedrawingroom', 'hilarious', 'act', 'say', 'little', 'word', '...', 'quot', 'gummed', 'quot', 'gross', 'hub', 'say', 'torment']"
28315,1696137209,enthusiasm,@MorrisonCorner i don't have any excuse other than night shifts! we got our orphan lambs from a local farmer so we cheated,"['MorrisonCorner', ""n't"", 'excuse', 'night', 'shift', 'got', 'orphan', 'lamb', 'local', 'farmer', 'cheated']"
28391,1696178335,enthusiasm,Early start today! More rain and more miles!,"['Early', 'start', 'today', 'rain', 'mile']"
28408,1696178807,enthusiasm,"Just got back from work, OT na naman. What's new?","['got', 'back', 'work', 'OT', 'na', 'naman', ""'s"", 'new']"
28415,1696179016,enthusiasm,@phillybookco Nice yo!!! Live it for me buddy!,"['phillybookco', 'Nice', 'yo', 'Live', 'buddy']"
28512,1696219758,enthusiasm,@mariannemarlow It is a drink but they have a trainer brand too.. http://www.office.co.uk/brand/babycham/8 &lt;&lt;have a look,"['mariannemarlow', 'drink', 'trainer', 'brand', '..', 'http', '//www.office.co.uk/brand/babycham/8', 'lt', 'lt', 'look']"
28604,1750897025,enthusiasm,@blueobsidian Always a good idea.,"['blueobsidian', 'Always', 'good', 'idea']"
28609,1750928042,enthusiasm,"haaah, making the card for mothers day,  and listening to musicc","['haaah', 'making', 'card', 'mother', 'day', 'listening', 'musicc']"
28640,1750929108,enthusiasm,Spending the first night in my new place!,"['Spending', 'first', 'night', 'new', 'place']"
28641,1750929126,enthusiasm,i decided that myspacee is wayy better,"['decided', 'myspacee', 'wayy', 'better']"
28653,1750929647,enthusiasm,@CinnamonCloud well you'll ether have to buy the DVD or wailt till july to see the Secret Episode!!   Episode 13!,"['CinnamonCloud', 'well', ""'ll"", 'ether', 'buy', 'DVD', 'wailt', 'till', 'july', 'see', 'Secret', 'Episode', 'Episode', '13']"
28672,1750930557,enthusiasm,"@JRKNaughtyNurse Yep, @thespunkyone that B-Day kiss is gonna happen, right @JonathanRKnight","['JRKNaughtyNurse', 'Yep', 'thespunkyone', 'B-Day', 'kiss', 'gon', 'na', 'happen', 'right', 'JonathanRKnight']"
28680,1750930758,enthusiasm,"@kamiNcali Oh, no need to stop. I could use the ego boost.","['kamiNcali', 'Oh', 'need', 'stop', 'could', 'use', 'ego', 'boost']"
28697,1750931338,enthusiasm,@jimmymcdonald Let me know how that turns out!!,"['jimmymcdonald', 'Let', 'know', 'turn']"
28757,1750965004,enthusiasm,big ups sister #1 for calling in too,"['big', 'ups', 'sister', 'calling']"
28839,1750998921,enthusiasm,"&quot;you can ride one, you can catch one, but its not summer til you pop open one&quot;  ?","['quot', 'ride', 'one', 'catch', 'one', 'summer', 'til', 'pop', 'open', 'one', 'quot']"
28869,1750999955,enthusiasm,Adventures with jamie and bethhh,"['Adventures', 'jamie', 'bethhh']"
28937,1751034655,enthusiasm,Healthy Wishes. I may just start saying that.,"['Healthy', 'Wishes', 'may', 'start', 'saying']"
28978,1751036256,enthusiasm,"@Spacegirlnz DON'T PANIC! Hehe, it will be fine. Email it to me","['Spacegirlnz', ""N'T"", 'PANIC', 'Hehe', 'fine', 'Email']"
29013,1751069204,enthusiasm,Making pork stir-fry and brown rice for dinner.,"['Making', 'pork', 'stir-fry', 'brown', 'rice', 'dinner']"
29094,1751072291,enthusiasm,live on stickam.com/itstyleryo COME CHAT!,"['live', 'stickam.com/itstyleryo', 'COME', 'CHAT']"
29123,1751105198,enthusiasm,"@bendvrx no swearing ben, say 'fudge'","['bendvrx', 'swearing', 'ben', 'say', ""'fudge""]"
29126,1751105356,enthusiasm,@missoliviaa i decided it was best for me to stay in tonight lady. i shall be in pittsburgh soon!!  (FAREWELL!!!),"['missoliviaa', 'decided', 'best', 'stay', 'tonight', 'lady', 'shall', 'pittsburgh', 'soon', 'FAREWELL']"
29203,1751140314,enthusiasm,just made DIY acid wash shorts! can't wait to see what they look like,"['made', 'DIY', 'acid', 'wash', 'short', 'ca', ""n't"", 'wait', 'see', 'look', 'like']"
112,1956993007,boredom,i'm so tired,"[""'m"", 'tired']"
316,1957038475,boredom,Waiting in line @ tryst,"['Waiting', 'line', 'tryst']"
345,1957044366,boredom,why did i agree to work a double shift,"['agree', 'work', 'double', 'shift']"
495,1957083786,boredom,"is really, really bored... I guess I will go to bed","['really', 'really', 'bored', '...', 'guess', 'go', 'bed']"
583,1957102562,boredom,So deep its priecing my soul,"['deep', 'priecing', 'soul']"
957,1957183352,boredom,"THIS TWITTER SHIT BORES ME, NOW I C Y I HAVEN'T BEEN ON HERE IN A MONTH","['TWITTER', 'SHIT', 'BORES', 'C', ""N'T"", 'MONTH']"
1074,1957208962,boredom,Not actually managed to purchase anything from the ovi store yet. Constant server error on check out,"['actually', 'managed', 'purchase', 'anything', 'ovi', 'store', 'yet', 'Constant', 'server', 'error', 'check']"
1104,1957217758,boredom,Tweeting from the tarmac at Cork Airport. Delayed,"['Tweeting', 'tarmac', 'Cork', 'Airport', 'Delayed']"
1159,1957230479,boredom,Feeling nauseous and can't sleep.,"['Feeling', 'nauseous', 'ca', ""n't"", 'sleep']"
1242,1957249686,boredom,Friday tubes at work are slow..,"['Friday', 'tube', 'work', 'slow', '..']"
1313,1957271601,boredom,omg i realy can't sleep ughh,"['omg', 'realy', 'ca', ""n't"", 'sleep', 'ughh']"
1437,1957305026,boredom,Gogol Bordello &lt; par.    Prolly not even in the top 10 of GB shows I've seen.   Perhaps some old fashioned Civilization II will help?,"['Gogol', 'Bordello', 'lt', 'par', 'Prolly', 'even', 'top', '10', 'GB', 'show', ""'ve"", 'seen', 'Perhaps', 'old', 'fashioned', 'Civilization', 'II', 'help']"
1443,1957306189,boredom,@Natalija been there  sucks like hell.,"['Natalija', 'suck', 'like', 'hell']"
1486,1957318577,boredom,is really ultra bored,"['really', 'ultra', 'bored']"
1857,1957413593,boredom,"Last Chemistry lesson for this school year!  On a brighter note, my birthday will be sandwiched between two days in chemistry lab!","['Last', 'Chemistry', 'lesson', 'school', 'year', 'brighter', 'note', 'birthday', 'sandwiched', 'two', 'day', 'chemistry', 'lab']"
2235,1957501257,boredom,My brother just woke me up to help him with his homework. I'm not happy,"['brother', 'woke', 'help', 'homework', ""'m"", 'happy']"
2281,1957509927,boredom,just woke up day off and need to go in to work that sucks. Also have to go dentist for filling at 12 then st helens for mri scan at 2,"['woke', 'day', 'need', 'go', 'work', 'suck', 'Also', 'go', 'dentist', 'filling', 'st', 'helen', 'mri', 'scan']"
2313,1957516892,boredom,"Finishing the video. Fuck me, it's so long","['Finishing', 'video', 'Fuck', ""'s"", 'long']"
2377,1957530907,boredom,"don't know what to do today.  amazing weather and i'm sitting here, great.","[""n't"", 'know', 'today', 'amazing', 'weather', ""'m"", 'sitting', 'great']"
2623,1957588348,boredom,@solobasssteve I'm with you there - filing is so much less fun than sorting cos you still have to look at it &amp; hunt down details,"['solobasssteve', ""'m"", 'filing', 'much', 'less', 'fun', 'sorting', 'co', 'still', 'look', 'amp', 'hunt', 'detail']"
2674,1957600441,boredom,fo shizzle. . . i'm bored and wanna go do something.  wish i went to pisay today. oh wellz. wonder who were there.,"['fo', 'shizzle', ""'m"", 'bored', 'wan', 'na', 'go', 'something', 'wish', 'went', 'pisay', 'today', 'oh', 'wellz', 'wonder']"
3168,1957718245,boredom,Again documentation day,"['documentation', 'day']"
3551,1958073174,boredom,why im not sleeping  !!,"['im', 'sleeping']"
3558,1958074533,boredom,i think that studying has really started taking its toll..,"['think', 'studying', 'really', 'started', 'taking', 'toll', '..']"
3740,1958115243,boredom,im bored.. RC is goin maintenance,"['im', 'bored', '..', 'RC', 'goin', 'maintenance']"
3743,1958115823,boredom,I need something t do like hello... Im fucking bored now.  um... yeh...,"['need', 'something', 'like', 'hello', '...', 'Im', 'fucking', 'bored', 'um', '...', 'yeh', '...']"
3898,1960133316,boredom,"is boiling in the office, air con any1 ?","['boiling', 'office', 'air', 'con', 'any1']"
3928,1960143638,boredom,Cleaning the old apartment today. Yay...,"['Cleaning', 'old', 'apartment', 'today', 'Yay', '...']"
4058,1960197782,boredom,@memow what did you think of the finale?  I thought it was kind of a cheap way out,"['memow', 'think', 'finale', 'thought', 'kind', 'cheap', 'way']"
4338,1960327485,boredom,in math class waiting for lunchhhhhhhh. seniors are done in fifteen minutes,"['math', 'class', 'waiting', 'lunchhhhhhhh', 'senior', 'done', 'fifteen', 'minute']"
4868,1960538385,boredom,trying to finish my ass-ignment.please god help me to finish it,"['trying', 'finish', 'ass-ignment.please', 'god', 'help', 'finish']"
4869,1960538791,boredom,@MeanMillies boo,"['MeanMillies', 'boo']"
4960,1960572404,boredom,nomatter how much i sleep am still tired,"['nomatter', 'much', 'sleep', 'still', 'tired']"
5062,1960605248,boredom,bored...disgusting weather..bored..sooo bored for my last weekend here,"['bored', '...', 'disgusting', 'weather', '..', 'bored', '..', 'sooo', 'bored', 'last', 'weekend']"
5145,1960630480,boredom,"i dislike math, but math HATES me","['dislike', 'math', 'math', 'HATES']"
5216,1960672880,boredom,Ok super bored... guess no one else it,"['Ok', 'super', 'bored', '...', 'guess', 'one', 'else']"
5554,1960908419,boredom,I am sooooooo bored in textiles !,"['sooooooo', 'bored', 'textile']"
5572,1960911358,boredom,Moving in the rain is not fun. Last day in the Hamptons,"['Moving', 'rain', 'fun', 'Last', 'day', 'Hamptons']"
5868,1961080721,boredom,this weekends abouttttto SUCK,"['weekend', 'abouttttto', 'SUCK']"
5902,1961088700,boredom,at work getting a quick bite to eat before having to kill my wrist self addressing 500 envolopes,"['work', 'getting', 'quick', 'bite', 'eat', 'kill', 'wrist', 'self', 'addressing', '500', 'envolopes']"
5933,1961096876,boredom,Youtube isn't working...and I wanted to watch Britains Got Talent.  I'm debating about having a pity party.,"['Youtube', ""n't"", 'working', '...', 'wanted', 'watch', 'Britains', 'Got', 'Talent', ""'m"", 'debating', 'pity', 'party']"
5968,1961105110,boredom,@h269 revising as uni exams are looming,"['h269', 'revising', 'uni', 'exam', 'looming']"
6315,1961224347,boredom,Its seriously quiet and lonely here without Bunny,"['seriously', 'quiet', 'lonely', 'without', 'Bunny']"
6653,1961409814,boredom,@KatherineLunt Really bored tonight though  Your book I think (Y) xxxxx,"['KatherineLunt', 'Really', 'bored', 'tonight', 'though', 'book', 'think', 'xxxxx']"
6810,1961455628,boredom,"Just got home from the bank, the teller was definitely hitting on me. Not interested.","['got', 'home', 'bank', 'teller', 'definitely', 'hitting', 'interested']"
6868,1961477134,boredom,The gigantic initial inertial to get oneself to work after a deadline,"['gigantic', 'initial', 'inertial', 'get', 'oneself', 'work', 'deadline']"
7313,1961616554,boredom,Spent too much today!!! Tube journeys always take soo long. Braces on thursdayyy,"['Spent', 'much', 'today', 'Tube', 'journey', 'always', 'take', 'soo', 'long', 'Braces', 'thursdayyy']"
7465,1961702304,boredom,I want to go to my home!!! D: I don't like stay in the work all alone,"['want', 'go', 'home', ""n't"", 'like', 'stay', 'work', 'alone']"
7486,1961742569,boredom,Can't believe how gorgeous the weather has been today &amp; I've had to spend it at work!,"['Ca', ""n't"", 'believe', 'gorgeous', 'weather', 'today', 'amp', ""'ve"", 'spend', 'work']"
7721,1961869670,boredom,BORED.  would love someone to talk to.,"['BORED', 'would', 'love', 'someone', 'talk']"
7769,1961887813,boredom,is bored. my BFF doesn't want to hang out,"['bored', 'BFF', ""n't"", 'want', 'hang']"
7791,1961892829,boredom,i'm so tired  of being sick ALL the time!!!!,"[""'m"", 'tired', 'sick', 'time']"
7793,1961893452,boredom,Have I mentioned this bus was sloooow? on it for about one hour now,"['mentioned', 'bus', 'sloooow', 'one', 'hour']"
7967,1961966158,boredom,Not really feeling like my man cherishes me  wtf ! http://myloc.me/1ZLt,"['really', 'feeling', 'like', 'man', 'cherishes', 'wtf', 'http', '//myloc.me/1ZLt']"
8059,1962003704,boredom,ok its been one hour im still waiting im losing my patience,"['ok', 'one', 'hour', 'im', 'still', 'waiting', 'im', 'losing', 'patience']"
8321,1962137981,boredom,"@shaveblog Problem is, Flash isnt GPU accelerated.  The Atom 330 can't play Youtube HD or Hulu HD fullscreen   Big deal with Plex...","['shaveblog', 'Problem', 'Flash', 'isnt', 'GPU', 'accelerated', 'Atom', '330', 'ca', ""n't"", 'play', 'Youtube', 'HD', 'Hulu', 'HD', 'fullscreen', 'Big', 'deal', 'Plex', '...']"
8579,1962222720,boredom,I totally want some white chocolate macadamia cookies from Mrs. Fields but the mall is soooo far away. Bleh  i think I'll make my own,"['totally', 'want', 'white', 'chocolate', 'macadamia', 'cooky', 'Mrs.', 'Fields', 'mall', 'soooo', 'far', 'away', 'Bleh', 'think', ""'ll"", 'make']"
8670,1962253845,boredom,@BlueEyedGirl18 One hour and fifteen minutes.  A dreadful wait.,"['BlueEyedGirl18', 'One', 'hour', 'fifteen', 'minute', 'dreadful', 'wait']"
8827,1962319938,boredom,Just woke up and feels so damn lazy  time to work out damnit!,"['woke', 'feel', 'damn', 'lazy', 'time', 'work', 'damnit']"
8949,1962376018,boredom,@BOPandTigerBeat i love those boys. i missed the chat yesterday  it was the firts &amp; only one i'll miss though! &lt;333 Nick Jonas &lt;3333,"['BOPandTigerBeat', 'love', 'boy', 'missed', 'chat', 'yesterday', 'firts', 'amp', 'one', ""'ll"", 'miss', 'though', 'lt', '333', 'Nick', 'Jonas', 'lt', '3333']"
8985,1962388047,boredom,"@Julius_Beez - I'm 20% hetero-challenged, but still didn't care for &quot;Milk&quot;... I thought it was boring.","['Julius_Beez', ""'m"", '20', 'hetero-challenged', 'still', ""n't"", 'care', 'quot', 'Milk', 'quot', '...', 'thought', 'boring']"
9037,1962404255,boredom,"Wow, kinda bothered that Jon is doing deposits now.  Apparently he keeps getting fucked out of times, but deposits are SO hard for me","['Wow', 'kinda', 'bothered', 'Jon', 'deposit', 'Apparently', 'keep', 'getting', 'fucked', 'time', 'deposit', 'hard']"
9050,1962408126,boredom,grumble..weather man.. don't know wtf they are talkin about.,"['grumble', '..', 'weather', 'man', '..', ""n't"", 'know', 'wtf', 'talkin']"
9219,1962461192,boredom,bored. tired got headache,"['bored', 'tired', 'got', 'headache']"
9330,1962522731,boredom,On a 10min brake. At wrrkk ... its 11:06 and its over at. 11:16,"['10min', 'brake', 'wrrkk', '...', '11:06', '11:16']"
9399,1962565407,boredom,jus sittin in da libray and this stupid computer wont let me order any mac foundation,"['jus', 'sittin', 'da', 'libray', 'stupid', 'computer', 'wont', 'let', 'order', 'mac', 'foundation']"
9574,1962615369,boredom,bored out of my mind,"['bored', 'mind']"
9604,1962652280,boredom,@vmlemon i dont like #kde since ver. 4.0 its like vista  #fail,"['vmlemon', 'dont', 'like', 'kde', 'since', 'ver', '4.0', 'like', 'vista', 'fail']"
9916,1962743903,boredom,@starstruckfeie  i have no one to watch it with! ma peeps  are actually focused on their finals already!,"['starstruckfeie', 'one', 'watch', 'peep', 'actually', 'focused', 'final', 'already']"
10126,1962829311,boredom,I feel like I have to throw up.,"['feel', 'like', 'throw']"
10184,1962842936,boredom,fml. forgot alli's dance recital is tonight. now i'm stuck talking to munchkins all night instead of being at devon's bonfire. :/,"['fml', 'forgot', 'alli', ""'s"", 'dance', 'recital', 'tonight', ""'m"", 'stuck', 'talking', 'munchkins', 'night', 'instead', 'devon', ""'s"", 'bonfire']"
10503,1962925670,boredom,@spidermonkeyloo Were you going to come? The venue said that they couldn't afford to open so cancelled it. I wish we were there now!,"['spidermonkeyloo', 'going', 'come', 'venue', 'said', 'could', ""n't"", 'afford', 'open', 'cancelled', 'wish']"
11057,1963103334,boredom,"@lmacken I'm stuck in a try-to-merge-two-tools CSS hell, so no help from frameworks  Unless both tools had already used the same framework","['lmacken', ""'m"", 'stuck', 'try-to-merge-two-tools', 'CSS', 'hell', 'help', 'framework', 'Unless', 'tool', 'already', 'used', 'framework']"
11058,1963103695,boredom,@lilaznangel16 im looking forward to just getting past this chapter!so annoyin when i have so much that i wanna do and i cant get to it,"['lilaznangel16', 'im', 'looking', 'forward', 'getting', 'past', 'chapter', 'annoyin', 'much', 'wan', 'na', 'cant', 'get']"
11106,1963113507,boredom,Eastenders is always so grim,"['Eastenders', 'always', 'grim']"
11255,1963156635,boredom,"At every gas station, I look for postcards for @Zomuu22  No luck.","['every', 'gas', 'station', 'look', 'postcard', 'Zomuu22', 'luck']"
11307,1963173934,boredom,sitting next to bed. cannot lay down because iPhone charging cable is too short.,"['sitting', 'next', 'bed', 'lay', 'iPhone', 'charging', 'cable', 'short']"
11313,1963175762,boredom,it's realy boo0o0o0o00oring ..my book is on the side &amp; i'm not studyin for sure...,"[""'s"", 'realy', 'boo0o0o0o00oring', '..', 'book', 'side', 'amp', ""'m"", 'studyin', 'sure', '...']"
11321,1963177080,boredom,"@knayam need some more enthu movie guys for that. Right now it's just you, @karmkhanna and @_Anshul","['knayam', 'need', 'enthu', 'movie', 'guy', 'Right', ""'s"", 'karmkhanna', '_Anshul']"
11344,1963189021,boredom,i don't know what to do... time is going by so fast.,"[""n't"", 'know', '...', 'time', 'going', 'fast']"
11799,1963353128,boredom,sitting at the chevy dealership in utah waiting for the van to be fixed,"['sitting', 'chevy', 'dealership', 'utah', 'waiting', 'van', 'fixed']"
11825,1963368299,boredom,Im bored   -musiic[BOX],"['Im', 'bored', '-musiic', 'BOX']"
11875,1963375194,boredom,@SapphireElia If its sunny go to the beach! Im stuck at home doing essays when its 20 degrees,"['SapphireElia', 'sunny', 'go', 'beach', 'Im', 'stuck', 'home', 'essay', '20', 'degree']"
11897,1963386907,boredom,I have to give up my beloved Red Sox tickets!! Argh! Meeting was just scheduled in CA...,"['give', 'beloved', 'Red', 'Sox', 'ticket', 'Argh', 'Meeting', 'scheduled', 'CA', '...']"
11916,1963393063,boredom,at home and sick    http://yfrog.com/17zw1j,"['home', 'sick', 'http', '//yfrog.com/17zw1j']"
12044,1963426965,boredom,"Ditto that, my friend...BORED! Oops, now I have an exciting problem","['Ditto', 'friend', '...', 'BORED', 'Oops', 'exciting', 'problem']"
12140,1963479357,boredom,"@random_nexus he has to have a new suitcase, but he is just so bloody indecicive, everytime he wants to buy something it takes HOURS","['random_nexus', 'new', 'suitcase', 'bloody', 'indecicive', 'everytime', 'want', 'buy', 'something', 'take', 'HOURS']"
12165,1963484466,boredom,@gillianre i can barely walk- they're twice the usual size  @ least its now&amp; not in NY ;) ive requested my song;) u retquestin owt 2nite?X,"['gillianre', 'barely', 'walk-', ""'re"", 'twice', 'usual', 'size', 'least', 'amp', 'NY', 'ive', 'requested', 'song', 'u', 'retquestin', 'owt', '2nite', 'X']"
12180,1963495610,boredom,Steve Aoki  sorry. May b nxt time.,"['Steve', 'Aoki', 'sorry', 'May', 'b', 'nxt', 'time']"
12229,1963504603,boredom,Sitting in the tax collectors office.    Getting ready to write a check.,"['Sitting', 'tax', 'collector', 'office', 'Getting', 'ready', 'write', 'check']"
12276,1963521132,boredom,Bad week for connectivity...Arlington Panera wifi sucks. Maybe head to Legal Seafoods at airport. Dang...missing Metaverse U stream.,"['Bad', 'week', 'connectivity', '...', 'Arlington', 'Panera', 'wifi', 'suck', 'Maybe', 'head', 'Legal', 'Seafoods', 'airport', 'Dang', '...', 'missing', 'Metaverse', 'U', 'stream']"
12366,1963551015,boredom,"Very bored. All day, no one 2 talk 2. Missing my BF (and his kisses). Hols almost over,  don't wanna go back 2 skool.","['bored', 'day', 'one', 'talk', 'Missing', 'BF', 'kiss', 'Hols', 'almost', ""n't"", 'wan', 'na', 'go', 'back', 'skool']"
12383,1963562459,boredom,is stuck in traffic,"['stuck', 'traffic']"
12549,1963601475,boredom,Man i am being boring today not tweeting  How are you guys?,"['Man', 'boring', 'today', 'tweeting', 'guy']"
13057,1963861579,boredom,"bored , cleanin the house","['bored', 'cleanin', 'house']"
13114,1963900224,boredom,"ya know why today sucks? its been raining, we have no $, &amp; no possibility of a magic friday.  so whats goin down tonight?","['ya', 'know', 'today', 'suck', 'raining', 'amp', 'possibility', 'magic', 'friday', 'whats', 'goin', 'tonight']"
13198,1963947107,boredom,"oh no, i need new work shoes...i broke this one!","['oh', 'need', 'new', 'work', 'shoe', '...', 'broke', 'one']"
13800,1964209801,boredom,@ericmaglio1 i have no phone  whatchu doing tonight sucka. no dane cook she sold the tickets. lamee.,"['ericmaglio1', 'phone', 'whatchu', 'tonight', 'sucka', 'dane', 'cook', 'sold', 'ticket', 'lamee']"
14124,1964368765,boredom,is tired. 04:30 alarm setting will do that  Off to bed as soon as my bloody iPhone Backup and Sync finishes.,"['tired', '04:30', 'alarm', 'setting', 'bed', 'soon', 'bloody', 'iPhone', 'Backup', 'Sync', 'finish']"
14204,1964382829,boredom,"even though it's only 7am on Saturday morning, it feels like the weekend is already over. btw I'm awake because I had a bad dream..","['even', 'though', ""'s"", '7am', 'Saturday', 'morning', 'feel', 'like', 'weekend', 'already', 'btw', ""'m"", 'awake', 'bad', 'dream', '..']"
14558,1964567173,boredom,Ugh... Waiting.... Interminable...,"['Ugh', '...', 'Waiting', '....', 'Interminable', '...']"
14610,1964583491,boredom,"@thefunkyfairy hiya, hows your week been?? just tried to DM you but your not following!  x","['thefunkyfairy', 'hiya', 'hows', 'week', 'tried', 'DM', 'following', 'x']"
14635,1964593349,boredom,@themabster not if you have to be to work at six...,"['themabster', 'work', 'six', '...']"
15204,1964767248,boredom,@edie22 What's wrong with Dr.Phil? I shamefully loved his show when I was able to watch it.,"['edie22', ""'s"", 'wrong', 'Dr.Phil', 'shamefully', 'loved', 'show', 'able', 'watch']"
15359,1964814500,boredom,@hughsbeautiful beast I have had enough,"['hughsbeautiful', 'beast', 'enough']"
15364,1964821865,boredom,Mikey I'm bored,"['Mikey', ""'m"", 'bored']"
15491,1964854544,boredom,Dead stopped in the express lane. This would happen when I choose to take it. No way out now. Ugh. Hopefully this gets moving,"['Dead', 'stopped', 'express', 'lane', 'would', 'happen', 'choose', 'take', 'way', 'Ugh', 'Hopefully', 'get', 'moving']"
15588,1964886919,boredom,@savingtime buuuut its so annoying!!  okay *breathes* x.,"['savingtime', 'buuuut', 'annoying', 'okay', 'breathes', 'x']"
15704,1964957415,boredom,"have to go meet tims entiiiiire family in an hour, this should be different.. finishing getting ready then wake ; feel like shit still","['go', 'meet', 'tims', 'entiiiiire', 'family', 'hour', 'different', '..', 'finishing', 'getting', 'ready', 'wake', 'feel', 'like', 'shit', 'still']"
15732,1964970085,boredom,Ahhhhh processing shipment  sooooooo much!!!!!,"['Ahhhhh', 'processing', 'shipment', 'sooooooo', 'much']"
15751,1964974793,boredom,Going crazy  super head ach from hell and my the in laws have ben here since 9 this morning. ahhhh,"['Going', 'crazy', 'super', 'head', 'ach', 'hell', 'law', 'ben', 'since', 'morning', 'ahhhh']"
15895,1965017645,boredom,my brother left me for the day now I am here by myself,"['brother', 'left', 'day']"
16039,1965209708,boredom,"Facebook won't load for me.  Damn it, I'm bored.","['Facebook', 'wo', ""n't"", 'load', 'Damn', ""'m"", 'bored']"
16292,1965295438,boredom,TGIF... Hubby dragged me out to buy car parts. I am tired n cranky,"['TGIF', '...', 'Hubby', 'dragged', 'buy', 'car', 'part', 'tired', 'n', 'cranky']"
16356,1965313632,boredom,J Ross you can't leave the killers still singing and run the titles - you should have been edited out for more music - happy - not,"['J', 'Ross', 'ca', ""n't"", 'leave', 'killer', 'still', 'singing', 'run', 'title', 'edited', 'music', 'happy']"
16359,1965314331,boredom,@grooveybianca12 nah jkin he's hot! so... bored now,"['grooveybianca12', 'nah', 'jkin', ""'s"", 'hot', '...', 'bored']"
16421,1965332660,boredom,"@dmafiax thanks ALOT, stuck at work with it too","['dmafiax', 'thanks', 'ALOT', 'stuck', 'work']"
16463,1965364276,boredom,"my neighbours are far too loud in thier back garden, all I can hear is this loud woman that won't stop laughing","['neighbour', 'far', 'loud', 'thier', 'back', 'garden', 'hear', 'loud', 'woman', 'wo', ""n't"", 'stop', 'laughing']"
16979,1965495333,boredom,"We are on the slowest train ever, it stops everywhere. Missed a quick train by a few minutes","['slowest', 'train', 'ever', 'stop', 'everywhere', 'Missed', 'quick', 'train', 'minute']"
17055,1965516640,boredom,@jambomb oh that looks boring  and even more boring you have an exam on a saturday,"['jambomb', 'oh', 'look', 'boring', 'even', 'boring', 'exam', 'saturday']"
17078,1965521663,boredom,tired as fuck. it's pissing down with rain. i miss summer,"['tired', 'fuck', ""'s"", 'pissing', 'rain', 'miss', 'summer']"
17127,1965536039,boredom,is not liking the online livebox right now. Internet is dead.,"['liking', 'online', 'livebox', 'right', 'Internet', 'dead']"
17151,1965541573,boredom,Just got home from the BEA &amp; it was kinda boring (2 me) this year  but hung out with some GREAT authors &amp; co-workers!,"['got', 'home', 'BEA', 'amp', 'kinda', 'boring', 'year', 'hung', 'GREAT', 'author', 'amp', 'co-worker']"
17332,1965595330,boredom,bored fixed the internet for my dad but now im bored to death,"['bored', 'fixed', 'internet', 'dad', 'im', 'bored', 'death']"
17697,1965757488,boredom,"longest flight EVER. not particularly unpleasant or uncomfortable, just really really long","['longest', 'flight', 'EVER', 'particularly', 'unpleasant', 'uncomfortable', 'really', 'really', 'long']"
17818,1965808218,boredom,waiting to go to the movies later for my 6th month. booored.,"['waiting', 'go', 'movie', 'later', '6th', 'month', 'booored']"
18292,1965933009,boredom,@xx_Megan_xx Same! Like the kisses on nights when she wasnt up for eviction! They were very badly edited,"['xx_Megan_xx', 'Like', 'kiss', 'night', 'wasnt', 'eviction', 'badly', 'edited']"
18509,1965985723,boredom,ugh lost the remote  gotta actually move to change channel wtf #twat,"['ugh', 'lost', 'remote', 'got', 'ta', 'actually', 'move', 'change', 'channel', 'wtf', 'twat']"
18524,1965993765,boredom,Is still stuck in the office working!,"['still', 'stuck', 'office', 'working']"
18906,1966106279,boredom,Just started feeling bad again  ugh. I hate it when I don't feel good!!,"['started', 'feeling', 'bad', 'ugh', 'hate', ""n't"", 'feel', 'good']"
18971,1966123336,boredom,Cleaning the House! Im so boring..,"['Cleaning', 'House', 'Im', 'boring', '..']"
19187,1966196733,boredom,"Not gonna lie, i'm going to miss high school lunches. A lot. Damn.","['gon', 'na', 'lie', ""'m"", 'going', 'miss', 'high', 'school', 'lunch', 'lot', 'Damn']"
19275,1966218964,boredom,I'm so tired. I don't get how I am. I sat on the lawn mower and didn't push the whole damn thing.,"[""'m"", 'tired', ""n't"", 'get', 'sat', 'lawn', 'mower', ""n't"", 'push', 'whole', 'damn', 'thing']"
19452,1966267369,boredom,aw now where's that little asian girl who runs round pooping her pants in public? i miss laughing at her.,"['aw', ""'s"", 'little', 'asian', 'girl', 'run', 'round', 'pooping', 'pant', 'public', 'miss', 'laughing']"
19475,1966270804,boredom,got new sneaks today..can't wait to break them in..stupid rain,"['got', 'new', 'sneak', 'today', '..', 'ca', ""n't"", 'wait', 'break', '..', 'stupid', 'rain']"
19595,1966301299,boredom,I need to go ouuut. I'm so bored.,"['need', 'go', 'ouuut', ""'m"", 'bored']"
19738,1966338047,boredom,@Candyland3 thats terrible.,"['Candyland3', 'thats', 'terrible']"
19849,1966404532,boredom,Waiting for the dang pizza to cook. It's almost 9 and we still have not eaten wifey fail. Did I mention I feel like crap,"['Waiting', 'dang', 'pizza', 'cook', ""'s"", 'almost', 'still', 'eaten', 'wifey', 'fail', 'mention', 'feel', 'like', 'crap']"
19862,1966408272,boredom,1-Pendulum = awesome! 2-Goodbyes suck  3-Shut up plz. 4-Toy Story 3!!  5-JB 3D MOVIE 2MORO! 6-I'm tired. 7-Aaaand I'm out.,"['1-Pendulum', 'awesome', '2-Goodbyes', 'suck', '3-Shut', 'plz', '4-Toy', 'Story', '5-JB', '3D', 'MOVIE', '2MORO', '6-I', ""'m"", 'tired', '7-Aaaand', ""'m""]"
19881,1966411976,boredom,@DanielFielding i tried listenin to music 4 half an hour! Tried readin a really boring book-still wide awake!,"['DanielFielding', 'tried', 'listenin', 'music', 'half', 'hour', 'Tried', 'readin', 'really', 'boring', 'book-still', 'wide', 'awake']"
20385,1694033805,boredom,#todo Cleaning the Apartment - again - who keeps making this mess? oh yeah .. me. $10 + hug for the person to help come clean,"['todo', 'Cleaning', 'Apartment', 'keep', 'making', 'mess', 'oh', 'yeah', '..', '10', 'hug', 'person', 'help', 'come', 'clean']"
20887,1694127258,boredom,@TrafficMike irregularly. And Im (half-assedly) working on an essay. by saying half-assedly I really mean not at all. Words not even open,"['TrafficMike', 'irregularly', 'Im', 'half-assedly', 'working', 'essay', 'saying', 'half-assedly', 'really', 'mean', 'Words', 'even', 'open']"
21102,1694165895,boredom,@aussiecynic Watching you work is exhausing. Just thinking about it is making  me sleepy,"['aussiecynic', 'Watching', 'work', 'exhausing', 'thinking', 'making', 'sleepy']"
22539,1694440572,boredom,doing my folio work but keep on getting distracted by deb pics,"['folio', 'work', 'keep', 'getting', 'distracted', 'deb', 'pic']"
23044,1694549471,boredom,#com125: we have a quiz! again .. Feliza is bugging us again  its getting very annoying!,"['com125', 'quiz', '..', 'Feliza', 'bugging', 'u', 'getting', 'annoying']"
23148,1694567797,boredom,HEY YOU' ALL SUCK;its anybody on there :s im so bored common answear me,"['HEY', 'SUCK', 'anybody', 'im', 'bored', 'common', 'answear']"
26365,1695376216,boredom,counting the minutes until I can go home,"['counting', 'minute', 'go', 'home']"
26406,1695408032,boredom,Stuck on NJ Transit for the past twenty minutes. Great way to start the week,"['Stuck', 'NJ', 'Transit', 'past', 'twenty', 'minute', 'Great', 'way', 'start', 'week']"
26660,1695477533,boredom,reeeejuvinated  and bored as hell.,"['reeeejuvinated', 'bored', 'hell']"
27057,1695620757,boredom,@thebirdmachine: About 1pm.  Squeaking?! Hell squeaking?! D:,"['thebirdmachine', '1pm', 'Squeaking', 'Hell', 'squeaking']"
27851,1695961641,boredom,@LostinSweden too bad I don't drink  But Kentucky is cool tho.All my friends lived in Cincy and I was driving across existance every wknd.,"['LostinSweden', 'bad', ""n't"", 'drink', 'Kentucky', 'cool', 'tho.All', 'friend', 'lived', 'Cincy', 'driving', 'across', 'existance', 'every', 'wknd']"
28048,1696043380,boredom,Good Morning twitters!!! I am soooo tired...I really need 2 stay off of twitter...LOL this shit is taking over my life...LOL,"['Good', 'Morning', 'twitter', 'soooo', 'tired', '...', 'really', 'need', 'stay', 'twitter', '...', 'LOL', 'shit', 'taking', 'life', '...', 'LOL']"
28176,1696087663,boredom,I'm SUPER tired and probably could sleep ALL day BUT I work 12:30 to 9:30 today in Tool Rental... Oh the Joy!!,"[""'m"", 'SUPER', 'tired', 'probably', 'could', 'sleep', 'day', 'work', '12:30', '9:30', 'today', 'Tool', 'Rental', '...', 'Oh', 'Joy']"
28729,1750963783,boredom,@GregInsco thats another sponsor,"['GregInsco', 'thats', 'another', 'sponsor']"
29051,1751070701,boredom,i have been in the lounge for HOURS...and i have not been productive at all. upps time to go out,"['lounge', 'HOURS', '...', 'productive', 'upps', 'time', 'go']"
29097,1751104299,boredom,I'm my mom's company picnic at a Lake Elsinore Storm game. Oh the things we do to please moms,"[""'m"", 'mom', ""'s"", 'company', 'picnic', 'Lake', 'Elsinore', 'Storm', 'game', 'Oh', 'thing', 'please', 'mom']"
29143,1751106315,boredom,@onamatepiya piyaaa! hi. :] im hyper &amp; im bored &amp; im online &amp; im going to find pictures for the noteboook.  still cant send messages. grr.,"['onamatepiya', 'piyaaa', 'hi', 'im', 'hyper', 'amp', 'im', 'bored', 'amp', 'im', 'online', 'amp', 'im', 'going', 'find', 'picture', 'noteboook', 'still', 'cant', 'send', 'message', 'grr']"
30419,1751575075,boredom,Nothing to do. Just sitting here. I can see Mrs. P and her husband,"['Nothing', 'sitting', 'see', 'Mrs.', 'P', 'husband']"
30742,1751713870,boredom,@jodimariethomas hey Jodi.. what's up??ugg.. im bored.. i just made a sundae.. c u monday.. ( hahaha it rymed...) loll. cu in school,"['jodimariethomas', 'hey', 'Jodi', '..', ""'s"", 'ugg', '..', 'im', 'bored', '..', 'made', 'sundae', '..', 'c', 'u', 'monday', '..', 'hahaha', 'rymed', '...', 'loll', 'cu', 'school']"
30853,1751750118,boredom,should probably do some house work  for my mummy think id better. would cook dinner but im a shit cook lol xx,"['probably', 'house', 'work', 'mummy', 'think', 'id', 'better', 'would', 'cook', 'dinner', 'im', 'shit', 'cook', 'lol', 'xx']"
31472,1751954699,boredom,Time to get off the puter. Nite all.,"['Time', 'get', 'puter', 'Nite']"
32106,1752191870,boredom,@RaceSpeed You are so welcome!!!  Keep 'em coming!,"['RaceSpeed', 'welcome', 'Keep', ""'em"", 'coming']"
32266,1752227553,boredom,Listening to maylene and wondering why cant I pull off as many cool southern metal licks as them,"['Listening', 'maylene', 'wondering', 'cant', 'pull', 'many', 'cool', 'southern', 'metal', 'lick']"
32383,1752287131,boredom,Nothing relaxing on a Saturday night!,"['Nothing', 'relaxing', 'Saturday', 'night']"
32495,1752321001,boredom,"@heatedskates That may be, I still don't like hearing his name so much.   #blackhawks #canucks","['heatedskates', 'may', 'still', ""n't"", 'like', 'hearing', 'name', 'much', 'blackhawks', 'canuck']"
33228,1752535472,boredom,@PurpleFoodie yeah...I hope it turns out... 20 more minutes!,"['PurpleFoodie', 'yeah', '...', 'hope', 'turn', '...', '20', 'minute']"
33434,1752617273,boredom,"@rhixz16 nothing much, juss really bored! hbu?","['rhixz16', 'nothing', 'much', 'juss', 'really', 'bored', 'hbu']"
33638,1752672194,boredom,"I think I might have to call it a night. Getting that falling feeling, need to fall into bed. Night, night, tweople!","['think', 'might', 'call', 'night', 'Getting', 'falling', 'feeling', 'need', 'fall', 'bed', 'Night', 'night', 'tweople']"
35323,1753075045,boredom,(@Pina) i dont know why i follow sme of the ppl that i do... they e anoying and boring. * note to self -unfollow peeps on monday morning,"['Pina', 'dont', 'know', 'follow', 'sme', 'ppl', '...', 'e', 'anoying', 'boring', 'note', 'self', '-unfollow', 'peep', 'monday', 'morning']"
35350,1753093981,boredom,@DanniPandemos ok .... Here 409 is a cleaning soln .... Blah.... Over and out,"['DanniPandemos', 'ok', '....', '409', 'cleaning', 'soln', '....', 'Blah', '....']"
36628,1753347682,boredom,today was boring...harry potter ftw,"['today', 'boring', '...', 'harry', 'potter', 'ftw']"
37102,1753433025,boredom,Prom is so over rated!! Irritated... Going to bed goodnight,"['Prom', 'rated', 'Irritated', '...', 'Going', 'bed', 'goodnight']"
37119,1753433766,boredom,1:36 AM screw it im going to bed... one love,"['1:36', 'screw', 'im', 'going', 'bed', '...', 'one', 'love']"
37778,1753548750,boredom,Watching mens volleyball on TV.  For some reason its not as good as womens beach volleyball.  Cant quite place why,"['Watching', 'men', 'volleyball', 'TV', 'reason', 'good', 'womens', 'beach', 'volleyball', 'Cant', 'quite', 'place']"
38952,1753743277,boredom,@carlysmum lol takes some getting use to  Just replying to your email. Power keeps cutting out here :S,"['carlysmum', 'lol', 'take', 'getting', 'use', 'replying', 'email', 'Power', 'keep', 'cutting']"
38961,1753743548,boredom,@lovely_sara I'm sitting in the bus to dublin And listen tokio hotel-reden.And i must laugh.you know why,"['lovely_sara', ""'m"", 'sitting', 'bus', 'dublin', 'listen', 'tokio', 'hotel-reden.And', 'must', 'laugh.you', 'know']"
39105,1753760150,boredom,@astrylnaut yeah talking to you was too boring,"['astrylnaut', 'yeah', 'talking', 'boring']"
39604,1753851840,boredom,"just finished some Sunday cleaning, waiting to read the next chapter of Kiyosaki's book so i can hit a cleaner","['finished', 'Sunday', 'cleaning', 'waiting', 'read', 'next', 'chapter', 'Kiyosaki', ""'s"", 'book', 'hit', 'cleaner']"
39732,1753869732,boredom,@ncreations MBB has been cryopreserved. May return in the future...,"['ncreations', 'MBB', 'cryopreserved', 'May', 'return', 'future', '...']"
494,1957083641,anger,fuckin'm transtelecom,"['fuckin', ""'m"", 'transtelecom']"
527,1957089935,anger,Working   But it's Fridaaaayyyyy,"['Working', ""'s"", 'Fridaaaayyyyy']"
612,1957110088,anger,Packing  I don't like it..,"['Packing', ""n't"", 'like', '..']"
1377,1957289252,anger,I tried to dye my hair and all i got was a blond chunk in the front middle part of my hair. Dang.,"['tried', 'dye', 'hair', 'got', 'blond', 'chunk', 'front', 'middle', 'part', 'hair', 'Dang']"
1384,1957291305,anger,&quot;locked up abroad&quot; makes bein half brown good risk mgmt when travelin 3rd world. i blend. i feel sorry for my hostage magnet white pepo,"['quot', 'locked', 'abroad', 'quot', 'make', 'bein', 'half', 'brown', 'good', 'risk', 'mgmt', 'travelin', '3rd', 'world', 'blend', 'feel', 'sorry', 'hostage', 'magnet', 'white', 'pepo']"
1498,1957320931,anger,@LouGagliardi  damned hordies,"['LouGagliardi', 'damned', 'hordies']"
1993,1957448941,anger,"@bcollinstattoo yes, boo for soar throats and earaches!","['bcollinstattoo', 'yes', 'boo', 'soar', 'throat', 'earache']"
2135,1957477724,anger,My stomach is all EXPLODE from the wendys  why is everything that tastes good bad for you?,"['stomach', 'EXPLODE', 'wendys', 'everything', 'taste', 'good', 'bad']"
2619,1957587490,anger,"@rmilana Hey, Wahts happening in #coffeclub..? I didnt have coffee for two days now  @dharshana","['rmilana', 'Hey', 'Wahts', 'happening', 'coffeclub', '..', 'didnt', 'coffee', 'two', 'day', 'dharshana']"
2629,1957589597,anger,"Did a historical Jesus ever exist? Im finding it hard to prove, its all hearsay accounts ... it bugs me ...","['historical', 'Jesus', 'ever', 'exist', 'Im', 'finding', 'hard', 'prove', 'hearsay', 'account', '...', 'bug', '...']"
2664,1957597348,anger,lost all my files since high school.,"['lost', 'file', 'since', 'high', 'school']"
3187,1957724418,anger,"i hav a chance to win $10, $100, $1000.  i was given a free can of $ plant..have to wait till the plant grow to know if i won anythin!!?!","['hav', 'chance', 'win', '10', '100', '1000', 'given', 'free', 'plant', '..', 'wait', 'till', 'plant', 'grow', 'know', 'anythin']"
3212,1957728707,anger,i never knew a dentention was so hard 2 get,"['never', 'knew', 'dentention', 'hard', 'get']"
3337,1957758701,anger,@drakesizzle  If you don't want to come then don't come. JEEEEEZ.,"['drakesizzle', ""n't"", 'want', 'come', ""n't"", 'come', 'JEEEEEZ']"
3515,1958065414,anger,@_supernatural_ more Demon Sam!! I need it to numb the pain  xXx,"['_supernatural_', 'Demon', 'Sam', 'need', 'numb', 'pain', 'xXx']"
3565,1958075486,anger,"@LeahMul awh, thats not good,   get better soon!","['LeahMul', 'awh', 'thats', 'good', 'get', 'better', 'soon']"
3717,1958110071,anger,stuck in stupid Jeuno with flag up.  Wish I was in Windy fishing,"['stuck', 'stupid', 'Jeuno', 'flag', 'Wish', 'Windy', 'fishing']"
3885,1960129867,anger,@mikeavila ack! I just read about your show  that's horrible!!! No accounting for taste.,"['mikeavila', 'ack', 'read', 'show', ""'s"", 'horrible', 'accounting', 'taste']"
3909,1960137406,anger,"@Greenwichlad Oh let me clarify,know lots of nice people who live there, but thought it always was a breeding ground 4 BNP","['Greenwichlad', 'Oh', 'let', 'clarify', 'know', 'lot', 'nice', 'people', 'live', 'thought', 'always', 'breeding', 'ground', 'BNP']"
4378,1960339755,anger,Confuzzled,['Confuzzled']
4511,1960422487,anger,The toaster oven was my fault. Now I'm going to look like an idiot in front of my father.,"['toaster', 'oven', 'fault', ""'m"", 'going', 'look', 'like', 'idiot', 'front', 'father']"
4890,1960545040,anger,@eboogiee smh Your whin with that comment,"['eboogiee', 'smh', 'whin', 'comment']"
5038,1960598982,anger,@_hayles are u serious???? you touched his arse? ohmygod u bitch!!! lol aaaaawwwwwww y did u tell me that!!!,"['_hayles', 'u', 'serious', 'touched', 'arse', 'ohmygod', 'u', 'bitch', 'lol', 'aaaaawwwwwww', 'u', 'tell']"
5387,1960809800,anger,@mashable Link to ff &quot;how it works&quot; is broke!,"['mashable', 'Link', 'ff', 'quot', 'work', 'quot', 'broke']"
6241,1961189720,anger,aaaaaaaaaaa McFly,"['aaaaaaaaaaa', 'McFly']"
6475,1961276271,anger,Shout out to my moms for wakin me up so prematurely! Preciate it,"['Shout', 'mom', 'wakin', 'prematurely', 'Preciate']"
6497,1961282376,anger,Stupid red hair is too difficult on the upkeep. Re-dyed it a more manageable brown-red. Boo,"['Stupid', 'red', 'hair', 'difficult', 'upkeep', 'Re-dyed', 'manageable', 'brown-red', 'Boo']"
6895,1961482073,anger,has a VERY arduous task to accomplish at work...stuff that should have already been done &amp; as usual it hasn't. Not because of me either.,"['arduous', 'task', 'accomplish', 'work', '...', 'stuff', 'already', 'done', 'amp', 'usual', ""n't"", 'either']"
6971,1961501807,anger,"@wmdev Every time I succeed with a code, I get &quot;We're Sorry. Your Credit Card Has Been Declined at this time.&quot;","['wmdev', 'Every', 'time', 'succeed', 'code', 'get', 'quot', ""'re"", 'Sorry', 'Credit', 'Card', 'Declined', 'time.', 'quot']"
7197,1961567959,anger,@jamie_oliver  I was off by one year. I really wanted some of Jamies cooking books in ENGLISH!!!! not German.,"['jamie_oliver', 'one', 'year', 'really', 'wanted', 'Jamies', 'cooking', 'book', 'ENGLISH', 'German']"
7205,1961569799,anger,@aranarose Murphy's Law?  Sorry that your computer is not cooperating when you have lots of work. My kids are .. http://tinyurl.com/km235x,"['aranarose', 'Murphy', ""'s"", 'Law', 'Sorry', 'computer', 'cooperating', 'lot', 'work', 'kid', '..', 'http', '//tinyurl.com/km235x']"
7698,1961864046,anger,@BigCatJared   What did I do to you!  sheesh,"['BigCatJared', 'sheesh']"
7767,1961887160,anger,studying for this bullshit econ test,"['studying', 'bullshit', 'econ', 'test']"
7980,1961969140,anger,Internet is painfully slow today,"['Internet', 'painfully', 'slow', 'today']"
8045,1962000203,anger,@cindaxo the straightener's another 110 pounds though. Seems pricey,"['cindaxo', 'straightener', ""'s"", 'another', '110', 'pound', 'though', 'Seems', 'pricey']"
8251,1962106409,anger,MOtherfuck QW,"['MOtherfuck', 'QW']"
8410,1962171118,anger,No gas PLUS no money = Desperation!!!   and that's the word of the day!  http://twitpic.com/66zls,"['gas', 'PLUS', 'money', 'Desperation', ""'s"", 'word', 'day', 'http', '//twitpic.com/66zls']"
8444,1962188721,anger,Very bad things.......I need to stop thinking!,"['bad', 'thing', '.......', 'need', 'stop', 'thinking']"
8481,1962197648,anger,@anz_rocks19  i have to break the twitterparty... im off home soon,"['anz_rocks19', 'break', 'twitterparty', '...', 'im', 'home', 'soon']"
8539,1962213285,anger,@msaysrawr *points at the gear question I just posted* I cant get the rest of my Dreadweave set,"['msaysrawr', 'point', 'gear', 'question', 'posted', 'cant', 'get', 'rest', 'Dreadweave', 'set']"
8563,1962220378,anger,The &quot;Catch Me If You Can&quot; DVD that I rented from Blockbuster.com yesterday was cracked. Figured it out about 35 minutes into the movie.,"['quot', 'Catch', 'quot', 'DVD', 'rented', 'Blockbuster.com', 'yesterday', 'cracked', 'Figured', '35', 'minute', 'movie']"
8683,1962257822,anger,"It's so annoying when I want to go see The Sats, @OfficialJoBros and @ddlovato in concert..but I know I'LL Have to pay","[""'s"", 'annoying', 'want', 'go', 'see', 'Sats', 'OfficialJoBros', 'ddlovato', 'concert', '..', 'know', ""'LL"", 'pay']"
8857,1962326416,anger,i hella wanted a sausage mcmuffin but when i gt there breakfast was over,"['hella', 'wanted', 'sausage', 'mcmuffin', 'gt', 'breakfast']"
9998,1962781067,anger,#twitterfails fucking hard right now...this is annoying,"['twitterfails', 'fucking', 'hard', 'right', '...', 'annoying']"
10640,1962959665,anger,im writing an exam on a SATURDAY  that should be illegal  where's my weekend?,"['im', 'writing', 'exam', 'SATURDAY', 'illegal', ""'s"", 'weekend']"
10727,1962994871,anger,@egheitasean Which denomination? I'm at the library and everything's blocked.,"['egheitasean', 'denomination', ""'m"", 'library', 'everything', ""'s"", 'blocked']"
10734,1962996830,anger,bout to go to work with a wicked sunburn on the chest.,"['bout', 'go', 'work', 'wicked', 'sunburn', 'chest']"
11136,1963126649,anger,"Wow, I'm really bored... and pissed I left my library card when I had to take the Booky Wook back...","['Wow', ""'m"", 'really', 'bored', '...', 'pissed', 'left', 'library', 'card', 'take', 'Booky', 'Wook', 'back', '...']"
11694,1963321469,anger,@kristanmarie at least you dont have quad parking haha two cars drove by real fast and spashed mud all over me,"['kristanmarie', 'least', 'dont', 'quad', 'parking', 'haha', 'two', 'car', 'drove', 'real', 'fast', 'spashed', 'mud']"
12385,1963562862,anger,"Grabbing a snack and a drink at chili's, but the power just went out. Before I got my food!","['Grabbing', 'snack', 'drink', 'chili', ""'s"", 'power', 'went', 'got', 'food']"
12579,1963608177,anger,@playspymaster I want an invite - sick of seeing all these links for people playing and being left out,"['playspymaster', 'want', 'invite', 'sick', 'seeing', 'link', 'people', 'playing', 'left']"
12590,1963609364,anger,#thingsmummysaid my mummy told me she never wnted to be my mummy ever again  so i live wid my dad i think ?? it all confusing,"['thingsmummysaid', 'mummy', 'told', 'never', 'wnted', 'mummy', 'ever', 'live', 'wid', 'dad', 'think', 'confusing']"
12996,1963814520,anger,@tommcfly Why do you not respond me?,"['tommcfly', 'respond']"
13041,1963859530,anger,"Big Laptop is too big, so it's time to switch to the Eee.  Bye big guy","['Big', 'Laptop', 'big', ""'s"", 'time', 'switch', 'Eee', 'Bye', 'big', 'guy']"
13328,1963994985,anger,People at work are stressing me out.,"['People', 'work', 'stressing']"
13439,1964034674,anger,@FafsaHelp i don't know what lender it was? yea these people definitely sucked butt toes. NOT friendly or helpful.,"['FafsaHelp', ""n't"", 'know', 'lender', 'yea', 'people', 'definitely', 'sucked', 'butt', 'toe', 'friendly', 'helpful']"
13561,1964085747,anger,Wish my headache/almost migraine would go away!,"['Wish', 'headache/almost', 'migraine', 'would', 'go', 'away']"
13699,1964145604,anger,"Gah, I sprained my LEFT ankle... Just after I got over the torn ligament for my right foot. Looks like it's back to walking with a cane","['Gah', 'sprained', 'LEFT', 'ankle', '...', 'got', 'torn', 'ligament', 'right', 'foot', 'Looks', 'like', ""'s"", 'back', 'walking', 'cane']"
13740,1964155762,anger,My throat is on fire,"['throat', 'fire']"
14082,1964329118,anger,sam and sean are teasing me saying they are gonna get wings without me,"['sam', 'sean', 'teasing', 'saying', 'gon', 'na', 'get', 'wing', 'without']"
14112,1964365667,anger,never does  anything good school and rabbit it my life cycle dunno how to tune a giutar so i am stuffed,"['never', 'anything', 'good', 'school', 'rabbit', 'life', 'cycle', 'dunno', 'tune', 'giutar', 'stuffed']"
14523,1964560834,anger,@janae24 lol! y does ur tweet sound like ur voice yelling at me  lol!,"['janae24', 'lol', 'ur', 'tweet', 'sound', 'like', 'ur', 'voice', 'yelling', 'lol']"
14684,1964602268,anger,Gah! I left my glasses at work and reading is giving me a headache.  I can't believe how much I need them these days.  Old age.,"['Gah', 'left', 'glass', 'work', 'reading', 'giving', 'headache', 'ca', ""n't"", 'believe', 'much', 'need', 'day', 'Old', 'age']"
14840,1964660672,anger,"And you could have it all, my empire of dirt! I'm in a&amp;e with dad I'm freezing fully shivering Every1 else is warm  no fones allowed ffs!","['could', 'empire', 'dirt', ""'m"", 'amp', 'e', 'dad', ""'m"", 'freezing', 'fully', 'shivering', 'Every1', 'else', 'warm', 'fones', 'allowed', 'ffs']"
15187,1964763838,anger,@porcelain_baby @Christomopher your not talking about your obsession with me right???,"['porcelain_baby', 'Christomopher', 'talking', 'obsession', 'right']"
15375,1964826940,anger,@JennyTaylor94  yer it is...poor little cock  but she well doesnt deserve the stick off everyone! cowell once again going against producer,"['JennyTaylor94', 'yer', '...', 'poor', 'little', 'cock', 'well', 'doesnt', 'deserve', 'stick', 'everyone', 'cowell', 'going', 'producer']"
15506,1964864746,anger,"Had a shower. it's 5:55 PM. Triple 5's! Crap, it just turned 5:56","['shower', ""'s"", '5:55', 'PM', 'Triple', ""'s"", 'Crap', 'turned', '5:56']"
16034,1965098072,anger,@ACMcWhale I always feel guilty about it,"['ACMcWhale', 'always', 'feel', 'guilty']"
16578,1965390275,anger,seriously why did mum make me eat yeah i have a weird eating habit of not eating all day but really,"['seriously', 'mum', 'make', 'eat', 'yeah', 'weird', 'eating', 'habit', 'eating', 'day', 'really']"
16612,1965401110,anger,"@natss91 kill me as soon as you get here ,ok? my sister is having a sleepover tonight  and her obnoxious friends are driving me insane","['natss91', 'kill', 'soon', 'get', 'ok', 'sister', 'sleepover', 'tonight', 'obnoxious', 'friend', 'driving', 'insane']"
16615,1965401596,anger,rught brb on me ipod. if i randomly go off its cos me internet breaks,"['rught', 'brb', 'ipod', 'randomly', 'go', 'co', 'internet', 'break']"
17022,1965504514,anger,at famous dave's with my mom. so hungry.,"['famous', 'dave', ""'s"", 'mom', 'hungry']"
17123,1965534896,anger,"@maddsie Thanks, none close to me.","['maddsie', 'Thanks', 'none', 'close']"
17243,1965570494,anger,I am beginning to think sun blcok is a haox.,"['beginning', 'think', 'sun', 'blcok', 'haox']"
17480,1965673873,anger,Just found out my parents are putting down my dog tomorrow morning. Upset,"['found', 'parent', 'putting', 'dog', 'tomorrow', 'morning', 'Upset']"
17521,1965686021,anger,Apperently ea knows my copy of the sims 3 is not legit and is upset,"['Apperently', 'ea', 'know', 'copy', 'sims', 'legit', 'upset']"
17771,1965796099,anger,FUCK. slept in,"['FUCK', 'slept']"
17829,1965814223,anger,"my sisters fucking pc, just blued screened me","['sister', 'fucking', 'pc', 'blued', 'screened']"
18522,1965988154,anger,"@PENLDN just got in, gonna go upto bed in a sec, not drunk! I'm disgusted with myself  haha","['PENLDN', 'got', 'gon', 'na', 'go', 'upto', 'bed', 'sec', 'drunk', ""'m"", 'disgusted', 'haha']"
18851,1966093934,anger,too sick for rigging tomorrow.,"['sick', 'rigging', 'tomorrow']"
19224,1966206110,anger,UUUUUGH!!! I HATE I MISSED @WAYNEDASTAR INTERVIEW!!! I WASNT AT HOME!!! DARN!!!,"['UUUUUGH', 'HATE', 'MISSED', 'WAYNEDASTAR', 'INTERVIEW', 'WASNT', 'HOME', 'DARN']"
19480,1966273796,anger,Sitting in traffic while my car gets rained on. Just washed it on Sunday. Doesn't the weather know this is California?,"['Sitting', 'traffic', 'car', 'get', 'rained', 'washed', 'Sunday', ""n't"", 'weather', 'know', 'California']"
20531,1694054375,anger,finally home for once after a dope ass week,"['finally', 'home', 'dope', 'as', 'week']"
20734,1694092204,anger,@eminem http://twitpic.com/4j585 - Guess I need to get me an iPhone now for sure!!!  It looks bad ass!!,"['eminem', 'http', '//twitpic.com/4j585', 'Guess', 'need', 'get', 'iPhone', 'sure', 'look', 'bad', 'as']"
22174,1694381799,anger,@paulmoxham everything is your fault moxy...everything.   x,"['paulmoxham', 'everything', 'fault', 'moxy', '...', 'everything', 'x']"
22194,1694382457,anger,finally getting sleepy right when the sky brightens ... figures! G'nimorning,"['finally', 'getting', 'sleepy', 'right', 'sky', 'brightens', '...', 'figure', ""G'nimorning""]"
23045,1694549479,anger,is downloading new fonts . again  http://plurk.com/p/rplkr,"['downloading', 'new', 'font', 'http', '//plurk.com/p/rplkr']"
23140,1694567570,anger,"So, what's so great bout your so called 'wonderful love life'?  For god sake, W-A-T-E-V-A!","[""'s"", 'great', 'bout', 'called', ""'wonderful"", 'love', 'life', 'god', 'sake', 'W-A-T-E-V-A']"
23830,1694705758,anger,@stevebiddle I used to be - but that was a while ago now - your argument is pretty sound for a trolley pusher,"['stevebiddle', 'used', 'ago', 'argument', 'pretty', 'sound', 'trolley', 'pusher']"
24270,1694792786,anger,Monday...Funday!  Wake up people...and keep me awake please   Today is going to be a long one..I can already feel it. Eww,"['Monday', '...', 'Funday', 'Wake', 'people', '...', 'keep', 'awake', 'please', 'Today', 'going', 'long', 'one', '..', 'already', 'feel', 'Eww']"
24321,1694813071,anger,"@taylorswift13 Hello, yourself. Enjoy London. Watch out for the Hackneys. They're mental.","['taylorswift13', 'Hello', 'Enjoy', 'London', 'Watch', 'Hackneys', ""'re"", 'mental']"
24681,1694904010,anger,@iaindodsworth Told you that when you got rid of the last one. Did you listen,"['iaindodsworth', 'Told', 'got', 'rid', 'last', 'one', 'listen']"
24880,1694952651,anger,"wakey wakey lemon shakeyyyy!  haha, goin' 2 schooliooo!  it's raining!! (ugh!) guess where I WISH I CAN BE RIGHT NOW....CaLiFoRNiA! ???","['wakey', 'wakey', 'lemon', 'shakeyyyy', 'haha', 'goin', 'schooliooo', ""'s"", 'raining', 'ugh', 'guess', 'WISH', 'RIGHT', '....', 'CaLiFoRNiA']"
25055,1695001346,anger,"@olafsearson Lol - I could try!  Seriously tho, dont do all of it! That sucks! xx","['olafsearson', 'Lol', 'could', 'try', 'Seriously', 'tho', 'dont', 'suck', 'xx']"
27174,1695692014,anger,@taylorswift13 jet lag must be soo annoyingg! im in uk timee  welcome to ukkkkk  are u coming to scotland at all  ? xxxx,"['taylorswift13', 'jet', 'lag', 'must', 'soo', 'annoyingg', 'im', 'uk', 'timee', 'welcome', 'ukkkkk', 'u', 'coming', 'scotland', 'xxxx']"
27246,1695694539,anger,knows its all going to sort itself out,"['know', 'going', 'sort']"
29917,1751396136,anger,omg! goooood ass nappy nap  jusss woke up bout 2 clean up a lil then get ready,"['omg', 'goooood', 'as', 'nappy', 'nap', 'jusss', 'woke', 'bout', 'clean', 'lil', 'get', 'ready']"
29925,1751396401,anger,@rockchick0125 yup!  Now I can join in on the nin access fun!,"['rockchick0125', 'yup', 'join', 'nin', 'access', 'fun']"
32244,1752226787,anger,@Buddy021193 i hear you.. it pisses me off haha,"['Buddy021193', 'hear', '..', 'piss', 'haha']"
32290,1752255734,anger,@PirateTimmy hopefully it don't go that far  sometimes I feel like renouncing my roots,"['PirateTimmy', 'hopefully', ""n't"", 'go', 'far', 'sometimes', 'feel', 'like', 'renouncing', 'root']"
32501,1752321162,anger,"had a kickass day full of Seaworld, retarded 15 year old guys, and X-Men Origins. Win day?","['kickass', 'day', 'full', 'Seaworld', 'retarded', '15', 'year', 'old', 'guy', 'X-Men', 'Origins', 'Win', 'day']"
32920,1752444806,anger,OIL IS CHANGED!  And I am filthy.    But it's an accomplished filthy.,"['OIL', 'CHANGED', 'filthy', ""'s"", 'accomplished', 'filthy']"
33361,1752591272,anger,@roberto121 that's some serious shit steve. why didn't you send me pictures or call me!! You know i love a good yard sale.,"['roberto121', ""'s"", 'serious', 'shit', 'steve', ""n't"", 'send', 'picture', 'call', 'know', 'love', 'good', 'yard', 'sale']"
34095,1752775153,anger,@brainofdane DUDE.  You're a hax0r!!!1!  You should put Final Cut Pro on there and tell me how stable it is,"['brainofdane', 'DUDE', ""'re"", 'hax0r', 'put', 'Final', 'Cut', 'Pro', 'tell', 'stable']"
34236,1752822438,anger,Just sittin here waitin for my coffee to be full grown on farm town before going to bed,"['sittin', 'waitin', 'coffee', 'full', 'grown', 'farm', 'town', 'going', 'bed']"
34762,1752943449,anger,my gawwddd ! 6 headshotss inna row? im on fyaaahhh!,"['gawwddd', 'headshotss', 'inna', 'row', 'im', 'fyaaahhh']"
35160,1753032343,anger,I'm way to sleepy.. Ill watch my shows lata..Good nite twit-fam!.. God bless!..XoXo,"[""'m"", 'way', 'sleepy', '..', 'Ill', 'watch', 'show', 'lata', '..', 'Good', 'nite', 'twit-fam', '..', 'God', 'bless', '..', 'XoXo']"
35913,1753199183,anger,@NerdIndian Take that back. I am insulted.,"['NerdIndian', 'Take', 'back', 'insulted']"
36211,1753257239,anger,@anieszkaa haha i did a ltiitle bit yesterday and ive been out all day  so i think ima chick an allnighter  hahaha NOT COOL,"['anieszkaa', 'haha', 'ltiitle', 'bit', 'yesterday', 'ive', 'day', 'think', 'ima', 'chick', 'allnighter', 'hahaha', 'COOL']"
39222,1753787973,anger,@johncmayer you are one of my favorite musicians/artists ever!! Please keep up the great work John,"['johncmayer', 'one', 'favorite', 'musicians/artists', 'ever', 'Please', 'keep', 'great', 'work', 'John']"
